
  EPA STORM WATER MANAGEMENT MODEL - VERSION 5.2 (Build 5.2.4)
  PYSWMM TOOLKIT API - VERSION v1.0 (2026-02-26)
  ------------------------------------------------------------

  
  ****************
  Analysis Options
  ****************
  Flow Units ............... CMS
  Process Models:
    Rainfall/Runoff ........ NO
    RDII ................... NO
    Snowmelt ............... NO
    Groundwater ............ NO
    Flow Routing ........... YES
    Ponding Allowed ........ NO
    Water Quality .......... NO
  Flow Routing Method ...... DYNWAVE
  Surcharge Method ......... SLOT
  Starting Date ............ 07/01/2026 00:00:00
  Ending Date .............. 07/01/2026 06:00:00
  Antecedent Dry Days ...... 0.0
  Report Time Step ......... 00:15:00
  Routing Time Step ........ 30.00 sec
  Variable Time Step ....... YES
  Maximum Trials ........... 100
  Number of Threads ........ 1
  Head Tolerance ........... 0.005000 m
  
  
  **************************        Volume        Volume
  Flow Routing Continuity        hectare-m      10^6 ltr
  **************************     ---------     ---------
  Dry Weather Inflow .......         0.230         2.303
  Wet Weather Inflow .......         0.000         0.000
  Groundwater Inflow .......         0.000         0.000
  RDII Inflow ..............         0.000         0.000
  External Inflow ..........         0.000         0.000
  External Outflow .........         0.058         0.579
  Flooding Loss ............         0.000         0.000
  Evaporation Loss .........         0.000         0.000
  Exfiltration Loss ........         0.000         0.000
  Initial Stored Volume ....         0.000         0.000
  Final Stored Volume ......         0.173         1.729
  Continuity Error (%) .....        -0.250
  
  
  *************************
  Highest Continuity Errors
  *************************
  Node SJ0820 (100.00%)
  Node SJ0105 (97.58%)
  Node SJ0151 (97.25%)
  Node SJ0262 (92.70%)
  Node SJ0617 (89.89%)
  
  
  ***************************
  Time-Step Critical Elements
  ***************************
  Link SC1238 (65.37%)
  Link SC0049 (30.58%)
  Link SC0274 (1.98%)
  Link SC0216 (1.59%)
  
  
  ********************************
  Highest Flow Instability Indexes
  ********************************
  Link SC0986 (2)
  
  
  *********************************
  Most Frequent Nonconverging Nodes
  *********************************
  Convergence obtained at all time steps.
  
  
  *************************
  Routing Time Step Summary
  *************************
  Minimum Time Step           :     0.10 sec
  Average Time Step           :     2.59 sec
  Maximum Time Step           :    30.00 sec
  % of Time in Steady State   :     0.00
  Average Iterations per Step :     2.00
  % of Steps Not Converging   :     0.00
  Time Step Frequencies       :
     30.000 -  9.587 sec      :     0.05 %
      9.587 -  3.064 sec      :    36.49 %
      3.064 -  0.979 sec      :    63.45 %
      0.979 -  0.313 sec      :     0.00 %
      0.313 -  0.100 sec      :     0.01 %
  
  
  ******************
  Node Depth Summary
  ******************
  
  ---------------------------------------------------------------------------------
                                 Average  Maximum  Maximum  Time of Max    Reported
                                   Depth    Depth      HGL   Occurrence   Max Depth
  Node                 Type       Meters   Meters   Meters  days hr:min      Meters
  ---------------------------------------------------------------------------------
  SJ0001               JUNCTION     0.07     0.08   206.93     0  06:00        0.08
  SJ0002               JUNCTION     0.13     0.21   205.93     0  06:00        0.21
  SJ0003               JUNCTION     0.05     0.05   216.05     0  06:00        0.05
  SJ0004               JUNCTION     0.05     0.05   214.80     0  06:00        0.05
  SJ0005               JUNCTION     0.01     0.01   232.77     0  00:11        0.01
  SJ0006               JUNCTION     0.03     0.03   232.43     0  06:00        0.03
  SJ0007               JUNCTION     0.02     0.02   221.96     0  06:00        0.02
  SJ0008               JUNCTION     0.02     0.03   221.11     0  05:53        0.03
  SJ0009               JUNCTION     0.03     0.03   213.87     0  05:52        0.03
  SJ0010               JUNCTION     0.03     0.03   213.48     0  04:48        0.03
  SJ0011               JUNCTION     0.03     0.03   220.38     0  05:55        0.03
  SJ0012               JUNCTION     0.03     0.04   205.66     0  06:00        0.04
  SJ0013               JUNCTION     0.04     0.05   205.66     0  06:00        0.05
  SJ0014               JUNCTION     0.01     0.01   222.37     0  00:06        0.01
  SJ0015               JUNCTION     0.01     0.01   221.85     0  03:07        0.01
  SJ0016               JUNCTION     0.01     0.01   205.78     0  06:00        0.01
  SJ0017               JUNCTION     0.01     0.01   205.75     0  06:00        0.01
  SJ0018               JUNCTION     0.01     0.01   224.29     0  06:00        0.01
  SJ0019               JUNCTION     0.01     0.01   219.49     0  06:00        0.01
  SJ0020               JUNCTION     0.01     0.01   237.51     0  02:20        0.01
  SJ0021               JUNCTION     0.01     0.01   235.04     0  02:45        0.01
  SJ0022               JUNCTION     0.01     0.01   216.34     0  06:00        0.01
  SJ0023               JUNCTION     0.02     0.03   214.14     0  02:20        0.03
  SJ0024               JUNCTION     0.03     0.04   206.63     0  06:00        0.04
  SJ0025               JUNCTION     0.04     0.05   206.61     0  06:00        0.05
  SJ0026               JUNCTION     0.01     0.01   227.63     0  03:01        0.01
  SJ0027               JUNCTION     0.02     0.02   226.62     0  05:53        0.02
  SJ0028               JUNCTION     0.05     0.10   205.64     0  06:00        0.10
  SJ0029               JUNCTION     0.07     0.12   205.64     0  06:00        0.12
  SJ0030               JUNCTION     0.04     0.04   222.34     0  01:39        0.04
  SJ0031               JUNCTION     0.07     0.07   221.81     0  06:00        0.07
  SJ0032               JUNCTION     0.14     0.21   206.45     0  05:25        0.21
  SJ0033               JUNCTION     0.16     0.23   206.45     0  05:25        0.23
  SJ0034               JUNCTION     0.02     0.05   205.75     0  06:00        0.05
  SJ0035               JUNCTION     0.02     0.04   205.72     0  06:00        0.04
  SJ0036               JUNCTION     0.04     0.04   219.13     0  06:00        0.04
  SJ0037               JUNCTION     0.02     0.02   219.08     0  06:00        0.02
  SJ0038               JUNCTION     0.02     0.02   209.20     0  06:00        0.02
  SJ0039               JUNCTION     0.03     0.04   206.90     0  03:42        0.04
  SJ0040               JUNCTION     0.03     0.04   205.61     0  01:12        0.04
  SJ0041               JUNCTION     0.06     0.10   205.61     0  06:00        0.10
  SJ0042               JUNCTION     0.01     0.01   211.88     0  00:20        0.01
  SJ0043               JUNCTION     0.02     0.02   211.08     0  02:48        0.02
  SJ0044               JUNCTION     0.01     0.01   222.15     0  00:20        0.01
  SJ0045               JUNCTION     0.01     0.01   219.20     0  05:29        0.01
  SJ0046               JUNCTION     0.02     0.02   227.15     0  00:28        0.02
  SJ0047               JUNCTION     0.03     0.03   226.41     0  06:00        0.03
  SJ0048               JUNCTION     0.03     0.03   226.68     0  00:17        0.03
  SJ0049               JUNCTION     0.02     0.02   226.66     0  01:17        0.02
  SJ0050               JUNCTION     0.11     0.21   205.81     0  05:59        0.21
  SJ0051               JUNCTION     0.13     0.22   205.81     0  06:00        0.22
  SJ0052               JUNCTION     0.08     0.16   205.97     0  06:00        0.16
  SJ0053               JUNCTION     0.08     0.16   205.96     0  06:00        0.16
  SJ0054               JUNCTION     0.02     0.02   235.18     0  05:52        0.02
  SJ0055               JUNCTION     0.02     0.02   234.49     0  05:46        0.02
  SJ0056               JUNCTION     0.03     0.04   228.34     0  06:00        0.04
  SJ0057               JUNCTION     0.03     0.04   226.77     0  06:00        0.04
  SJ0058               JUNCTION     0.04     0.06   206.61     0  06:00        0.06
  SJ0059               JUNCTION     0.05     0.06   206.60     0  06:00        0.06
  SJ0060               JUNCTION     0.02     0.02   215.08     0  00:36        0.02
  SJ0061               JUNCTION     0.03     0.04   215.08     0  06:00        0.04
  SJ0062               JUNCTION     0.13     0.21   205.87     0  06:00        0.21
  SJ0063               JUNCTION     0.14     0.22   205.86     0  06:00        0.22
  SJ0064               JUNCTION     0.02     0.03   206.63     0  06:00        0.03
  SJ0065               JUNCTION     0.03     0.04   225.06     0  02:15        0.04
  SJ0066               JUNCTION     0.04     0.04   224.31     0  02:17        0.04
  SJ0067               JUNCTION     0.05     0.05   220.38     0  06:00        0.05
  SJ0068               JUNCTION     0.05     0.06   220.37     0  06:00        0.06
  SJ0069               JUNCTION     0.05     0.05   218.85     0  06:00        0.05
  SJ0070               JUNCTION     0.05     0.05   216.78     0  06:00        0.05
  SJ0071               JUNCTION     0.03     0.04   205.65     0  06:00        0.04
  SJ0072               JUNCTION     0.04     0.05   205.65     0  06:00        0.05
  SJ0073               JUNCTION     0.03     0.03   226.50     0  00:15        0.03
  SJ0074               JUNCTION     0.03     0.03   226.49     0  06:00        0.03
  SJ0075               JUNCTION     0.15     0.25   205.82     0  06:00        0.25
  SJ0076               JUNCTION     0.16     0.26   205.82     0  06:00        0.26
  SJ0077               JUNCTION     0.04     0.04   233.17     0  06:00        0.04
  SJ0078               JUNCTION     0.06     0.07   232.68     0  06:00        0.07
  SJ0079               JUNCTION     0.02     0.02   209.81     0  02:14        0.02
  SJ0080               JUNCTION     0.02     0.02   209.22     0  06:00        0.02
  SJ0081               JUNCTION     0.06     0.07   207.96     0  06:00        0.07
  SJ0082               JUNCTION     0.06     0.07   207.66     0  06:00        0.07
  SJ0083               JUNCTION     0.01     0.02   212.64     0  02:16        0.02
  SJ0084               JUNCTION     0.03     0.03   211.22     0  02:39        0.03
  SJ0085               JUNCTION     0.02     0.03   220.92     0  01:03        0.03
  SJ0086               JUNCTION     0.02     0.03   220.89     0  06:00        0.03
  SJ0087               JUNCTION     0.03     0.03   208.77     0  00:39        0.03
  SJ0088               JUNCTION     0.02     0.02   208.71     0  01:03        0.02
  SJ0089               JUNCTION     0.03     0.04   246.39     0  00:27        0.04
  SJ0090               JUNCTION     0.01     0.01   246.35     0  06:00        0.01
  SJ0091               JUNCTION     0.03     0.04   205.62     0  06:00        0.04
  SJ0092               JUNCTION     0.05     0.07   205.62     0  06:00        0.07
  SJ0093               JUNCTION     0.06     0.07   212.67     0  06:00        0.07
  SJ0094               JUNCTION     0.06     0.07   212.00     0  06:00        0.07
  SJ0095               JUNCTION     0.01     0.03   205.68     0  06:00        0.03
  SJ0096               JUNCTION     0.04     0.06   205.68     0  06:00        0.06
  SJ0097               JUNCTION     0.02     0.02   206.26     0  02:41        0.02
  SJ0098               JUNCTION     0.13     0.20   205.86     0  06:00        0.20
  SJ0099               JUNCTION     0.06     0.08   206.84     0  06:00        0.08
  SJ0100               JUNCTION     0.06     0.07   206.82     0  06:00        0.07
  SJ0101               JUNCTION     0.01     0.02   212.25     0  05:39        0.02
  SJ0102               JUNCTION     0.01     0.02   212.15     0  06:00        0.02
  SJ0103               JUNCTION     0.04     0.04   226.65     0  05:49        0.04
  SJ0104               JUNCTION     0.04     0.09   205.50     0  06:00        0.09
  SJ0105               JUNCTION     0.06     0.12   205.50     0  06:00        0.12
  SJ0106               JUNCTION     0.04     0.04   226.44     0  06:00        0.04
  SJ0107               JUNCTION     0.03     0.08   205.57     0  06:00        0.08
  SJ0108               JUNCTION     0.04     0.08   205.52     0  06:00        0.08
  SJ0109               JUNCTION     0.02     0.02   226.63     0  01:22        0.02
  SJ0110               JUNCTION     0.02     0.02   241.08     0  02:56        0.02
  SJ0111               JUNCTION     0.02     0.02   239.41     0  03:17        0.02
  SJ0112               JUNCTION     0.01     0.01   235.90     0  01:09        0.01
  SJ0113               JUNCTION     0.02     0.02   234.83     0  03:03        0.02
  SJ0114               JUNCTION     0.01     0.01   236.10     0  06:00        0.01
  SJ0115               JUNCTION     0.03     0.03   234.90     0  06:00        0.03
  SJ0116               JUNCTION     0.01     0.01   213.23     0  06:00        0.01
  SJ0117               JUNCTION     0.01     0.01   212.60     0  06:00        0.01
  SJ0118               JUNCTION     0.03     0.03   236.51     0  00:12        0.03
  SJ0119               JUNCTION     0.03     0.03   236.50     0  03:17        0.03
  SJ0120               JUNCTION     0.03     0.04   211.86     0  06:00        0.04
  SJ0121               JUNCTION     0.03     0.04   211.30     0  06:00        0.04
  SJ0122               JUNCTION     0.05     0.07   205.68     0  06:00        0.07
  SJ0123               JUNCTION     0.06     0.08   205.67     0  06:00        0.08
  SJ0124               JUNCTION     0.05     0.05   221.11     0  06:00        0.05
  SJ0125               JUNCTION     0.05     0.06   221.11     0  06:00        0.06
  SJ0126               JUNCTION     0.00     0.00   216.85     0  06:00        0.00
  SJ0127               JUNCTION     0.00     0.01   209.86     0  06:00        0.01
  SJ0128               JUNCTION     0.05     0.05   215.50     0  06:00        0.05
  SJ0129               JUNCTION     0.05     0.06   213.20     0  06:00        0.06
  SJ0130               JUNCTION     0.06     0.06   208.38     0  06:00        0.06
  SJ0131               JUNCTION     0.06     0.07   208.38     0  06:00        0.07
  SJ0132               JUNCTION     0.01     0.01   213.70     0  06:00        0.01
  SJ0133               JUNCTION     0.01     0.01   212.57     0  06:00        0.01
  SJ0134               JUNCTION     0.02     0.03   206.83     0  06:00        0.03
  SJ0135               JUNCTION     0.02     0.03   206.82     0  06:00        0.03
  SJ0136               JUNCTION     0.01     0.01   248.64     0  06:00        0.01
  SJ0137               JUNCTION     0.01     0.01   245.12     0  03:06        0.01
  SJ0138               JUNCTION     0.20     0.32   205.93     0  06:00        0.32
  SJ0139               JUNCTION     0.22     0.34   205.93     0  06:00        0.34
  SJ0140               JUNCTION     0.02     0.03   216.86     0  01:18        0.03
  SJ0141               JUNCTION     0.02     0.02   216.01     0  06:00        0.02
  SJ0142               JUNCTION     0.04     0.04   219.26     0  06:00        0.04
  SJ0143               JUNCTION     0.05     0.05   219.26     0  06:00        0.05
  SJ0144               JUNCTION     0.01     0.01   238.13     0  02:07        0.01
  SJ0145               JUNCTION     0.01     0.01   236.50     0  06:00        0.01
  SJ0146               JUNCTION     0.00     0.00   221.13     0  06:00        0.00
  SJ0147               JUNCTION     0.01     0.01   220.92     0  06:00        0.01
  SJ0148               JUNCTION     0.03     0.05   205.81     0  06:00        0.05
  SJ0149               JUNCTION     0.02     0.03   221.41     0  00:31        0.03
  SJ0150               JUNCTION     0.03     0.03   221.34     0  06:00        0.03
  SJ0151               JUNCTION     0.05     0.12   205.97     0  06:00        0.12
  SJ0152               JUNCTION     0.01     0.02   211.54     0  06:00        0.02
  SJ0153               JUNCTION     0.01     0.01   208.92     0  01:29        0.01
  SJ0154               JUNCTION     0.01     0.01   208.65     0  06:00        0.01
  SJ0155               JUNCTION     0.04     0.04   208.75     0  06:00        0.04
  SJ0156               JUNCTION     0.09     0.10   208.39     0  06:00        0.10
  SJ0157               JUNCTION     0.04     0.05   239.26     0  06:00        0.05
  SJ0158               JUNCTION     0.03     0.03   239.22     0  02:11        0.03
  SJ0159               JUNCTION     0.02     0.02   217.17     0  04:04        0.02
  SJ0160               JUNCTION     0.02     0.02   216.04     0  01:13        0.02
  SJ0161               JUNCTION     0.01     0.02   216.65     0  01:08        0.02
  SJ0162               JUNCTION     0.02     0.02   216.62     0  06:00        0.02
  SJ0163               JUNCTION     0.02     0.02   217.08     0  01:48        0.02
  SJ0164               JUNCTION     0.02     0.02   217.03     0  06:00        0.02
  SJ0165               JUNCTION     0.01     0.01   206.35     0  06:00        0.01
  SJ0166               JUNCTION     0.04     0.05   206.33     0  03:11        0.05
  SJ0167               JUNCTION     0.02     0.02   211.58     0  01:41        0.02
  SJ0168               JUNCTION     0.01     0.01   211.53     0  04:35        0.01
  SJ0169               JUNCTION     0.18     0.31   205.77     0  06:00        0.31
  SJ0170               JUNCTION     0.19     0.31   205.77     0  06:00        0.31
  SJ0171               JUNCTION     0.04     0.04   210.18     0  03:09        0.04
  SJ0172               JUNCTION     0.01     0.01   210.11     0  03:48        0.01
  SJ0173               JUNCTION     0.05     0.07   205.43     0  03:46        0.07
  SJ0174               JUNCTION     0.05     0.09   205.43     0  03:46        0.09
  SJ0175               JUNCTION     0.03     0.04   206.05     0  06:00        0.04
  SJ0176               JUNCTION     0.06     0.07   205.74     0  04:35        0.07
  SJ0177               JUNCTION     0.01     0.02   210.91     0  01:31        0.02
  SJ0178               JUNCTION     0.01     0.01   210.18     0  04:01        0.01
  SJ0179               JUNCTION     0.03     0.04   231.47     0  00:56        0.04
  SJ0180               JUNCTION     0.03     0.04   230.05     0  06:00        0.04
  SJ0181               JUNCTION     0.05     0.07   221.10     0  06:00        0.07
  SJ0182               JUNCTION     0.05     0.07   221.09     0  06:00        0.07
  SJ0183               JUNCTION     0.02     0.04   205.59     0  06:00        0.04
  SJ0184               JUNCTION     0.04     0.07   205.59     0  06:00        0.07
  SJ0185               JUNCTION     0.03     0.05   205.64     0  06:00        0.05
  SJ0186               JUNCTION     0.03     0.06   205.63     0  06:00        0.06
  SJ0187               JUNCTION     0.03     0.04   219.93     0  06:00        0.04
  SJ0188               JUNCTION     0.03     0.04   219.93     0  06:00        0.04
  SJ0189               JUNCTION     0.05     0.05   216.33     0  06:00        0.05
  SJ0190               JUNCTION     0.20     0.32   205.79     0  06:00        0.32
  SJ0191               JUNCTION     0.04     0.04   221.11     0  06:00        0.04
  SJ0192               JUNCTION     0.01     0.01   226.72     0  01:44        0.01
  SJ0193               JUNCTION     0.04     0.04   225.98     0  00:41        0.04
  SJ0194               JUNCTION     0.02     0.02   206.82     0  06:00        0.02
  SJ0195               JUNCTION     0.03     0.03   220.69     0  05:36        0.03
  SJ0196               JUNCTION     0.06     0.07   219.91     0  06:00        0.07
  SJ0197               JUNCTION     0.03     0.03   205.61     0  06:00        0.03
  SJ0198               JUNCTION     0.08     0.14   205.61     0  06:00        0.14
  SJ0199               JUNCTION     0.02     0.02   229.83     0  00:24        0.02
  SJ0200               JUNCTION     0.04     0.04   229.74     0  06:00        0.04
  SJ0201               JUNCTION     0.04     0.05   211.66     0  06:00        0.05
  SJ0202               JUNCTION     0.07     0.08   210.92     0  06:00        0.08
  SJ0203               JUNCTION     0.06     0.07   209.75     0  06:00        0.07
  SJ0204               JUNCTION     0.06     0.07   208.90     0  06:00        0.07
  SJ0205               JUNCTION     0.05     0.06   205.55     0  06:00        0.06
  SJ0206               JUNCTION     0.06     0.08   205.55     0  06:00        0.08
  SJ0207               JUNCTION     0.02     0.02   221.36     0  00:22        0.02
  SJ0208               JUNCTION     0.03     0.03   220.39     0  06:00        0.03
  SJ0209               JUNCTION     0.04     0.05   205.68     0  06:00        0.05
  SJ0210               JUNCTION     0.02     0.03   205.64     0  04:39        0.03
  SJ0211               JUNCTION     0.05     0.06   205.64     0  04:47        0.06
  SJ0212               JUNCTION     0.03     0.03   225.04     0  06:00        0.03
  SJ0213               JUNCTION     0.04     0.04   225.04     0  06:00        0.04
  SJ0214               JUNCTION     0.04     0.04   205.56     0  06:00        0.04
  SJ0215               JUNCTION     0.04     0.05   205.56     0  06:00        0.05
  SJ0216               JUNCTION     0.03     0.03   205.95     0  05:57        0.03
  SJ0217               JUNCTION     0.05     0.06   205.95     0  06:00        0.06
  SJ0218               JUNCTION     0.01     0.01   225.56     0  06:00        0.01
  SJ0219               JUNCTION     0.02     0.02   223.51     0  06:00        0.02
  SJ0220               JUNCTION     0.01     0.01   238.40     0  04:14        0.01
  SJ0221               JUNCTION     0.03     0.03   237.14     0  06:00        0.03
  SJ0222               JUNCTION     0.02     0.02   232.14     0  06:00        0.02
  SJ0223               JUNCTION     0.02     0.02   231.82     0  06:00        0.02
  SJ0224               JUNCTION     0.04     0.04   219.82     0  06:00        0.04
  SJ0225               JUNCTION     0.03     0.04   219.68     0  06:00        0.04
  SJ0226               JUNCTION     0.02     0.02   233.52     0  06:00        0.02
  SJ0227               JUNCTION     0.04     0.04   233.51     0  06:00        0.04
  SJ0228               JUNCTION     0.01     0.01   224.55     0  06:00        0.01
  SJ0229               JUNCTION     0.01     0.01   223.62     0  06:00        0.01
  SJ0230               JUNCTION     0.02     0.02   220.75     0  00:14        0.02
  SJ0231               JUNCTION     0.02     0.03   220.62     0  00:34        0.03
  SJ0232               JUNCTION     0.03     0.03   223.26     0  01:36        0.03
  SJ0233               JUNCTION     0.07     0.08   216.52     0  06:00        0.08
  SJ0234               JUNCTION     0.07     0.08   214.38     0  06:00        0.08
  SJ0235               JUNCTION     0.03     0.03   218.40     0  06:00        0.03
  SJ0236               JUNCTION     0.05     0.05   218.38     0  06:00        0.05
  SJ0237               JUNCTION     0.04     0.04   218.52     0  06:00        0.04
  SJ0238               JUNCTION     0.06     0.07   218.51     0  06:00        0.07
  SJ0239               JUNCTION     0.02     0.03   209.31     0  06:00        0.03
  SJ0240               JUNCTION     0.04     0.04   209.28     0  06:00        0.04
  SJ0241               JUNCTION     0.18     0.31   212.02     0  06:00        0.31
  SJ0243               JUNCTION     0.02     0.02   242.60     0  06:00        0.02
  SJ0244               JUNCTION     0.02     0.02   241.27     0  06:00        0.02
  SJ0245               JUNCTION     0.01     0.02   225.61     0  00:04        0.01
  SJ0246               JUNCTION     0.03     0.04   225.35     0  04:34        0.04
  SJ0247               JUNCTION     0.04     0.04   208.43     0  06:00        0.04
  SJ0248               JUNCTION     0.04     0.05   208.43     0  06:00        0.05
  SJ0249               JUNCTION     0.03     0.03   205.69     0  06:00        0.03
  SJ0250               JUNCTION     0.03     0.03   205.69     0  06:00        0.03
  SJ0251               JUNCTION     0.02     0.04   205.43     0  04:16        0.04
  SJ0252               JUNCTION     0.05     0.08   205.44     0  03:47        0.08
  SJ0253               JUNCTION     0.03     0.03   210.44     0  00:05        0.03
  SJ0254               JUNCTION     0.02     0.02   210.42     0  04:29        0.02
  SJ0255               JUNCTION     0.01     0.02   208.92     0  00:03        0.01
  SJ0256               JUNCTION     0.06     0.07   208.38     0  06:00        0.07
  SJ0257               JUNCTION     0.01     0.01   213.54     0  00:10        0.01
  SJ0258               JUNCTION     0.01     0.01   213.56     0  06:00        0.01
  SJ0259               JUNCTION     0.02     0.02   209.45     0  00:32        0.02
  SJ0260               JUNCTION     0.02     0.02   209.39     0  06:00        0.02
  SJ0261               JUNCTION     0.01     0.01   220.64     0  05:06        0.01
  SJ0262               JUNCTION     0.00     0.00   220.57     0  06:00        0.00
  SJ0263               JUNCTION     0.03     0.03   207.58     0  01:23        0.03
  SJ0264               JUNCTION     0.04     0.05   207.52     0  06:00        0.05
  SJ0265               JUNCTION     0.04     0.04   223.57     0  05:09        0.04
  SJ0266               JUNCTION     0.00     0.00   236.75     0  00:33        0.00
  SJ0267               JUNCTION     0.01     0.01   235.44     0  05:36        0.01
  SJ0268               JUNCTION     0.03     0.03   205.75     0  01:45        0.03
  SJ0269               JUNCTION     0.03     0.05   205.73     0  06:00        0.05
  SJ0270               JUNCTION     0.02     0.02   208.76     0  00:23        0.02
  SJ0271               JUNCTION     0.01     0.01   208.59     0  06:00        0.01
  SJ0272               JUNCTION     0.02     0.02   226.43     0  04:20        0.02
  SJ0273               JUNCTION     0.02     0.02   225.15     0  04:28        0.02
  SJ0274               JUNCTION     0.08     0.09   206.92     0  06:00        0.09
  SJ0275               JUNCTION     0.09     0.10   206.90     0  06:00        0.10
  SJ0276               JUNCTION     0.03     0.03   226.70     0  03:10        0.03
  SJ0277               JUNCTION     0.16     0.28   205.79     0  06:00        0.28
  SJ0278               JUNCTION     0.02     0.03   220.21     0  06:00        0.03
  SJ0279               JUNCTION     0.02     0.03   219.65     0  06:00        0.03
  SJ0280               JUNCTION     0.01     0.02   219.89     0  06:00        0.02
  SJ0281               JUNCTION     0.04     0.05   205.65     0  06:00        0.05
  SJ0282               JUNCTION     0.05     0.05   205.64     0  06:00        0.05
  SJ0283               JUNCTION     0.02     0.02   229.42     0  06:00        0.02
  SJ0284               JUNCTION     0.02     0.02   229.27     0  06:00        0.02
  SJ0285               JUNCTION     0.03     0.03   210.87     0  06:00        0.03
  SJ0286               JUNCTION     0.03     0.04   210.87     0  06:00        0.04
  SJ0287               JUNCTION     0.13     0.24   212.05     0  06:00        0.24
  SJ0288               JUNCTION     0.11     0.21   211.88     0  06:00        0.21
  SJ0289               JUNCTION     0.01     0.01   226.77     0  01:39        0.01
  SJ0290               JUNCTION     0.02     0.02   225.68     0  00:20        0.02
  SJ0291               JUNCTION     0.01     0.02   206.87     0  06:00        0.02
  SJ0292               JUNCTION     0.03     0.04   206.58     0  06:00        0.04
  SJ0293               JUNCTION     0.03     0.04   239.24     0  06:00        0.04
  SJ0294               JUNCTION     0.22     0.34   205.94     0  06:00        0.34
  SJ0295               JUNCTION     0.01     0.01   215.10     0  02:38        0.01
  SJ0296               JUNCTION     0.02     0.02   214.41     0  05:29        0.02
  SJ0297               JUNCTION     0.03     0.03   222.09     0  00:06        0.03
  SJ0298               JUNCTION     0.03     0.03   222.09     0  00:36        0.03
  SJ0299               JUNCTION     0.01     0.02   227.66     0  00:12        0.02
  SJ0300               JUNCTION     0.02     0.02   227.55     0  01:14        0.02
  SJ0301               JUNCTION     0.02     0.03   230.11     0  06:00        0.03
  SJ0302               JUNCTION     0.04     0.05   220.35     0  06:00        0.05
  SJ0303               JUNCTION     0.02     0.03   207.71     0  00:33        0.03
  SJ0304               JUNCTION     0.03     0.03   207.68     0  01:47        0.03
  SJ0305               JUNCTION     0.03     0.03   209.60     0  01:29        0.03
  SJ0306               JUNCTION     0.06     0.06   209.19     0  06:00        0.06
  SJ0307               JUNCTION     0.01     0.02   221.66     0  00:22        0.01
  SJ0308               JUNCTION     0.00     0.00   254.23     0  00:13        0.00
  SJ0309               JUNCTION     0.01     0.01   253.59     0  01:29        0.01
  SJ0310               JUNCTION     0.04     0.04   239.27     0  06:00        0.04
  SJ0311               JUNCTION     0.06     0.09   205.64     0  04:28        0.09
  SJ0312               JUNCTION     0.07     0.11   205.64     0  04:26        0.11
  SJ0313               JUNCTION     0.04     0.05   209.05     0  06:00        0.05
  SJ0314               JUNCTION     0.09     0.13   205.64     0  04:25        0.13
  SJ0316               JUNCTION     0.01     0.01   227.84     0  05:21        0.01
  SJ0317               JUNCTION     0.03     0.03   225.73     0  05:59        0.03
  SJ0318               JUNCTION     0.04     0.04   217.48     0  01:24        0.04
  SJ0319               JUNCTION     0.02     0.02   217.22     0  06:00        0.02
  SJ0320               JUNCTION     0.02     0.02   226.89     0  01:16        0.02
  SJ0322               JUNCTION     0.07     0.15   206.26     0  04:51        0.14
  SJ0323               JUNCTION     0.01     0.01   222.55     0  05:21        0.01
  SJ0324               JUNCTION     0.03     0.04   221.15     0  06:00        0.04
  SJ0325               JUNCTION     0.01     0.01   216.26     0  00:10        0.01
  SJ0326               JUNCTION     0.01     0.01   215.72     0  02:02        0.01
  SJ0327               JUNCTION     0.02     0.02   209.87     0  00:39        0.02
  SJ0328               JUNCTION     0.01     0.01   207.86     0  04:19        0.01
  SJ0329               JUNCTION     0.01     0.01   206.76     0  04:33        0.01
  SJ0330               JUNCTION     0.02     0.02   225.32     0  04:45        0.02
  SJ0331               JUNCTION     0.05     0.05   225.02     0  06:00        0.05
  SJ0332               JUNCTION     0.02     0.03   209.46     0  00:09        0.03
  SJ0333               JUNCTION     0.02     0.03   205.64     0  06:00        0.03
  SJ0334               JUNCTION     0.05     0.08   205.54     0  06:00        0.08
  SJ0335               JUNCTION     0.14     0.22   205.86     0  06:00        0.22
  SJ0336               JUNCTION     0.06     0.06   220.52     0  06:00        0.06
  SJ0338               JUNCTION     0.01     0.01   224.07     0  02:49        0.01
  SJ0339               JUNCTION     0.02     0.02   222.78     0  03:11        0.02
  SJ0340               JUNCTION     0.01     0.01   250.43     0  00:22        0.01
  SJ0341               JUNCTION     0.01     0.01   249.12     0  06:00        0.01
  SJ0342               JUNCTION     0.05     0.07   205.72     0  03:53        0.07
  SJ0343               JUNCTION     0.04     0.07   205.65     0  05:47        0.07
  SJ0345               JUNCTION     0.05     0.10   206.25     0  03:06        0.08
  SJ0346               JUNCTION     0.05     0.06   207.59     0  06:00        0.06
  SJ0347               JUNCTION     0.05     0.06   207.59     0  06:00        0.06
  SJ0348               JUNCTION     0.01     0.01   218.85     0  06:00        0.01
  SJ0349               JUNCTION     0.01     0.01   232.24     0  02:45        0.01
  SJ0350               JUNCTION     0.01     0.01   229.84     0  00:26        0.01
  SJ0351               JUNCTION     0.04     0.07   206.26     0  06:00        0.07
  SJ0353               JUNCTION     0.06     0.06   209.25     0  06:00        0.06
  SJ0354               JUNCTION     0.03     0.03   233.45     0  06:00        0.03
  SJ0355               JUNCTION     0.01     0.01   220.98     0  06:00        0.01
  SJ0356               JUNCTION     0.02     0.02   226.49     0  00:10        0.02
  SJ0357               JUNCTION     0.02     0.02   226.38     0  01:19        0.02
  SJ0358               JUNCTION     0.02     0.03   216.99     0  06:00        0.03
  SJ0359               JUNCTION     0.21     0.33   205.89     0  06:00        0.33
  SJ0360               JUNCTION     0.20     0.33   205.87     0  06:00        0.33
  SJ0361               JUNCTION     0.01     0.02   218.32     0  06:00        0.02
  SJ0362               JUNCTION     0.02     0.02   217.90     0  06:00        0.02
  SJ0363               JUNCTION     0.01     0.01   216.04     0  04:03        0.01
  SJ0364               JUNCTION     0.06     0.09   205.11     0  05:11        0.09
  SJ0365               JUNCTION     0.07     0.10   205.11     0  05:11        0.10
  SJ0366               JUNCTION     0.01     0.01   229.62     0  02:44        0.01
  SJ0367               JUNCTION     0.02     0.02   228.14     0  00:42        0.02
  SJ0368               JUNCTION     0.09     0.10   211.99     0  06:00        0.10
  SJ0369               JUNCTION     0.09     0.10   211.99     0  06:00        0.10
  SJ0370               JUNCTION     0.04     0.06   210.88     0  06:00        0.06
  SJ0371               JUNCTION     0.06     0.08   210.87     0  06:00        0.08
  SJ0372               JUNCTION     0.01     0.02   216.95     0  00:20        0.02
  SJ0373               JUNCTION     0.06     0.07   216.75     0  06:00        0.07
  SJ0374               JUNCTION     0.05     0.06   205.64     0  04:48        0.06
  SJ0375               JUNCTION     0.05     0.09   210.53     0  04:05        0.08
  SJ0377               JUNCTION     0.01     0.01   236.26     0  00:19        0.01
  SJ0378               JUNCTION     0.02     0.02   232.86     0  01:08        0.02
  SJ0379               JUNCTION     0.16     0.28   205.87     0  06:00        0.28
  SJ0380               JUNCTION     0.01     0.01   242.03     0  01:26        0.01
  SJ0381               JUNCTION     0.01     0.01   241.10     0  03:30        0.01
  SJ0382               JUNCTION     0.01     0.02   207.68     0  06:00        0.02
  SJ0383               JUNCTION     0.03     0.03   207.56     0  06:00        0.03
  SJ0384               JUNCTION     0.04     0.05   207.68     0  01:21        0.05
  SJ0385               JUNCTION     0.02     0.02   236.88     0  06:00        0.02
  SJ0386               JUNCTION     0.03     0.03   224.78     0  01:29        0.03
  SJ0387               JUNCTION     0.03     0.03   223.44     0  01:34        0.03
  SJ0388               JUNCTION     0.01     0.01   207.22     0  00:12        0.01
  SJ0389               JUNCTION     0.02     0.02   206.43     0  04:49        0.02
  SJ0390               JUNCTION     0.02     0.02   222.87     0  05:56        0.02
  SJ0391               JUNCTION     0.03     0.03   221.34     0  06:00        0.03
  SJ0392               JUNCTION     0.08     0.11   210.84     0  06:00        0.11
  SJ0393               JUNCTION     0.08     0.11   210.82     0  06:00        0.11
  SJ0394               JUNCTION     0.03     0.03   231.96     0  04:20        0.03
  SJ0395               JUNCTION     0.10     0.15   206.61     0  06:00        0.15
  SJ0396               JUNCTION     0.20     0.27   206.61     0  06:00        0.27
  SJ0397               JUNCTION     0.02     0.02   240.87     0  06:00        0.02
  SJ0398               JUNCTION     0.09     0.15   205.61     0  06:00        0.15
  SJ0399               JUNCTION     0.12     0.19   205.61     0  06:00        0.19
  SJ0400               JUNCTION     0.03     0.03   219.11     0  06:00        0.03
  SJ0401               JUNCTION     0.04     0.04   217.79     0  06:00        0.04
  SJ0402               JUNCTION     0.02     0.02   219.91     0  06:00        0.02
  SJ0403               JUNCTION     0.02     0.02   215.76     0  06:00        0.02
  SJ0404               JUNCTION     0.04     0.04   240.96     0  06:00        0.04
  SJ0405               JUNCTION     0.04     0.05   240.95     0  06:00        0.05
  SJ0406               JUNCTION     0.01     0.01   209.77     0  00:13        0.01
  SJ0407               JUNCTION     0.03     0.04   209.06     0  06:00        0.04
  SJ0408               JUNCTION     0.03     0.04   205.66     0  03:03        0.04
  SJ0409               JUNCTION     0.02     0.02   205.58     0  01:14        0.02
  SJ0410               JUNCTION     0.02     0.02   205.54     0  06:00        0.02
  SJ0411               JUNCTION     0.02     0.02   205.64     0  06:00        0.02
  SJ0412               JUNCTION     0.02     0.02   226.69     0  00:08        0.02
  SJ0413               JUNCTION     0.10     0.17   205.61     0  06:00        0.17
  SJ0414               JUNCTION     0.12     0.19   205.60     0  06:00        0.19
  SJ0415               JUNCTION     0.05     0.05   208.39     0  06:00        0.05
  SJ0416               JUNCTION     0.07     0.08   208.38     0  06:00        0.08
  SJ0417               JUNCTION     0.01     0.02   209.16     0  00:16        0.02
  SJ0418               JUNCTION     0.02     0.02   208.88     0  04:00        0.02
  SJ0419               JUNCTION     0.03     0.03   226.67     0  05:33        0.03
  SJ0420               JUNCTION     0.05     0.09   205.50     0  06:00        0.09
  SJ0421               JUNCTION     0.05     0.10   205.50     0  06:00        0.10
  SJ0422               JUNCTION     0.02     0.02   230.74     0  06:00        0.02
  SJ0423               JUNCTION     0.02     0.03   230.13     0  06:00        0.03
  SJ0424               JUNCTION     0.03     0.03   226.04     0  06:00        0.03
  SJ0425               JUNCTION     0.03     0.03   224.68     0  06:00        0.03
  SJ0426               JUNCTION     0.08     0.10   210.85     0  06:00        0.10
  SJ0427               JUNCTION     0.07     0.14   210.80     0  03:06        0.12
  SJ0428               JUNCTION     0.08     0.15   210.80     0  03:06        0.13
  SJ0429               JUNCTION     0.01     0.01   221.64     0  00:32        0.01
  SJ0430               JUNCTION     0.05     0.08   221.06     0  06:00        0.08
  SJ0431               JUNCTION     0.02     0.02   212.72     0  06:00        0.02
  SJ0432               JUNCTION     0.06     0.09   210.87     0  06:00        0.09
  SJ0433               JUNCTION     0.06     0.07   209.22     0  06:00        0.07
  SJ0434               JUNCTION     0.06     0.06   231.52     0  06:00        0.06
  SJ0435               JUNCTION     0.06     0.07   231.52     0  06:00        0.07
  SJ0436               JUNCTION     0.03     0.04   233.01     0  00:39        0.04
  SJ0437               JUNCTION     0.02     0.02   250.45     0  00:09        0.02
  SJ0438               JUNCTION     0.02     0.02   214.11     0  06:00        0.02
  SJ0439               JUNCTION     0.03     0.04   212.92     0  06:00        0.04
  SJ0440               JUNCTION     0.06     0.07   209.02     0  06:00        0.07
  SJ0441               JUNCTION     0.07     0.08   209.00     0  06:00        0.08
  SJ0442               JUNCTION     0.03     0.03   226.36     0  05:56        0.03
  SJ0443               JUNCTION     0.03     0.03   225.65     0  06:00        0.03
  SJ0444               JUNCTION     0.02     0.02   221.92     0  00:15        0.02
  SJ0445               JUNCTION     0.01     0.01   219.73     0  06:00        0.01
  SJ0446               JUNCTION     0.01     0.01   209.32     0  06:00        0.01
  SJ0447               JUNCTION     0.02     0.02   209.32     0  06:00        0.02
  SJ0448               JUNCTION     0.10     0.17   205.63     0  06:00        0.17
  SJ0449               JUNCTION     0.11     0.18   205.62     0  06:00        0.18
  SJ0450               JUNCTION     0.02     0.02   215.69     0  06:00        0.02
  SJ0451               JUNCTION     0.03     0.03   215.45     0  06:00        0.03
  SJ0452               JUNCTION     0.04     0.05   205.64     0  06:00        0.05
  SJ0453               JUNCTION     0.05     0.06   205.64     0  06:00        0.06
  SJ0454               JUNCTION     0.02     0.03   206.63     0  06:00        0.03
  SJ0455               JUNCTION     0.03     0.03   206.63     0  06:00        0.03
  SJ0456               JUNCTION     0.01     0.01   223.69     0  05:00        0.01
  SJ0457               JUNCTION     0.03     0.04   221.13     0  06:00        0.04
  SJ0458               JUNCTION     0.03     0.03   207.64     0  00:50        0.03
  SJ0459               JUNCTION     0.04     0.04   207.60     0  06:00        0.04
  SJ0460               JUNCTION     0.07     0.09   210.86     0  06:00        0.09
  SJ0461               JUNCTION     0.03     0.03   215.21     0  06:00        0.03
  SJ0462               JUNCTION     0.01     0.01   213.85     0  00:26        0.01
  SJ0463               JUNCTION     0.04     0.05   209.07     0  06:00        0.05
  SJ0464               JUNCTION     0.05     0.06   208.29     0  06:00        0.06
  SJ0465               JUNCTION     0.01     0.02   232.79     0  00:20        0.02
  SJ0466               JUNCTION     0.01     0.02   232.51     0  06:00        0.02
  SJ0467               JUNCTION     0.07     0.08   213.34     0  06:00        0.08
  SJ0468               JUNCTION     0.01     0.01   206.93     0  00:27        0.01
  SJ0469               JUNCTION     0.13     0.24   205.85     0  06:00        0.24
  SJ0470               JUNCTION     0.07     0.07   222.01     0  06:00        0.07
  SJ0471               JUNCTION     0.04     0.04   222.94     0  04:22        0.04
  SJ0472               JUNCTION     0.04     0.04   222.59     0  04:15        0.04
  SJ0473               JUNCTION     0.01     0.01   207.71     0  00:08        0.01
  SJ0474               JUNCTION     0.02     0.03   206.80     0  06:00        0.03
  SJ0475               JUNCTION     0.03     0.03   227.54     0  00:16        0.03
  SJ0476               JUNCTION     0.02     0.02   227.52     0  06:00        0.02
  SJ0479               JUNCTION     0.01     0.01   223.89     0  00:09        0.01
  SJ0480               JUNCTION     0.01     0.02   205.72     0  01:28        0.02
  SJ0481               JUNCTION     0.07     0.12   205.61     0  06:00        0.12
  SJ0482               JUNCTION     0.08     0.13   205.61     0  06:00        0.13
  SJ0483               JUNCTION     0.03     0.05   205.43     0  03:48        0.05
  SJ0484               JUNCTION     0.06     0.10   205.43     0  03:41        0.10
  SJ0485               JUNCTION     0.02     0.02   209.13     0  00:52        0.02
  SJ0487               JUNCTION     0.07     0.12   205.61     0  06:00        0.12
  SJ0488               JUNCTION     0.01     0.01   207.87     0  02:11        0.01
  SJ0489               JUNCTION     0.11     0.13   206.56     0  06:00        0.13
  SJ0490               JUNCTION     0.01     0.01   235.21     0  06:00        0.01
  SJ0491               JUNCTION     0.04     0.08   205.51     0  06:00        0.08
  SJ0492               JUNCTION     0.02     0.02   205.73     0  03:01        0.02
  SJ0493               JUNCTION     0.05     0.06   220.37     0  06:00        0.06
  SJ0494               JUNCTION     0.01     0.02   205.75     0  06:00        0.02
  SJ0495               JUNCTION     0.07     0.08   217.81     0  06:00        0.08
  SJ0496               JUNCTION     0.03     0.03   231.85     0  01:24        0.03
  SJ0497               JUNCTION     0.03     0.03   206.61     0  06:00        0.03
  SJ0498               JUNCTION     0.01     0.01   212.35     0  00:07        0.01
  SJ0499               JUNCTION     0.03     0.04   205.64     0  04:32        0.04
  SJ0500               JUNCTION     0.08     0.09   231.28     0  05:22        0.09
  SJ0501               JUNCTION     0.05     0.06   231.21     0  06:00        0.06
  SJ0502               JUNCTION     0.06     0.13   205.95     0  06:00        0.13
  SJ0503               JUNCTION     0.01     0.03   205.52     0  06:00        0.03
  SJ0504               JUNCTION     0.02     0.04   205.52     0  06:00        0.04
  SJ0505               JUNCTION     0.01     0.03   205.95     0  06:00        0.03
  SJ0506               JUNCTION     0.05     0.12   205.95     0  06:00        0.12
  SJ0507               JUNCTION     0.02     0.02   231.41     0  05:58        0.02
  SJ0508               JUNCTION     0.02     0.02   230.24     0  06:00        0.02
  SJ0509               JUNCTION     0.02     0.03   219.40     0  06:00        0.03
  SJ0510               JUNCTION     0.02     0.03   218.58     0  06:00        0.03
  SJ0511               JUNCTION     0.01     0.01   222.14     0  00:09        0.01
  SJ0512               JUNCTION     0.03     0.03   237.05     0  06:00        0.03
  SJ0513               JUNCTION     0.05     0.05   231.36     0  06:00        0.05
  SJ0514               JUNCTION     0.04     0.04   220.30     0  06:00        0.04
  SJ0515               JUNCTION     0.04     0.04   220.30     0  06:00        0.04
  SJ0516               JUNCTION     0.01     0.01   235.41     0  00:07        0.01
  SJ0517               JUNCTION     0.02     0.02   234.35     0  00:50        0.02
  SJ0518               JUNCTION     0.01     0.01   253.84     0  00:41        0.01
  SJ0519               JUNCTION     0.01     0.01   250.50     0  06:00        0.01
  SJ0520               JUNCTION     0.16     0.27   205.93     0  06:00        0.27
  SJ0521               JUNCTION     0.02     0.02   240.97     0  05:48        0.02
  SJ0522               JUNCTION     0.04     0.04   240.96     0  06:00        0.04
  SJ0523               JUNCTION     0.08     0.12   205.63     0  06:00        0.12
  SJ0524               JUNCTION     0.09     0.13   205.62     0  06:00        0.13
  SJ0525               JUNCTION     0.02     0.02   234.06     0  03:18        0.02
  SJ0526               JUNCTION     0.08     0.20   206.04     0  03:47        0.19
  SJ0527               JUNCTION     0.02     0.03   219.98     0  00:55        0.03
  SJ0528               JUNCTION     0.02     0.03   219.94     0  06:00        0.03
  SJ0529               JUNCTION     0.02     0.03   217.31     0  06:00        0.03
  SJ0530               JUNCTION     0.02     0.03   214.79     0  06:00        0.03
  SJ0531               JUNCTION     0.10     0.17   205.63     0  06:00        0.17
  SJ0532               JUNCTION     0.01     0.01   229.04     0  00:13        0.01
  SJ0533               JUNCTION     0.01     0.01   228.72     0  04:24        0.01
  SJ0534               JUNCTION     0.01     0.01   233.08     0  02:47        0.01
  SJ0535               JUNCTION     0.02     0.02   232.87     0  02:45        0.02
  SJ0536               JUNCTION     0.03     0.04   205.66     0  06:00        0.04
  SJ0537               JUNCTION     0.05     0.06   205.65     0  06:00        0.06
  SJ0538               JUNCTION     0.02     0.02   240.98     0  01:03        0.02
  SJ0539               JUNCTION     0.02     0.03   208.19     0  06:00        0.03
  SJ0540               JUNCTION     0.03     0.05   208.18     0  06:00        0.05
  SJ0541               JUNCTION     0.02     0.02   207.30     0  06:00        0.02
  SJ0542               JUNCTION     0.04     0.06   205.85     0  05:23        0.06
  SJ0543               JUNCTION     0.01     0.01   230.79     0  04:58        0.01
  SJ0544               JUNCTION     0.01     0.01   230.00     0  05:02        0.01
  SJ0545               JUNCTION     0.06     0.11   205.50     0  06:00        0.11
  SJ0547               JUNCTION     0.06     0.07   219.97     0  06:00        0.07
  SJ0548               JUNCTION     0.02     0.02   240.49     0  00:31        0.02
  SJ0549               JUNCTION     0.04     0.04   232.52     0  06:00        0.04
  SJ0550               JUNCTION     0.04     0.04   230.17     0  06:00        0.04
  SJ0551               JUNCTION     0.01     0.01   223.72     0  00:04        0.01
  SJ0552               JUNCTION     0.01     0.01   259.48     0  00:10        0.01
  SJ0553               JUNCTION     0.01     0.01   259.18     0  02:14        0.01
  SJ0554               JUNCTION     0.01     0.01   231.01     0  00:03        0.01
  SJ0555               JUNCTION     0.02     0.02   206.93     0  06:00        0.02
  SJ0556               JUNCTION     0.04     0.05   210.86     0  06:00        0.05
  SJ0557               JUNCTION     0.07     0.10   210.86     0  06:00        0.10
  SJ0558               JUNCTION     0.10     0.15   205.11     0  05:07        0.14
  SJ0559               JUNCTION     0.02     0.04   220.87     0  06:00        0.04
  SJ0560               JUNCTION     0.02     0.04   220.66     0  06:00        0.04
  SJ0561               JUNCTION     0.01     0.01   225.25     0  01:53        0.01
  SJ0562               JUNCTION     0.05     0.05   206.16     0  06:00        0.05
  SJ0563               JUNCTION     0.12     0.16   206.02     0  06:00        0.16
  SJ0564               JUNCTION     0.13     0.22   205.82     0  06:00        0.22
  SJ0565               JUNCTION     0.01     0.01   215.50     0  00:20        0.01
  SJ0566               JUNCTION     0.03     0.03   213.28     0  05:14        0.03
  SJ0567               JUNCTION     0.01     0.01   229.69     0  06:00        0.01
  SJ0568               JUNCTION     0.03     0.03   211.85     0  06:00        0.03
  SJ0569               JUNCTION     0.01     0.02   209.93     0  06:00        0.02
  SJ0570               JUNCTION     0.01     0.02   207.36     0  06:00        0.02
  SJ0571               JUNCTION     0.01     0.01   241.86     0  05:13        0.01
  SJ0572               JUNCTION     0.04     0.04   240.59     0  03:10        0.04
  SJ0573               JUNCTION     0.05     0.05   223.02     0  06:00        0.05
  SJ0574               JUNCTION     0.05     0.05   223.01     0  06:00        0.05
  SJ0575               JUNCTION     0.01     0.01   218.24     0  01:16        0.01
  SJ0576               JUNCTION     0.01     0.01   217.64     0  00:26        0.01
  SJ0577               JUNCTION     0.02     0.02   213.29     0  00:48        0.02
  SJ0578               JUNCTION     0.02     0.02   206.35     0  00:28        0.02
  SJ0579               JUNCTION     0.04     0.04   206.34     0  01:16        0.04
  SJ0580               JUNCTION     0.03     0.03   209.74     0  01:26        0.03
  SJ0581               JUNCTION     0.01     0.01   210.85     0  06:00        0.01
  SJ0582               JUNCTION     0.05     0.08   210.82     0  06:00        0.08
  SJ0583               JUNCTION     0.02     0.02   223.67     0  00:12        0.02
  SJ0584               JUNCTION     0.12     0.20   205.83     0  06:00        0.20
  SJ0585               JUNCTION     0.14     0.23   205.83     0  06:00        0.23
  SJ0586               JUNCTION     0.01     0.01   210.79     0  06:00        0.01
  SJ0587               JUNCTION     0.01     0.01   221.20     0  06:00        0.01
  SJ0588               JUNCTION     0.04     0.05   218.40     0  00:22        0.05
  SJ0589               JUNCTION     0.03     0.03   224.94     0  06:00        0.03
  SJ0590               JUNCTION     0.05     0.05   224.94     0  06:00        0.05
  SJ0591               JUNCTION     0.01     0.02   228.92     0  00:23        0.02
  SJ0592               JUNCTION     0.02     0.02   228.24     0  06:00        0.02
  SJ0593               JUNCTION     0.01     0.01   214.77     0  00:18        0.01
  SJ0594               JUNCTION     0.17     0.28   205.82     0  06:00        0.28
  SJ0595               JUNCTION     0.20     0.32   205.81     0  06:00        0.32
  SJ0596               JUNCTION     0.18     0.31   205.85     0  06:00        0.31
  SJ0597               JUNCTION     0.20     0.33   205.85     0  06:00        0.33
  SJ0598               JUNCTION     0.01     0.01   211.54     0  00:04        0.01
  SJ0599               JUNCTION     0.06     0.07   211.38     0  06:00        0.07
  SJ0600               JUNCTION     0.01     0.01   225.41     0  00:03        0.01
  SJ0601               JUNCTION     0.02     0.02   225.32     0  03:21        0.02
  SJ0602               JUNCTION     0.03     0.04   212.17     0  06:00        0.04
  SJ0603               JUNCTION     0.02     0.02   224.04     0  05:55        0.02
  SJ0604               JUNCTION     0.02     0.02   217.89     0  06:00        0.02
  SJ0605               JUNCTION     0.04     0.04   217.37     0  06:00        0.04
  SJ0606               JUNCTION     0.02     0.02   210.59     0  00:18        0.02
  SJ0607               JUNCTION     0.08     0.16   212.05     0  06:00        0.16
  SJ0608               JUNCTION     0.09     0.19   212.05     0  06:00        0.19
  SJ0609               JUNCTION     0.07     0.15   206.27     0  04:52        0.14
  SJ0610               JUNCTION     0.04     0.04   224.14     0  06:00        0.04
  SJ0611               JUNCTION     0.05     0.05   219.71     0  06:00        0.05
  SJ0612               JUNCTION     0.01     0.01   215.78     0  06:00        0.01
  SJ0613               JUNCTION     0.02     0.02   214.43     0  06:00        0.02
  SJ0614               JUNCTION     0.02     0.02   229.13     0  01:05        0.02
  SJ0615               JUNCTION     0.01     0.01   229.98     0  05:22        0.01
  SJ0616               JUNCTION     0.01     0.01   226.35     0  05:36        0.01
  SJ0617               JUNCTION     0.01     0.02   220.77     0  06:00        0.02
  SJ0618               JUNCTION     0.01     0.01   223.47     0  05:43        0.01
  SJ0619               JUNCTION     0.01     0.01   221.70     0  05:30        0.01
  SJ0620               JUNCTION     0.01     0.01   231.51     0  00:16        0.01
  SJ0621               JUNCTION     0.01     0.02   218.92     0  00:09        0.02
  SJ0622               JUNCTION     0.05     0.06   218.79     0  06:00        0.06
  SJ0623               JUNCTION     0.00     0.00   236.97     0  06:00        0.00
  SJ0624               JUNCTION     0.01     0.01   231.26     0  06:00        0.01
  SJ0625               JUNCTION     0.05     0.05   240.94     0  06:00        0.05
  SJ0626               JUNCTION     0.05     0.06   240.94     0  06:00        0.06
  SJ0627               JUNCTION     0.03     0.03   206.25     0  03:18        0.03
  SJ0628               JUNCTION     0.06     0.09   206.24     0  03:10        0.08
  SJ0629               JUNCTION     0.13     0.23   205.77     0  06:00        0.23
  SJ0630               JUNCTION     0.17     0.29   205.77     0  06:00        0.29
  SJ0631               JUNCTION     0.02     0.02   207.89     0  06:00        0.02
  SJ0632               JUNCTION     0.02     0.02   210.66     0  05:24        0.02
  SJ0633               JUNCTION     0.03     0.03   210.66     0  05:52        0.03
  SJ0634               JUNCTION     0.01     0.01   223.26     0  02:23        0.01
  SJ0635               JUNCTION     0.04     0.05   222.58     0  06:00        0.05
  SJ0636               JUNCTION     0.04     0.05   221.07     0  06:00        0.05
  SJ0637               JUNCTION     0.02     0.02   217.73     0  01:56        0.02
  SJ0638               JUNCTION     0.01     0.01   232.29     0  02:22        0.01
  SJ0639               JUNCTION     0.02     0.03   208.84     0  01:55        0.03
  SJ0641               JUNCTION     0.01     0.01   243.25     0  02:18        0.01
  SJ0642               JUNCTION     0.01     0.01   242.00     0  03:09        0.01
  SJ0643               JUNCTION     0.03     0.07   205.50     0  06:00        0.07
  SJ0644               JUNCTION     0.01     0.01   211.21     0  00:17        0.01
  SJ0645               JUNCTION     0.01     0.02   206.94     0  01:28        0.02
  SJ0646               JUNCTION     0.12     0.19   205.60     0  06:00        0.19
  SJ0647               JUNCTION     0.03     0.04   205.85     0  05:24        0.04
  SJ0648               JUNCTION     0.02     0.02   223.64     0  00:15        0.02
  SJ0649               JUNCTION     0.02     0.02   223.41     0  00:33        0.02
  SJ0650               JUNCTION     0.02     0.02   221.07     0  02:02        0.02
  SJ0651               JUNCTION     0.06     0.07   219.99     0  06:00        0.07
  SJ0652               JUNCTION     0.03     0.03   214.14     0  05:51        0.03
  SJ0653               JUNCTION     0.02     0.03   206.66     0  01:31        0.03
  SJ0654               JUNCTION     0.08     0.08   216.35     0  01:59        0.08
  SJ0655               JUNCTION     0.07     0.08   212.35     0  06:00        0.08
  SJ0656               JUNCTION     0.05     0.06   205.55     0  06:00        0.06
  SJ0657               JUNCTION     0.05     0.06   205.55     0  06:00        0.06
  SJ0658               JUNCTION     0.03     0.04   218.10     0  06:00        0.04
  SJ0659               JUNCTION     0.05     0.05   217.72     0  06:00        0.05
  SJ0660               JUNCTION     0.01     0.01   210.53     0  02:47        0.01
  SJ0661               JUNCTION     0.02     0.02   209.64     0  00:18        0.02
  SJ0662               JUNCTION     0.02     0.02   223.45     0  05:47        0.02
  SJ0663               JUNCTION     0.11     0.21   205.85     0  06:00        0.21
  SJ0664               JUNCTION     0.01     0.01   210.41     0  01:38        0.01
  SJ0665               JUNCTION     0.03     0.04   209.58     0  00:26        0.04
  SJ0666               JUNCTION     0.03     0.03   208.43     0  06:00        0.03
  SJ0667               JUNCTION     0.03     0.04   208.39     0  06:00        0.04
  SJ0668               JUNCTION     0.02     0.02   207.66     0  06:00        0.02
  SJ0669               JUNCTION     0.03     0.04   206.85     0  01:45        0.04
  SJ0670               JUNCTION     0.03     0.04   234.11     0  06:00        0.04
  SJ0671               JUNCTION     0.02     0.02   234.06     0  06:00        0.02
  SJ0672               JUNCTION     0.07     0.09   205.65     0  06:00        0.09
  SJ0673               JUNCTION     0.02     0.03   209.34     0  00:21        0.02
  SJ0674               JUNCTION     0.08     0.09   211.45     0  06:00        0.09
  SJ0675               JUNCTION     0.02     0.03   208.79     0  06:00        0.03
  SJ0676               JUNCTION     0.02     0.02   219.97     0  01:01        0.02
  SJ0677               JUNCTION     0.06     0.07   224.59     0  06:00        0.07
  SJ0678               JUNCTION     0.03     0.03   205.70     0  02:47        0.03
  SJ0679               JUNCTION     0.02     0.03   205.56     0  06:00        0.03
  SJ0680               JUNCTION     0.02     0.02   205.57     0  06:00        0.02
  SJ0681               JUNCTION     0.04     0.05   205.55     0  06:00        0.05
  SJ0682               JUNCTION     0.21     0.28   205.90     0  06:00        0.28
  SJ0683               JUNCTION     0.02     0.02   232.30     0  00:34        0.02
  SJ0686               JUNCTION     0.02     0.03   229.03     0  04:40        0.03
  SJ0687               JUNCTION     0.01     0.01   205.71     0  01:42        0.01
  SJ0688               JUNCTION     0.02     0.02   215.23     0  00:29        0.02
  SJ0689               JUNCTION     0.03     0.03   227.37     0  03:28        0.03
  SJ0690               JUNCTION     0.03     0.03   225.96     0  02:09        0.03
  SJ0691               JUNCTION     0.02     0.02   206.77     0  06:00        0.02
  SJ0692               JUNCTION     0.01     0.01   216.60     0  06:00        0.01
  SJ0693               JUNCTION     0.04     0.04   226.44     0  06:00        0.04
  SJ0694               JUNCTION     0.01     0.01   220.70     0  00:06        0.01
  SJ0695               JUNCTION     0.07     0.07   219.98     0  06:00        0.07
  SJ0696               JUNCTION     0.09     0.11   206.87     0  06:00        0.11
  SJ0697               JUNCTION     0.01     0.01   212.88     0  00:10        0.01
  SJ0698               JUNCTION     0.01     0.01   220.82     0  02:31        0.01
  SJ0699               JUNCTION     0.02     0.02   218.45     0  05:30        0.02
  SJ0700               JUNCTION     0.04     0.05   224.67     0  06:00        0.05
  SJ0701               JUNCTION     0.05     0.05   224.94     0  06:00        0.05
  SJ0702               JUNCTION     0.05     0.07   205.64     0  04:32        0.07
  SJ0703               JUNCTION     0.07     0.11   205.64     0  04:27        0.11
  SJ0704               JUNCTION     0.02     0.02   215.48     0  06:00        0.02
  SJ0705               JUNCTION     0.01     0.01   211.00     0  00:32        0.01
  SJ0706               JUNCTION     0.01     0.01   209.58     0  04:49        0.01
  SJ0707               JUNCTION     0.01     0.01   228.73     0  03:13        0.01
  SJ0708               JUNCTION     0.01     0.01   209.48     0  06:00        0.01
  SJ0709               JUNCTION     0.02     0.02   207.35     0  01:09        0.02
  SJ0710               JUNCTION     0.01     0.01   222.67     0  01:59        0.01
  SJ0711               JUNCTION     0.03     0.03   221.29     0  01:43        0.03
  SJ0712               JUNCTION     0.12     0.18   205.88     0  06:00        0.18
  SJ0713               JUNCTION     0.04     0.04   223.63     0  02:21        0.04
  SJ0714               JUNCTION     0.01     0.01   218.16     0  00:14        0.01
  SJ0715               JUNCTION     0.05     0.06   221.11     0  06:00        0.06
  SJ0716               JUNCTION     0.04     0.07   205.64     0  06:00        0.07
  SJ0717               JUNCTION     0.03     0.03   218.34     0  06:00        0.03
  SJ0718               JUNCTION     0.02     0.02   207.78     0  01:09        0.02
  SJ0719               JUNCTION     0.01     0.01   207.74     0  06:00        0.01
  SJ0720               JUNCTION     0.01     0.01   220.98     0  00:13        0.01
  SJ0721               JUNCTION     0.01     0.01   220.62     0  00:32        0.01
  SJ0722               JUNCTION     0.02     0.02   227.76     0  00:24        0.02
  SJ0723               JUNCTION     0.01     0.01   227.70     0  01:43        0.01
  SJ0724               JUNCTION     0.01     0.01   226.97     0  02:52        0.01
  SJ0725               JUNCTION     0.01     0.01   229.58     0  02:57        0.01
  SJ0726               JUNCTION     0.08     0.10   205.64     0  06:00        0.10
  SJ0727               JUNCTION     0.08     0.11   205.64     0  06:00        0.11
  SJ0728               JUNCTION     0.07     0.08   222.29     0  06:00        0.08
  SJ0730               JUNCTION     0.02     0.02   209.64     0  02:52        0.02
  SJ0731               JUNCTION     0.04     0.05   219.97     0  06:00        0.05
  SJ0732               JUNCTION     0.03     0.06   205.50     0  06:00        0.06
  SJ0733               JUNCTION     0.01     0.02   220.77     0  06:00        0.02
  SJ0734               JUNCTION     0.02     0.02   227.35     0  00:07        0.02
  SJ0735               JUNCTION     0.01     0.01   208.60     0  00:15        0.01
  SJ0736               JUNCTION     0.06     0.08   208.32     0  06:00        0.08
  SJ0737               JUNCTION     0.00     0.00   219.50     0  00:27        0.00
  SJ0738               JUNCTION     0.06     0.07   207.59     0  06:00        0.07
  SJ0739               JUNCTION     0.07     0.15   209.70     0  03:05        0.11
  SJ0740               JUNCTION     0.12     0.21   212.05     0  06:00        0.21
  SJ0741               JUNCTION     0.01     0.01   232.46     0  00:51        0.01
  SJ0742               JUNCTION     0.02     0.02   205.62     0  02:05        0.02
  SJ0743               JUNCTION     0.02     0.03   205.55     0  06:00        0.03
  SJ0744               JUNCTION     0.03     0.03   217.30     0  00:37        0.03
  SJ0745               JUNCTION     0.02     0.02   217.27     0  03:10        0.02
  SJ0746               JUNCTION     0.05     0.07   210.43     0  06:00        0.07
  SJ0747               JUNCTION     0.01     0.01   253.63     0  00:15        0.01
  SJ0750               JUNCTION     0.02     0.02   227.95     0  03:54        0.02
  SJ0751               JUNCTION     0.02     0.02   226.51     0  03:40        0.02
  SJ0752               JUNCTION     0.01     0.01   226.61     0  01:59        0.01
  SJ0753               JUNCTION     0.03     0.04   225.38     0  06:00        0.04
  SJ0754               JUNCTION     0.03     0.03   231.76     0  00:23        0.03
  SJ0755               JUNCTION     0.03     0.04   231.75     0  00:40        0.04
  SJ0756               JUNCTION     0.04     0.04   237.08     0  03:13        0.04
  SJ0757               JUNCTION     0.04     0.04   237.08     0  03:12        0.04
  SJ0758               JUNCTION     0.01     0.01   213.35     0  02:09        0.01
  SJ0759               JUNCTION     0.05     0.06   207.29     0  06:00        0.06
  SJ0761               JUNCTION     0.04     0.06   205.11     0  05:14        0.06
  SJ0762               JUNCTION     0.11     0.21   205.94     0  06:00        0.21
  SJ0763               JUNCTION     0.01     0.01   218.23     0  05:16        0.01
  SJ0764               JUNCTION     0.01     0.02   215.43     0  06:00        0.02
  SJ0765               JUNCTION     0.01     0.01   210.94     0  00:14        0.01
  SJ0766               JUNCTION     0.01     0.01   210.89     0  02:13        0.01
  SJ0767               JUNCTION     0.00     0.00   258.53     0  06:00        0.00
  SJ0768               JUNCTION     0.02     0.02   205.51     0  06:00        0.02
  SJ0769               JUNCTION     0.02     0.04   205.51     0  06:00        0.04
  SJ0770               JUNCTION     0.02     0.03   219.52     0  00:27        0.03
  SJ0771               JUNCTION     0.03     0.03   221.46     0  06:00        0.03
  SJ0772               JUNCTION     0.06     0.09   210.82     0  06:00        0.09
  SJ0773               JUNCTION     0.08     0.11   210.82     0  06:00        0.11
  SJ0774               JUNCTION     0.03     0.03   205.68     0  06:00        0.03
  SJ0775               JUNCTION     0.04     0.04   205.67     0  01:22        0.04
  SJ0776               JUNCTION     0.01     0.02   208.29     0  00:14        0.02
  SJ0777               JUNCTION     0.06     0.07   217.99     0  06:00        0.07
  SJ0778               JUNCTION     0.03     0.03   221.75     0  00:41        0.03
  SJ0779               JUNCTION     0.02     0.03   221.71     0  00:53        0.03
  SJ0780               JUNCTION     0.01     0.01   227.18     0  04:00        0.01
  SJ0781               JUNCTION     0.01     0.01   209.40     0  06:00        0.01
  SJ0782               JUNCTION     0.01     0.01   208.35     0  06:00        0.01
  SJ0783               JUNCTION     0.06     0.08   207.58     0  06:00        0.08
  SJ0784               JUNCTION     0.01     0.01   223.90     0  06:00        0.01
  SJ0785               JUNCTION     0.02     0.03   214.19     0  00:18        0.03
  SJ0786               JUNCTION     0.05     0.05   222.36     0  03:34        0.05
  SJ0787               JUNCTION     0.04     0.04   225.56     0  01:22        0.04
  SJ0788               JUNCTION     0.06     0.12   205.67     0  06:00        0.12
  SJ0789               JUNCTION     0.10     0.17   205.67     0  06:00        0.17
  SJ0790               JUNCTION     0.02     0.02   214.36     0  02:51        0.02
  SJ0791               JUNCTION     0.02     0.02   233.46     0  00:08        0.02
  SJ0792               JUNCTION     0.02     0.02   207.69     0  00:25        0.02
  SJ0793               JUNCTION     0.03     0.06   205.63     0  06:00        0.06
  SJ0794               JUNCTION     0.01     0.01   206.60     0  06:00        0.01
  SJ0795               JUNCTION     0.01     0.02   234.21     0  00:02        0.01
  SJ0796               JUNCTION     0.04     0.04   219.43     0  06:00        0.04
  SJ0797               JUNCTION     0.06     0.06   219.43     0  06:00        0.06
  SJ0798               JUNCTION     0.01     0.02   209.39     0  00:54        0.02
  SJ0799               JUNCTION     0.02     0.02   219.12     0  06:00        0.02
  SJ0800               JUNCTION     0.01     0.01   227.76     0  02:08        0.01
  SJ0801               JUNCTION     0.03     0.03   226.12     0  00:28        0.03
  SJ0802               JUNCTION     0.01     0.01   216.34     0  00:16        0.01
  SJ0803               JUNCTION     0.09     0.10   208.60     0  06:00        0.10
  SJ0804               JUNCTION     0.01     0.01   234.93     0  01:10        0.01
  SJ0805               JUNCTION     0.01     0.01   233.80     0  02:47        0.01
  SJ0806               JUNCTION     0.03     0.03   209.28     0  06:00        0.03
  SJ0807               JUNCTION     0.04     0.04   209.26     0  06:00        0.04
  SJ0808               JUNCTION     0.00     0.00   220.76     0  06:00        0.00
  SJ0809               JUNCTION     0.02     0.03   212.06     0  01:36        0.03
  SJ0810               JUNCTION     0.03     0.05   212.05     0  06:00        0.05
  SJ0811               JUNCTION     0.02     0.02   227.79     0  05:59        0.02
  SJ0812               JUNCTION     0.06     0.07   214.90     0  06:00        0.07
  SJ0813               JUNCTION     0.02     0.02   205.59     0  06:00        0.02
  SJ0814               JUNCTION     0.03     0.03   205.56     0  06:00        0.03
  SJ0815               JUNCTION     0.08     0.13   210.79     0  03:07        0.12
  SJ0816               JUNCTION     0.01     0.01   229.06     0  00:05        0.01
  SJ0817               JUNCTION     0.03     0.03   214.23     0  06:00        0.03
  SJ0818               JUNCTION     0.05     0.05   222.96     0  06:00        0.05
  SJ0819               JUNCTION     0.05     0.06   221.63     0  06:00        0.06
  SJ0820               JUNCTION     0.03     0.05   211.05     0  06:00        0.05
  SJ0821               JUNCTION     0.08     0.13   205.64     0  06:00        0.13
  SJ0822               JUNCTION     0.08     0.14   205.64     0  06:00        0.14
  SJ0823               JUNCTION     0.10     0.14   206.27     0  04:04        0.14
  SJ0825               JUNCTION     0.02     0.02   205.57     0  00:11        0.02
  SJ0826               JUNCTION     0.03     0.03   205.57     0  06:00        0.03
  SJ0827               JUNCTION     0.01     0.01   209.14     0  00:09        0.01
  SJ0828               JUNCTION     0.01     0.01   208.52     0  06:00        0.01
  SJ0829               JUNCTION     0.01     0.01   215.11     0  00:50        0.01
  SJ0830               JUNCTION     0.03     0.04   207.63     0  00:34        0.04
  SJ0831               JUNCTION     0.02     0.02   232.02     0  03:06        0.02
  SJ0832               JUNCTION     0.04     0.04   231.47     0  06:00        0.04
  SJ0833               JUNCTION     0.20     0.31   205.80     0  06:00        0.31
  SJ0834               JUNCTION     0.05     0.05   217.78     0  01:31        0.05
  SJ0835               JUNCTION     0.20     0.30   205.83     0  06:00        0.30
  SJ0836               JUNCTION     0.01     0.01   207.82     0  00:12        0.01
  SJ0837               JUNCTION     0.03     0.03   207.63     0  06:00        0.03
  SJ0838               JUNCTION     0.10     0.17   205.67     0  06:00        0.17
  SJ0839               JUNCTION     0.03     0.03   239.29     0  06:00        0.03
  SJ0840               JUNCTION     0.02     0.02   207.21     0  06:00        0.02
  SJ0841               JUNCTION     0.03     0.03   206.69     0  06:00        0.03
  SJ0842               JUNCTION     0.03     0.03   206.41     0  01:39        0.03
  SJ0843               JUNCTION     0.02     0.02   235.49     0  00:24        0.02
  SJ0844               JUNCTION     0.01     0.01   255.29     0  04:50        0.01
  SJ0845               JUNCTION     0.01     0.01   251.23     0  05:29        0.01
  SJ0846               JUNCTION     0.05     0.05   224.94     0  06:00        0.05
  SJ0847               JUNCTION     0.04     0.04   226.51     0  06:00        0.04
  SJ0848               JUNCTION     0.04     0.05   225.00     0  06:00        0.05
  SJ0849               JUNCTION     0.04     0.07   209.67     0  06:00        0.07
  SJ0850               JUNCTION     0.05     0.08   209.67     0  06:00        0.08
  SJ0852               JUNCTION     0.00     0.00   212.51     0  06:00        0.00
  SJ0853               JUNCTION     0.01     0.01   249.40     0  05:46        0.01
  SJ0854               JUNCTION     0.00     0.00   205.79     0  06:00        0.00
  SJ0855               JUNCTION     0.03     0.03   225.62     0  01:25        0.03
  SJ0856               JUNCTION     0.03     0.03   220.38     0  01:54        0.03
  SJ0857               JUNCTION     0.10     0.17   205.64     0  06:00        0.17
  SJ0858               JUNCTION     0.01     0.01   237.28     0  05:19        0.01
  SJ0859               JUNCTION     0.02     0.02   236.40     0  05:55        0.02
  SJ0860               JUNCTION     0.03     0.03   229.41     0  06:00        0.03
  SJ0861               JUNCTION     0.03     0.04   231.53     0  06:00        0.04
  SJ0862               JUNCTION     0.01     0.01   219.83     0  02:39        0.01
  SJ0863               JUNCTION     0.06     0.11   206.25     0  03:05        0.10
  SJ0865               JUNCTION     0.01     0.01   209.08     0  00:03        0.01
  SJ0866               JUNCTION     0.01     0.01   216.78     0  00:16        0.01
  SJ0867               JUNCTION     0.04     0.04   212.07     0  06:00        0.04
  SJ0868               JUNCTION     0.04     0.04   232.73     0  06:00        0.04
  SJ0869               JUNCTION     0.05     0.05   232.70     0  06:00        0.05
  SJ0870               JUNCTION     0.08     0.18   205.79     0  06:00        0.18
  SJ0871               JUNCTION     0.10     0.21   205.79     0  06:00        0.21
  SJ0872               JUNCTION     0.03     0.03   228.77     0  04:32        0.03
  SJ0873               JUNCTION     0.03     0.03   227.76     0  03:25        0.03
  SJ0874               JUNCTION     0.01     0.01   206.27     0  00:15        0.01
  SJ0875               JUNCTION     0.04     0.04   219.05     0  06:00        0.04
  SJ0876               JUNCTION     0.02     0.02   207.28     0  00:08        0.02
  SJ0877               JUNCTION     0.06     0.07   206.93     0  06:00        0.07
  SJ0878               JUNCTION     0.05     0.05   222.86     0  06:00        0.05
  SJ0879               JUNCTION     0.03     0.04   217.49     0  00:13        0.04
  SJ0880               JUNCTION     0.03     0.04   205.64     0  06:00        0.04
  SJ0881               JUNCTION     0.03     0.06   205.64     0  06:00        0.06
  SJ0882               JUNCTION     0.01     0.01   249.15     0  01:21        0.01
  SJ0883               JUNCTION     0.03     0.04   210.85     0  06:00        0.04
  SJ0884               JUNCTION     0.05     0.06   210.85     0  06:00        0.06
  SJ0885               JUNCTION     0.02     0.03   209.91     0  00:16        0.03
  SJ0886               JUNCTION     0.01     0.01   235.46     0  03:28        0.01
  SJ0887               JUNCTION     0.01     0.01   228.54     0  06:00        0.01
  SJ0888               JUNCTION     0.02     0.05   205.95     0  06:00        0.05
  SJ0889               JUNCTION     0.05     0.12   205.95     0  06:00        0.12
  SJ0890               JUNCTION     0.04     0.04   217.78     0  01:32        0.04
  SJ0891               JUNCTION     0.03     0.03   205.71     0  00:44        0.03
  SJ0892               JUNCTION     0.03     0.03   205.68     0  06:00        0.03
  SJ0893               JUNCTION     0.02     0.03   207.54     0  00:32        0.03
  SJ0894               JUNCTION     0.03     0.04   207.53     0  06:00        0.04
  SJ0895               JUNCTION     0.02     0.03   217.64     0  06:00        0.03
  SJ0896               JUNCTION     0.03     0.04   214.55     0  06:00        0.04
  SJ0897               JUNCTION     0.01     0.01   228.09     0  00:22        0.01
  SJ0898               JUNCTION     0.01     0.01   209.30     0  00:08        0.01
  SJ0899               JUNCTION     0.04     0.04   228.17     0  00:11        0.04
  SJ0900               JUNCTION     0.02     0.02   209.76     0  00:26        0.02
  SJ0901               JUNCTION     0.01     0.02   206.54     0  00:05        0.02
  SJ0902               JUNCTION     0.01     0.01   229.65     0  02:15        0.01
  SJ0903               JUNCTION     0.01     0.02   205.44     0  01:04        0.02
  SJ0904               JUNCTION     0.01     0.01   225.64     0  05:25        0.01
  SJ0905               JUNCTION     0.03     0.05   205.11     0  06:00        0.05
  SJ0906               JUNCTION     0.05     0.09   205.11     0  06:00        0.09
  SJ0907               JUNCTION     0.01     0.01   221.70     0  02:46        0.01
  SJ0908               JUNCTION     0.06     0.07   208.31     0  06:00        0.07
  SJ0909               JUNCTION     0.03     0.03   219.24     0  00:19        0.03
  SJ0910               JUNCTION     0.01     0.01   229.51     0  00:05        0.01
  SJ0911               JUNCTION     0.09     0.12   210.79     0  03:09        0.11
  SJ0912               JUNCTION     0.05     0.10   205.50     0  06:00        0.10
  SJ0913               JUNCTION     0.01     0.01   224.58     0  00:32        0.01
  SJ0914               JUNCTION     0.01     0.01   223.95     0  01:32        0.01
  SJ0915               JUNCTION     0.01     0.01   207.97     0  00:27        0.01
  SJ0916               JUNCTION     0.04     0.06   205.83     0  06:00        0.06
  SJ0917               JUNCTION     0.02     0.02   209.56     0  02:53        0.02
  SJ0918               JUNCTION     0.03     0.03   207.59     0  02:58        0.03
  SJ0919               JUNCTION     0.03     0.03   239.73     0  06:00        0.03
  SJ0920               JUNCTION     0.03     0.03   237.99     0  06:00        0.03
  SJ0921               JUNCTION     0.01     0.01   225.27     0  05:31        0.01
  SJ0922               JUNCTION     0.01     0.01   222.57     0  06:00        0.01
  SJ0923               JUNCTION     0.03     0.03   209.68     0  00:27        0.03
  SJ0924               JUNCTION     0.03     0.04   209.67     0  06:00        0.04
  SJ0925               JUNCTION     0.02     0.02   212.06     0  01:15        0.02
  SJ0926               JUNCTION     0.03     0.04   212.06     0  01:08        0.04
  SJ0927               JUNCTION     0.04     0.04   228.89     0  02:17        0.04
  SJ0928               JUNCTION     0.05     0.05   213.01     0  06:00        0.05
  SJ0929               JUNCTION     0.02     0.02   209.30     0  00:33        0.02
  SJ0930               JUNCTION     0.03     0.04   206.35     0  00:23        0.04
  SJ0931               JUNCTION     0.07     0.08   208.35     0  06:00        0.08
  SJ0932               JUNCTION     0.03     0.04   216.60     0  06:00        0.04
  SJ0933               JUNCTION     0.02     0.02   216.54     0  06:00        0.02
  SJ0934               JUNCTION     0.01     0.01   206.77     0  06:00        0.01
  SJ0935               JUNCTION     0.07     0.09   205.67     0  06:00        0.09
  SJ0936               JUNCTION     0.08     0.09   205.66     0  06:00        0.09
  SJ0937               JUNCTION     0.02     0.02   219.79     0  05:36        0.02
  SJ0938               JUNCTION     0.21     0.27   205.90     0  06:00        0.27
  SJ0939               JUNCTION     0.01     0.01   207.07     0  00:04        0.01
  SJ0940               JUNCTION     0.01     0.01   237.36     0  04:26        0.01
  SJ0941               JUNCTION     0.03     0.03   236.41     0  06:00        0.03
  SJ0942               JUNCTION     0.03     0.04   205.78     0  06:00        0.04
  SJ0943               JUNCTION     0.04     0.07   205.78     0  06:00        0.07
  SJ0944               JUNCTION     0.01     0.01   211.18     0  03:07        0.01
  SJ0945               JUNCTION     0.15     0.27   205.85     0  06:00        0.27
  SJ0946               JUNCTION     0.18     0.31   205.85     0  06:00        0.31
  SJ0947               JUNCTION     0.03     0.03   214.24     0  00:22        0.03
  SJ0948               JUNCTION     0.04     0.04   221.39     0  00:27        0.04
  SJ0949               JUNCTION     0.02     0.02   221.35     0  06:00        0.02
  SJ0950               JUNCTION     0.02     0.02   223.49     0  00:08        0.02
  SJ0951               JUNCTION     0.03     0.04   205.69     0  06:00        0.04
  SJ0952               JUNCTION     0.03     0.05   205.69     0  06:00        0.05
  SJ0953               JUNCTION     0.04     0.05   224.91     0  06:00        0.05
  SJ0954               JUNCTION     0.04     0.06   210.82     0  06:00        0.06
  SJ0955               JUNCTION     0.01     0.01   212.38     0  00:45        0.01
  SJ0956               JUNCTION     0.01     0.02   205.56     0  01:16        0.02
  SJ0957               JUNCTION     0.02     0.03   231.55     0  06:00        0.03
  SJ0958               JUNCTION     0.04     0.04   231.47     0  01:04        0.04
  SJ0959               JUNCTION     0.02     0.02   222.23     0  00:21        0.02
  SJ0960               JUNCTION     0.03     0.03   207.55     0  05:58        0.03
  SJ0961               JUNCTION     0.07     0.07   206.28     0  06:00        0.07
  SJ0962               JUNCTION     0.02     0.02   241.01     0  06:00        0.02
  SJ0963               JUNCTION     0.02     0.02   229.16     0  00:10        0.02
  SJ0964               JUNCTION     0.02     0.03   235.24     0  00:34        0.03
  SJ0965               JUNCTION     0.01     0.01   233.22     0  00:09        0.01
  SJ0966               JUNCTION     0.01     0.01   210.07     0  00:09        0.01
  SJ0967               JUNCTION     0.01     0.01   207.60     0  00:57        0.01
  SJ0968               JUNCTION     0.01     0.01   208.64     0  02:43        0.01
  SJ0969               JUNCTION     0.02     0.02   233.48     0  00:08        0.02
  SJ0970               JUNCTION     0.02     0.02   233.43     0  01:06        0.02
  SJ0972               JUNCTION     0.03     0.03   221.60     0  01:29        0.03
  SJ0973               JUNCTION     0.08     0.09   211.88     0  06:00        0.09
  SJ0974               JUNCTION     0.05     0.06   206.93     0  06:00        0.06
  SJ0975               JUNCTION     0.01     0.02   222.18     0  00:18        0.02
  SJ0976               JUNCTION     0.02     0.02   221.93     0  06:00        0.02
  SJ0977               JUNCTION     0.01     0.01   237.98     0  02:34        0.01
  SJ0978               JUNCTION     0.01     0.01   207.98     0  06:00        0.01
  SJ0979               JUNCTION     0.02     0.02   206.76     0  05:30        0.02
  SJ0980               JUNCTION     0.03     0.03   214.96     0  06:00        0.03
  SJ0981               JUNCTION     0.03     0.03   210.68     0  06:00        0.03
  SJ0982               JUNCTION     0.02     0.03   228.33     0  00:43        0.03
  SJ0983               JUNCTION     0.03     0.04   228.32     0  06:00        0.04
  SJ0984               JUNCTION     0.01     0.02   226.94     0  00:04        0.01
  SJ0985               JUNCTION     0.05     0.06   209.26     0  06:00        0.06
  SJ0986               JUNCTION     0.01     0.02   218.64     0  06:00        0.02
  SJ0987               JUNCTION     0.18     0.30   212.02     0  05:59        0.30
  SJ0988               JUNCTION     0.16     0.28   205.85     0  06:00        0.28
  SJ0989               JUNCTION     0.01     0.01   226.16     0  00:14        0.01
  SJ0990               JUNCTION     0.01     0.01   206.68     0  00:12        0.01
  SJ0991               JUNCTION     0.05     0.05   206.29     0  06:00        0.05
  SJ0992               JUNCTION     0.02     0.02   227.87     0  00:10        0.02
  SJ0993               JUNCTION     0.03     0.03   237.88     0  03:10        0.03
  SJ0994               JUNCTION     0.06     0.07   205.67     0  06:00        0.07
  SJ0995               JUNCTION     0.07     0.08   205.67     0  06:00        0.08
  SJ0996               JUNCTION     0.04     0.08   205.50     0  06:00        0.08
  SJ0997               JUNCTION     0.02     0.02   205.68     0  00:59        0.02
  SJ0998               JUNCTION     0.01     0.02   207.92     0  01:12        0.02
  SJ0999               JUNCTION     0.03     0.03   215.51     0  06:00        0.03
  SJ1000               JUNCTION     0.03     0.03   220.39     0  06:00        0.03
  SJ1001               JUNCTION     0.06     0.08   210.85     0  06:00        0.08
  SJ1002               JUNCTION     0.08     0.10   210.85     0  06:00        0.10
  SJ1003               JUNCTION     0.04     0.05   207.52     0  06:00        0.05
  SJ1004               JUNCTION     0.01     0.02   216.66     0  01:18        0.02
  SJ1005               JUNCTION     0.03     0.03   227.81     0  03:07        0.03
  SJ1006               JUNCTION     0.06     0.10   205.78     0  06:00        0.10
  SJ1007               JUNCTION     0.02     0.02   210.90     0  00:56        0.02
  SJ1008               JUNCTION     0.02     0.02   210.87     0  06:00        0.02
  SJ1009               JUNCTION     0.03     0.04   205.67     0  01:23        0.04
  SJ1010               JUNCTION     0.03     0.03   232.16     0  00:14        0.03
  SJ1011               JUNCTION     0.04     0.08   210.79     0  03:10        0.07
  SJ1012               JUNCTION     0.01     0.01   206.88     0  00:24        0.01
  SJ1013               JUNCTION     0.01     0.02   220.68     0  00:04        0.02
  SJ1014               JUNCTION     0.02     0.02   220.52     0  06:00        0.02
  SJ1015               JUNCTION     0.03     0.06   205.52     0  06:00        0.06
  SJ1016               JUNCTION     0.01     0.01   214.49     0  06:00        0.01
  SJ1017               JUNCTION     0.01     0.01   214.23     0  00:11        0.01
  SJ1018               JUNCTION     0.04     0.04   207.61     0  01:30        0.04
  SJ1019               JUNCTION     0.03     0.03   223.43     0  00:11        0.03
  SJ1020               JUNCTION     0.02     0.03   205.11     0  06:00        0.03
  SJ1021               JUNCTION     0.03     0.04   208.40     0  06:00        0.04
  SJ1022               JUNCTION     0.02     0.02   205.71     0  06:00        0.02
  SJ1023               JUNCTION     0.02     0.02   217.19     0  03:33        0.02
  SJ1024               JUNCTION     0.02     0.03   212.73     0  00:16        0.03
  SJ1025               JUNCTION     0.01     0.01   238.99     0  03:23        0.01
  SJ1026               JUNCTION     0.04     0.08   210.54     0  04:06        0.07
  SJ1027               JUNCTION     0.03     0.04   205.87     0  05:31        0.04
  SJ1029               JUNCTION     0.02     0.02   220.14     0  06:00        0.02
  SJ1030               JUNCTION     0.02     0.02   225.94     0  00:46        0.02
  SJ1031               JUNCTION     0.13     0.21   205.86     0  06:00        0.21
  SJ1032               JUNCTION     0.05     0.07   221.07     0  06:00        0.07
  SJ1033               JUNCTION     0.01     0.01   221.32     0  00:08        0.01
  SJ1034               JUNCTION     0.01     0.02   205.48     0  01:44        0.02
  SJ1035               JUNCTION     0.01     0.01   222.37     0  06:00        0.01
  SJ1036               JUNCTION     0.03     0.05   208.18     0  06:00        0.05
  SJ1037               JUNCTION     0.02     0.02   218.85     0  06:00        0.02
  SJ1038               JUNCTION     0.01     0.01   209.56     0  00:19        0.01
  SJ1039               JUNCTION     0.02     0.02   208.72     0  05:00        0.02
  SJ1040               JUNCTION     0.01     0.01   208.03     0  06:00        0.01
  SJ1041               JUNCTION     0.02     0.03   205.72     0  06:00        0.03
  SJ1042               JUNCTION     0.08     0.11   205.64     0  04:26        0.11
  SJ1043               JUNCTION     0.02     0.02   209.25     0  06:00        0.02
  SJ1044               JUNCTION     0.03     0.03   213.01     0  06:00        0.03
  SJ1045               JUNCTION     0.00     0.00   210.35     0  06:00        0.00
  SJ1046               JUNCTION     0.02     0.03   205.53     0  00:56        0.03
  SJ1047               JUNCTION     0.02     0.02   207.50     0  00:06        0.02
  SJ1048               JUNCTION     0.01     0.01   230.05     0  00:11        0.01
  SJ1049               JUNCTION     0.04     0.05   207.65     0  06:00        0.05
  SJ1050               JUNCTION     0.03     0.03   220.39     0  00:38        0.03
  SJ1051               JUNCTION     0.02     0.03   230.59     0  00:13        0.03
  SJ1052               JUNCTION     0.01     0.01   230.56     0  04:50        0.01
  SJ1053               JUNCTION     0.01     0.01   206.55     0  00:06        0.01
  SJ1054               JUNCTION     0.04     0.05   205.66     0  04:50        0.05
  SJ1055               JUNCTION     0.03     0.03   228.89     0  06:00        0.03
  SJ1056               JUNCTION     0.04     0.05   205.67     0  06:00        0.05
  SJ1057               JUNCTION     0.01     0.01   211.81     0  00:15        0.01
  SJ1058               JUNCTION     0.02     0.03   210.91     0  01:20        0.03
  SJ1059               JUNCTION     0.01     0.01   207.91     0  00:12        0.01
  SJ1060               JUNCTION     0.04     0.04   209.26     0  06:00        0.04
  SJ1061               JUNCTION     0.01     0.01   212.47     0  00:18        0.01
  SJ1062               JUNCTION     0.03     0.03   224.94     0  06:00        0.03
  SJ1063               JUNCTION     0.01     0.01   205.73     0  06:00        0.01
  SJ1064               JUNCTION     0.05     0.06   205.66     0  06:00        0.06
  SJ1065               JUNCTION     0.02     0.02   219.06     0  06:00        0.02
  SJ1066               JUNCTION     0.08     0.10   210.82     0  06:00        0.10
  SJ1067               JUNCTION     0.06     0.10   205.11     0  06:00        0.10
  SJ1068               JUNCTION     0.02     0.02   227.80     0  00:08        0.02
  SJ1069               JUNCTION     0.03     0.03   240.96     0  01:51        0.03
  SJ1070               JUNCTION     0.02     0.02   211.10     0  00:15        0.02
  SJ1071               JUNCTION     0.04     0.05   205.66     0  06:00        0.05
  SJ1072               JUNCTION     0.06     0.06   209.24     0  06:00        0.06
  SJ1073               JUNCTION     0.04     0.04   213.32     0  00:13        0.04
  SJ1074               JUNCTION     0.01     0.01   226.41     0  00:40        0.01
  SJ1076               JUNCTION     0.03     0.03   233.14     0  03:55        0.03
  SJ1077               JUNCTION     0.03     0.03   211.60     0  01:13        0.03
  SJ1078               JUNCTION     0.01     0.01   220.57     0  00:13        0.01
  SJ1079               JUNCTION     0.01     0.02   217.21     0  00:53        0.02
  SJ1080               JUNCTION     0.01     0.01   231.43     0  00:16        0.01
  SJ1081               JUNCTION     0.02     0.03   236.89     0  00:08        0.03
  SJ1082               JUNCTION     0.03     0.03   205.58     0  06:00        0.03
  SJ1083               JUNCTION     0.04     0.04   205.56     0  06:00        0.04
  SJ1084               JUNCTION     0.02     0.02   226.43     0  00:19        0.02
  SJ1085               JUNCTION     0.01     0.01   213.96     0  00:04        0.01
  SJ1086               JUNCTION     0.04     0.04   208.46     0  06:00        0.04
  SJ1087               JUNCTION     0.09     0.14   205.62     0  06:00        0.14
  SJ1088               JUNCTION     0.01     0.02   223.64     0  00:19        0.02
  SJ1089               JUNCTION     0.02     0.02   208.28     0  00:24        0.02
  SJ1090               JUNCTION     0.01     0.01   212.62     0  06:00        0.01
  SJ1091               JUNCTION     0.01     0.01   252.10     0  00:19        0.01
  SJ1092               JUNCTION     0.01     0.02   222.90     0  00:10        0.02
  SJ1093               JUNCTION     0.04     0.06   210.82     0  06:00        0.06
  SJ1094               JUNCTION     0.13     0.22   205.83     0  06:00        0.22
  SJ1095               JUNCTION     0.02     0.02   207.68     0  06:00        0.02
  SJ1096               JUNCTION     0.01     0.01   220.98     0  00:04        0.01
  SJ1097               JUNCTION     0.01     0.01   210.48     0  00:11        0.01
  SJ1098               JUNCTION     0.01     0.02   217.73     0  00:31        0.02
  SJ1099               JUNCTION     0.00     0.00   239.01     0  06:00        0.00
  SJ1100               JUNCTION     0.05     0.08   205.61     0  06:00        0.08
  SJ1101               JUNCTION     0.03     0.03   212.17     0  06:00        0.03
  SJ1102               JUNCTION     0.01     0.01   207.66     0  00:21        0.01
  SJ1103               JUNCTION     0.01     0.01   221.85     0  00:22        0.01
  SJ1104               JUNCTION     0.01     0.01   221.55     0  00:04        0.01
  SJ1105               JUNCTION     0.03     0.03   225.18     0  01:40        0.03
  SJ1106               JUNCTION     0.03     0.03   224.14     0  02:04        0.03
  SJ1107               JUNCTION     0.00     0.00   236.42     0  06:00        0.00
  SJ1108               JUNCTION     0.03     0.05   205.64     0  06:00        0.05
  SJ1109               JUNCTION     0.02     0.03   214.58     0  01:25        0.03
  SJ1110               JUNCTION     0.03     0.04   206.84     0  06:00        0.04
  SJ1111               JUNCTION     0.01     0.01   227.31     0  03:35        0.01
  SJ1112               JUNCTION     0.03     0.03   234.87     0  03:24        0.03
  SJ1113               JUNCTION     0.01     0.02   207.03     0  00:07        0.02
  SJ1114               JUNCTION     0.02     0.02   223.97     0  00:25        0.02
  SJ1115               JUNCTION     0.02     0.02   207.90     0  01:48        0.02
  SJ1116               JUNCTION     0.01     0.01   212.17     0  00:35        0.01
  SJ1117               JUNCTION     0.01     0.01   214.42     0  06:00        0.01
  SJ1118               JUNCTION     0.03     0.03   239.27     0  06:00        0.03
  SJ1119               JUNCTION     0.04     0.05   215.86     0  01:13        0.05
  SJ1120               JUNCTION     0.08     0.13   205.62     0  06:00        0.13
  SJ1121               JUNCTION     0.13     0.22   205.82     0  06:00        0.22
  SJ1122               JUNCTION     0.03     0.03   239.24     0  06:00        0.03
  SJ1123               JUNCTION     0.02     0.03   212.19     0  00:12        0.03
  SJ1124               JUNCTION     0.02     0.02   205.59     0  00:36        0.02
  SJ1125               JUNCTION     0.01     0.01   210.57     0  00:22        0.01
  SJ1126               JUNCTION     0.03     0.07   205.51     0  06:00        0.07
  SJ1127               JUNCTION     0.02     0.02   214.94     0  05:43        0.02
  SJ1128               JUNCTION     0.02     0.02   214.51     0  01:16        0.02
  SJ1129               JUNCTION     0.20     0.29   205.83     0  06:00        0.29
  SJ1130               JUNCTION     0.01     0.01   208.19     0  00:10        0.01
  SJ1131               JUNCTION     0.03     0.05   211.05     0  06:00        0.05
  SJ1132               JUNCTION     0.00     0.00   231.09     0  02:42        0.00
  SJ1133               JUNCTION     0.03     0.03   226.39     0  00:44        0.03
  SJ1134               JUNCTION     0.02     0.04   205.75     0  06:00        0.04
  SJ1135               JUNCTION     0.03     0.03   207.59     0  01:11        0.03
  SJ1136               JUNCTION     0.05     0.08   205.64     0  04:29        0.08
  SJ1137               JUNCTION     0.03     0.04   224.31     0  02:17        0.04
  SJ1138               JUNCTION     0.06     0.09   205.64     0  04:28        0.09
  SJ1139               JUNCTION     0.01     0.01   220.22     0  06:00        0.01
  SJ1140               JUNCTION     0.01     0.01   229.75     0  06:00        0.01
  SJ1141               JUNCTION     0.01     0.01   219.81     0  00:05        0.01
  SJ1142               JUNCTION     0.05     0.06   207.61     0  06:00        0.06
  SJ1144               JUNCTION     0.03     0.04   232.73     0  00:12        0.04
  SJ1145               JUNCTION     0.04     0.13   205.45     0  03:39        0.11
  SJ1146               JUNCTION     0.02     0.02   210.94     0  01:09        0.02
  SJ1147               JUNCTION     0.02     0.02   205.72     0  06:00        0.02
  SJ1148               JUNCTION     0.01     0.01   209.81     0  00:14        0.01
  SJ1149               JUNCTION     0.06     0.07   222.01     0  06:00        0.07
  SJ1150               JUNCTION     0.02     0.02   244.34     0  01:22        0.02
  SJ1151               JUNCTION     0.02     0.02   242.94     0  02:50        0.02
  SJ1152               JUNCTION     0.06     0.08   205.65     0  06:00        0.08
  SJ1153               JUNCTION     0.01     0.01   224.27     0  00:04        0.01
  SJ1154               JUNCTION     0.01     0.01   206.95     0  00:56        0.01
  SJ1155               JUNCTION     0.03     0.03   240.56     0  06:00        0.03
  SJ1156               JUNCTION     0.02     0.02   228.56     0  02:38        0.02
  SJ1157               JUNCTION     0.03     0.07   205.79     0  06:00        0.07
  SJ1158               JUNCTION     0.01     0.01   227.02     0  00:04        0.01
  SJ1159               JUNCTION     0.04     0.04   221.07     0  06:00        0.04
  SJ1160               JUNCTION     0.06     0.06   219.99     0  06:00        0.06
  SJ1161               JUNCTION     0.03     0.03   208.47     0  00:26        0.03
  SJ1162               JUNCTION     0.05     0.06   231.52     0  06:00        0.06
  SJ1163               JUNCTION     0.01     0.01   228.30     0  06:00        0.01
  SJ1164               JUNCTION     0.02     0.02   223.83     0  00:16        0.02
  SJ1165               JUNCTION     0.04     0.05   206.25     0  03:15        0.05
  SJ1166               JUNCTION     0.03     0.03   209.06     0  06:00        0.03
  SJ1167               JUNCTION     0.01     0.01   220.83     0  00:25        0.01
  SJ1168               JUNCTION     0.02     0.02   229.12     0  04:49        0.02
  SJ1169               JUNCTION     0.01     0.01   222.19     0  00:11        0.01
  SJ1170               JUNCTION     0.01     0.01   225.90     0  00:10        0.01
  SJ1171               JUNCTION     0.01     0.01   217.32     0  00:10        0.01
  SJ1172               JUNCTION     0.03     0.03   219.68     0  00:14        0.03
  SJ1173               JUNCTION     0.04     0.04   230.61     0  04:28        0.04
  SJ1174               JUNCTION     0.06     0.07   207.66     0  06:00        0.07
  SJ1175               JUNCTION     0.01     0.01   227.64     0  00:08        0.01
  SJ1176               JUNCTION     0.02     0.02   214.55     0  00:47        0.02
  SJ1177               JUNCTION     0.04     0.04   226.65     0  05:55        0.04
  SJ1178               JUNCTION     0.05     0.06   205.55     0  06:00        0.06
  SJ1179               JUNCTION     0.01     0.01   229.46     0  00:06        0.01
  SJ1180               JUNCTION     0.02     0.03   206.69     0  01:16        0.03
  SJ1181               JUNCTION     0.08     0.10   205.65     0  06:00        0.10
  SJ1182               JUNCTION     0.02     0.02   205.58     0  06:00        0.02
  SJ1183               JUNCTION     0.03     0.03   219.10     0  00:08        0.03
  SJ1184               JUNCTION     0.01     0.01   207.22     0  03:25        0.01
  SJ1185               JUNCTION     0.02     0.02   205.13     0  06:00        0.02
  SJ1186               JUNCTION     0.03     0.05   209.67     0  06:00        0.05
  SJ1187               JUNCTION     0.02     0.03   212.66     0  00:13        0.03
  SJ1188               JUNCTION     0.01     0.01   218.43     0  00:16        0.01
  SJ1189               JUNCTION     0.03     0.03   205.68     0  00:35        0.03
  SJ1190               JUNCTION     0.03     0.04   205.96     0  00:07        0.03
  SJ1191               JUNCTION     0.06     0.10   205.64     0  04:26        0.09
  SJ1192               JUNCTION     0.02     0.02   229.30     0  00:40        0.02
  SJ1193               JUNCTION     0.02     0.02   209.47     0  06:00        0.02
  SJ1194               JUNCTION     0.06     0.12   210.79     0  03:07        0.11
  SJ1195               JUNCTION     0.02     0.02   225.32     0  00:20        0.02
  SJ1196               JUNCTION     0.00     0.02   205.64     0  06:00        0.02
  SJ1197               JUNCTION     0.03     0.04   205.65     0  06:00        0.04
  SJ1198               JUNCTION     0.02     0.02   210.72     0  02:22        0.02
  SJ1199               JUNCTION     0.01     0.01   229.72     0  01:49        0.01
  SJ1200               JUNCTION     0.04     0.05   205.64     0  04:48        0.05
  SJ1201               JUNCTION     0.01     0.01   209.67     0  06:00        0.01
  SJ1202               JUNCTION     0.02     0.03   206.96     0  00:54        0.03
  SJ1203               JUNCTION     0.01     0.01   236.81     0  06:00        0.01
  SJ1204               JUNCTION     0.01     0.01   234.75     0  02:46        0.01
  SJ1205               JUNCTION     0.02     0.02   245.16     0  01:16        0.02
  SJ1206               JUNCTION     0.03     0.03   225.73     0  06:00        0.03
  SJ1207               JUNCTION     0.02     0.03   205.65     0  00:37        0.03
  SJ1208               JUNCTION     0.02     0.02   205.56     0  06:00        0.02
  SJ1210               JUNCTION     0.02     0.02   227.60     0  00:12        0.02
  SJ1211               JUNCTION     0.10     0.16   205.61     0  06:00        0.16
  SJ1212               JUNCTION     0.01     0.01   224.76     0  02:25        0.01
  SJ1213               JUNCTION     0.02     0.02   208.27     0  04:46        0.02
  SJ1214               JUNCTION     0.04     0.05   207.67     0  06:00        0.05
  SJ1215               JUNCTION     0.03     0.03   230.06     0  02:06        0.03
  SJ1216               JUNCTION     0.01     0.01   231.14     0  05:21        0.01
  SJ1217               JUNCTION     0.01     0.01   228.36     0  00:06        0.01
  SJ1218               JUNCTION     0.20     0.32   205.89     0  06:00        0.32
  SJ1219               JUNCTION     0.01     0.02   205.54     0  00:18        0.02
  SJ1220               JUNCTION     0.11     0.20   211.88     0  05:59        0.20
  SJ1221               JUNCTION     0.01     0.02   210.24     0  00:14        0.02
  SJ1222               JUNCTION     0.02     0.02   211.18     0  00:33        0.02
  SJ1223               JUNCTION     0.01     0.01   206.15     0  01:49        0.01
  SJ1224               JUNCTION     0.02     0.02   220.39     0  06:00        0.02
  SJ1225               JUNCTION     0.03     0.03   222.60     0  00:18        0.03
  SJ1226               JUNCTION     0.01     0.02   220.89     0  04:29        0.02
  SJ1227               JUNCTION     0.06     0.14   206.27     0  04:51        0.13
  SJ1228               JUNCTION     0.02     0.02   205.50     0  06:00        0.02
  SJ1229               JUNCTION     0.01     0.01   218.65     0  00:04        0.01
  SJ1230               JUNCTION     0.02     0.02   226.44     0  00:25        0.02
  SJ1231               JUNCTION     0.03     0.03   234.38     0  00:29        0.03
  SJ1232               JUNCTION     0.01     0.01   215.99     0  06:00        0.01
  SJ1233               JUNCTION     0.02     0.03   205.65     0  05:49        0.03
  SJ1234               JUNCTION     0.01     0.01   209.29     0  00:21        0.01
  SJ1235               JUNCTION     0.03     0.03   226.46     0  05:44        0.03
  SJ1236               JUNCTION     0.03     0.03   232.74     0  00:30        0.03
  SJ1237               JUNCTION     0.09     0.13   205.64     0  04:24        0.13
  SJ1238               JUNCTION     0.03     0.03   206.68     0  01:19        0.03
  SJ1239               JUNCTION     0.10     0.18   211.84     0  06:00        0.18
  SJ0315               STORAGE      0.10     0.15   205.64     0  04:24        0.15
  SJ0321               STORAGE      0.06     0.10   205.11     0  06:00        0.10
  SJ0337               STORAGE      0.06     0.15   205.57     0  03:53        0.14
  SJ0344               STORAGE      0.10     0.15   205.11     0  05:07        0.15
  SJ0352               STORAGE      0.06     0.15   206.25     0  04:50        0.14
  SJ0376               STORAGE      0.05     0.16   210.59     0  04:03        0.14
  SJ0477               STORAGE      0.07     0.15   209.70     0  03:05        0.11
  SJ0478               STORAGE      0.08     0.15   210.80     0  03:05        0.13
  SJ0486               STORAGE      0.03     0.04   209.12     0  06:00        0.04
  SJ0546               STORAGE      0.07     0.13   205.50     0  06:00        0.13
  SJ0640               STORAGE      0.03     0.05   208.79     0  06:00        0.05
  SJ0684               STORAGE      0.04     0.07   206.66     0  06:00        0.07
  SJ0685               STORAGE      0.01     0.02   207.77     0  06:00        0.02
  SJ0729               STORAGE      0.04     0.07   211.05     0  06:00        0.07
  SJ0748               STORAGE      0.04     0.07   208.06     0  06:00        0.07
  SJ0749               STORAGE      0.00     0.00   208.81     0  00:00        0.00
  SJ0760               STORAGE      0.05     0.16   208.74     0  02:51        0.08
  SJ0824               STORAGE      0.04     0.06   208.18     0  06:00        0.06
  SJ0851               STORAGE      0.06     0.15   205.45     0  03:39        0.14
  SJ0864               STORAGE      0.06     0.11   210.52     0  06:00        0.11
  SJ0971               STORAGE      0.07     0.12   205.78     0  06:00        0.12
  SJ1028               STORAGE      0.07     0.15   206.27     0  03:03        0.14
  SJ1075               STORAGE      0.09     0.15   210.44     0  06:00        0.15
  SJ1143               STORAGE      0.03     0.05   207.10     0  06:00        0.05
  SJ1209               STORAGE      0.03     0.05   208.64     0  06:00        0.05
  SJ0242               OUTFALL      0.09     0.16   211.82     0  06:00        0.16
  
  
  *******************
  Node Inflow Summary
  *******************
  
  -------------------------------------------------------------------------------------------------
                                  Maximum  Maximum                  Lateral       Total        Flow
                                  Lateral    Total  Time of Max      Inflow      Inflow     Balance
                                   Inflow   Inflow   Occurrence      Volume      Volume       Error
  Node                 Type           CMS      CMS  days hr:min    10^6 ltr    10^6 ltr     Percent
  -------------------------------------------------------------------------------------------------
  SJ0001               JUNCTION     0.000    0.008     0  06:00           0       0.121       3.036
  SJ0002               JUNCTION     0.000    0.016     0  06:00           0       0.166      20.539
  SJ0003               JUNCTION     0.000    0.005     0  06:00           0      0.0878       1.128
  SJ0004               JUNCTION     0.000    0.005     0  06:00           0      0.0922       1.610
  SJ0005               JUNCTION     0.000    0.000     0  00:00     0.00093     0.00093       0.965
  SJ0006               JUNCTION     0.000    0.002     0  06:00           0      0.0274       4.169
  SJ0007               JUNCTION     0.000    0.001     0  05:50     0.00367      0.0134       2.282
  SJ0008               JUNCTION     0.000    0.001     0  05:47           0      0.0211       2.606
  SJ0009               JUNCTION     0.000    0.001     0  05:53     0.00548      0.0179       3.149
  SJ0010               JUNCTION     0.000    0.001     0  04:46           0       0.023       2.315
  SJ0011               JUNCTION     0.000    0.001     0  05:53     0.00381      0.0244       0.758
  SJ0012               JUNCTION     0.000    0.000     0  00:00     0.00268     0.00268       3.151
  SJ0013               JUNCTION     0.000    0.001     0  06:00           0     0.00766      11.445
  SJ0014               JUNCTION     0.000    0.000     0  00:00     0.00247     0.00247       0.552
  SJ0015               JUNCTION     0.000    0.000     0  02:23           0     0.00448       2.200
  SJ0016               JUNCTION     0.000    0.000     0  06:00    0.000317     0.00039      17.378
  SJ0017               JUNCTION     0.000    0.000     0  06:00    0.000555    0.000888      20.821
  SJ0018               JUNCTION     0.000    0.000     0  00:00     0.00263     0.00263       5.066
  SJ0019               JUNCTION     0.000    0.000     0  00:48           0     0.00454       8.411
  SJ0020               JUNCTION     0.000    0.000     0  00:00     0.00349     0.00349       1.952
  SJ0021               JUNCTION     0.000    0.000     0  02:20     0.00311     0.00653       2.320
  SJ0022               JUNCTION     0.000    0.000     0  00:27     0.00135     0.00336       8.503
  SJ0023               JUNCTION     0.000    0.000     0  06:00           0     0.00688      11.099
  SJ0024               JUNCTION     0.000    0.000     0  06:00           0     0.00564       9.837
  SJ0025               JUNCTION     0.000    0.000     0  06:00           0     0.00715      32.350
  SJ0026               JUNCTION     0.000    0.000     0  00:00     0.00285     0.00285       1.970
  SJ0027               JUNCTION     0.000    0.001     0  05:53           0      0.0151       2.784
  SJ0028               JUNCTION     0.000    0.000     0  00:00     0.00597     0.00597      16.367
  SJ0029               JUNCTION     0.000    0.001     0  03:12           0      0.0109      69.931
  SJ0030               JUNCTION     0.000    0.002     0  01:36           0      0.0477       1.055
  SJ0031               JUNCTION     0.000    0.010     0  06:00           0       0.184       2.518
  SJ0032               JUNCTION     0.000    0.000     0  02:24     0.00389     0.00462      75.587
  SJ0033               JUNCTION     0.000    0.016     0  06:00           0       0.207      22.322
  SJ0034               JUNCTION     0.000    0.001     0  06:00           0     0.00424      48.652
  SJ0035               JUNCTION     0.000    0.001     0  06:00           0     0.00357      33.367
  SJ0036               JUNCTION     0.000    0.000     0  00:00       0.005       0.005       6.160
  SJ0037               JUNCTION     0.000    0.000     0  05:56           0     0.00974       3.146
  SJ0038               JUNCTION     0.000    0.001     0  06:00           0       0.013       3.626
  SJ0039               JUNCTION     0.000    0.001     0  06:00           0      0.0135      34.205
  SJ0040               JUNCTION     0.000    0.000     0  00:00     0.00555     0.00555      12.165
  SJ0041               JUNCTION     0.000    0.001     0  04:31           0      0.0188      36.881
  SJ0042               JUNCTION     0.000    0.000     0  00:00     0.00373     0.00373       1.610
  SJ0043               JUNCTION     0.000    0.001     0  02:42           0      0.0136       2.502
  SJ0044               JUNCTION     0.000    0.000     0  00:00      0.0033      0.0033       2.399
  SJ0045               JUNCTION     0.000    0.000     0  00:26           0     0.00715       4.908
  SJ0046               JUNCTION     0.000    0.001     0  00:24           0      0.0131       1.163
  SJ0047               JUNCTION     0.000    0.001     0  06:00           0      0.0225       1.392
  SJ0048               JUNCTION     0.000    0.000     0  00:00     0.00374     0.00374       2.250
  SJ0049               JUNCTION     0.000    0.001     0  01:09           0      0.0128       1.574
  SJ0050               JUNCTION     0.000    0.000     0  03:47     0.00143     0.00189     326.046
  SJ0051               JUNCTION     0.000    0.017     0  06:00           0       0.151      24.295
  SJ0052               JUNCTION     0.000    0.017     0  03:49           0      0.0839      12.043
  SJ0053               JUNCTION     0.000    0.012     0  03:57           0      0.0735      22.014
  SJ0054               JUNCTION     0.000    0.001     0  05:36     0.00451      0.0161       0.950
  SJ0055               JUNCTION     0.000    0.001     0  05:36           0        0.02       2.243
  SJ0056               JUNCTION     0.000    0.002     0  06:00      0.0032      0.0419       0.940
  SJ0057               JUNCTION     0.000    0.002     0  06:00     0.00273      0.0443       1.653
  SJ0058               JUNCTION     0.000    0.001     0  06:00           0      0.0146      17.552
  SJ0059               JUNCTION     0.000    0.001     0  06:00           0      0.0141       4.530
  SJ0060               JUNCTION     0.000    0.000     0  00:00     0.00112     0.00112       5.976
  SJ0061               JUNCTION     0.000    0.002     0  06:00           0      0.0408       4.192
  SJ0062               JUNCTION     0.000    0.017     0  06:00           0        0.17      10.616
  SJ0063               JUNCTION     0.000    0.017     0  06:00           0       0.163       3.169
  SJ0064               JUNCTION     0.000    0.000     0  02:20           0     0.00342      78.229
  SJ0065               JUNCTION     0.000    0.002     0  02:09     0.00332      0.0429       1.533
  SJ0066               JUNCTION     0.000    0.002     0  02:15           0      0.0455       0.680
  SJ0067               JUNCTION     0.000    0.000     0  06:00     0.00373      0.0102      15.529
  SJ0068               JUNCTION     0.000    0.001     0  06:00           0      0.0128       9.088
  SJ0069               JUNCTION     0.000    0.005     0  06:00           0      0.0837       1.451
  SJ0070               JUNCTION     0.000    0.005     0  06:00           0       0.087       1.818
  SJ0071               JUNCTION     0.000    0.000     0  00:00     0.00138     0.00138      13.637
  SJ0072               JUNCTION     0.000    0.001     0  06:00           0     0.00809      10.896
  SJ0073               JUNCTION     0.000    0.000     0  00:00     0.00357     0.00357       1.682
  SJ0074               JUNCTION     0.000    0.001     0  06:00           0      0.0188       1.812
  SJ0075               JUNCTION     0.000    0.000     0  00:00     0.00506     0.00506      31.049
  SJ0076               JUNCTION     0.000    0.002     0  02:25           0      0.0285      27.945
  SJ0077               JUNCTION     0.000    0.001     0  06:00     0.00319      0.0279       1.392
  SJ0078               JUNCTION     0.000    0.002     0  06:00           0      0.0395       5.014
  SJ0079               JUNCTION     0.000    0.000     0  06:00     0.00214     0.00696       3.802
  SJ0080               JUNCTION     0.000    0.000     0  06:00           0     0.00739      20.048
  SJ0081               JUNCTION     0.000    0.008     0  06:00           0       0.121       2.428
  SJ0082               JUNCTION     0.000    0.008     0  06:00           0       0.121       0.981
  SJ0083               JUNCTION     0.000    0.000     0  02:01           0     0.00794       4.089
  SJ0084               JUNCTION     0.000    0.001     0  02:16           0      0.0106       7.009
  SJ0085               JUNCTION     0.000    0.000     0  00:00     0.00227     0.00227       4.830
  SJ0086               JUNCTION     0.000    0.000     0  02:17           0     0.00256     141.854
  SJ0087               JUNCTION     0.000    0.000     0  00:00     0.00553     0.00553       3.384
  SJ0088               JUNCTION     0.000    0.001     0  00:47           0      0.0106       2.560
  SJ0089               JUNCTION     0.000    0.000     0  00:00     0.00415     0.00415       2.815
  SJ0090               JUNCTION     0.000    0.000     0  05:44           0     0.00677       6.850
  SJ0091               JUNCTION     0.000    0.000     0  00:00     0.00362     0.00362       9.522
  SJ0092               JUNCTION     0.000    0.001     0  04:35           0      0.0165      18.709
  SJ0093               JUNCTION     0.000    0.008     0  06:00     0.00413       0.139       1.404
  SJ0094               JUNCTION     0.000    0.009     0  06:00           0       0.153       1.209
  SJ0095               JUNCTION     0.000    0.000     0  04:43           0     0.00155     102.011
  SJ0096               JUNCTION     0.000    0.001     0  06:00           0       0.007      43.961
  SJ0097               JUNCTION     0.000    0.000     0  00:00      0.0089      0.0089       1.979
  SJ0098               JUNCTION     0.000    0.001     0  02:40     0.00643      0.0152      45.960
  SJ0099               JUNCTION     0.000    0.002     0  06:00           0       0.029      15.154
  SJ0100               JUNCTION     0.000    0.006     0  06:00           0      0.0922       2.023
  SJ0101               JUNCTION     0.000    0.000     0  04:24           0     0.00481      51.856
  SJ0102               JUNCTION     0.000    0.000     0  06:00           0      0.0035      27.081
  SJ0103               JUNCTION     0.000    0.000     0  05:53           0     0.00955       5.403
  SJ0104               JUNCTION     0.000    0.000     0  06:00     0.00141     0.00155     153.088
  SJ0105               JUNCTION     0.000    0.001     0  06:00           0     0.00692    4037.316
  SJ0106               JUNCTION     0.000    0.001     0  06:00           0      0.0101       5.517
  SJ0107               JUNCTION     0.000    0.002     0  06:00           0       0.013      61.673
  SJ0108               JUNCTION     0.000    0.002     0  06:00           0      0.0104      27.860
  SJ0109               JUNCTION     0.000    0.001     0  01:17           0      0.0164       1.137
  SJ0110               JUNCTION     0.000    0.001     0  02:31     0.00465      0.0169       2.095
  SJ0111               JUNCTION     0.000    0.001     0  02:53     0.00476      0.0213       1.821
  SJ0112               JUNCTION     0.000    0.000     0  00:00      0.0046      0.0046       0.843
  SJ0113               JUNCTION     0.000    0.000     0  01:06     0.00569      0.0103       2.056
  SJ0114               JUNCTION     0.000    0.000     0  06:00     0.00379     0.00423       4.737
  SJ0115               JUNCTION     0.000    0.002     0  06:00           0      0.0277       4.411
  SJ0116               JUNCTION     0.000    0.000     0  00:00    0.000975    0.000975      15.948
  SJ0117               JUNCTION     0.000    0.000     0  06:00           0     0.00257      13.307
  SJ0118               JUNCTION     0.000    0.000     0  00:00     0.00452     0.00452       1.434
  SJ0119               JUNCTION     0.000    0.001     0  05:35           0      0.0293       1.988
  SJ0120               JUNCTION     0.000    0.002     0  06:00           0       0.025       2.252
  SJ0121               JUNCTION     0.000    0.002     0  06:00           0      0.0296       2.971
  SJ0122               JUNCTION     0.000    0.001     0  06:00           0      0.0105       8.885
  SJ0123               JUNCTION     0.000    0.001     0  06:00     0.00456      0.0137       7.141
  SJ0124               JUNCTION     0.000    0.000     0  04:58           0      0.0092      10.518
  SJ0125               JUNCTION     0.000    0.001     0  06:00           0     0.00986      25.374
  SJ0126               JUNCTION     0.000    0.000     0  00:00    0.000159    0.000159      77.507
  SJ0127               JUNCTION     0.000    0.000     0  06:00    0.000555    0.000645      57.114
  SJ0128               JUNCTION     0.000    0.005     0  06:00           0      0.0859       1.734
  SJ0129               JUNCTION     0.000    0.006     0  06:00     0.00497      0.0894       1.707
  SJ0130               JUNCTION     0.000    0.000     0  02:43     0.00331     0.00627       8.610
  SJ0131               JUNCTION     0.000    0.001     0  06:00           0      0.0119      10.782
  SJ0132               JUNCTION     0.000    0.000     0  00:27           0     0.00414       5.924
  SJ0133               JUNCTION     0.000    0.000     0  05:49           0      0.0054       4.080
  SJ0134               JUNCTION     0.000    0.000     0  06:00           0     0.00264      44.105
  SJ0135               JUNCTION     0.000    0.000     0  06:00           0     0.00308       9.584
  SJ0136               JUNCTION     0.000    0.000     0  01:34    0.000238    0.000977      11.955
  SJ0137               JUNCTION     0.000    0.000     0  02:25           0     0.00193      17.576
  SJ0138               JUNCTION     0.000    0.002     0  01:58           0      0.0197      80.119
  SJ0139               JUNCTION     0.000    0.015     0  05:44           0       0.224       5.122
  SJ0140               JUNCTION     0.000    0.001     0  05:56     0.00145      0.0119       4.837
  SJ0141               JUNCTION     0.000    0.001     0  06:00           0      0.0133       6.465
  SJ0142               JUNCTION     0.000    0.000     0  00:00     0.00597     0.00597       1.518
  SJ0143               JUNCTION     0.000    0.005     0  06:00           0      0.0825       0.898
  SJ0144               JUNCTION     0.000    0.000     0  00:00     0.00189     0.00189       1.595
  SJ0145               JUNCTION     0.000    0.000     0  06:00      0.0033     0.00516       5.010
  SJ0146               JUNCTION     0.000    0.000     0  00:00    7.93e-05    7.93e-05      57.564 ltr
  SJ0147               JUNCTION     0.000    0.000     0  06:00           0     0.00105      19.221
  SJ0148               JUNCTION     0.000    0.001     0  06:00           0     0.00788     122.163
  SJ0149               JUNCTION     0.000    0.001     0  06:00     0.00619      0.0107       2.625
  SJ0150               JUNCTION     0.000    0.001     0  06:00           0      0.0155       4.725
  SJ0151               JUNCTION     0.000    0.002     0  03:59    0.000238     0.00655    3533.268
  SJ0152               JUNCTION     0.000    0.000     0  06:00           0     0.00525       8.850
  SJ0153               JUNCTION     0.000    0.000     0  00:00     0.00103     0.00103       9.105
  SJ0154               JUNCTION     0.000    0.000     0  06:00           0     0.00136      18.682
  SJ0155               JUNCTION     0.000    0.002     0  06:00           0      0.0302       3.972
  SJ0156               JUNCTION     0.000    0.016     0  06:00           0       0.253       4.324
  SJ0157               JUNCTION     0.000    0.001     0  06:00     0.00232        0.01       5.791
  SJ0158               JUNCTION     0.000    0.001     0  06:00           0      0.0238       7.185
  SJ0159               JUNCTION     0.000    0.000     0  06:00     0.00365        0.01       3.343
  SJ0160               JUNCTION     0.000    0.001     0  03:57           0      0.0133       4.159
  SJ0161               JUNCTION     0.000    0.000     0  00:00    0.000793    0.000793       7.562
  SJ0162               JUNCTION     0.000    0.000     0  01:39           0     0.00163      29.357
  SJ0163               JUNCTION     0.000    0.000     0  00:00     0.00112     0.00112       8.932
  SJ0164               JUNCTION     0.000    0.000     0  05:09           0     0.00264     121.088
  SJ0165               JUNCTION     0.000    0.000     0  00:00     0.00111     0.00111      13.189
  SJ0166               JUNCTION     0.000    0.000     0  01:39           0     0.00805      27.007
  SJ0167               JUNCTION     0.000    0.000     0  00:00     0.00136     0.00136      12.428
  SJ0168               JUNCTION     0.000    0.000     0  02:22           0      0.0017      23.209
  SJ0169               JUNCTION     0.000    0.016     0  06:00           0       0.136      43.967
  SJ0170               JUNCTION     0.000    0.056     0  06:00           0       0.498       4.794
  SJ0171               JUNCTION     0.000    0.000     0  00:00     0.00577     0.00577       8.517
  SJ0172               JUNCTION     0.000    0.000     0  03:24           0      0.0074       4.083
  SJ0173               JUNCTION     0.000    0.000     0  03:32    0.000952     0.00111      35.773
  SJ0174               JUNCTION     0.000    0.002     0  06:00           0      0.0142       7.003
  SJ0175               JUNCTION     0.000    0.001     0  01:59           0      0.0175      13.049
  SJ0176               JUNCTION     0.000    0.001     0  06:00     0.00158       0.017       9.710
  SJ0177               JUNCTION     0.000    0.000     0  00:00     0.00211     0.00211       7.761
  SJ0178               JUNCTION     0.000    0.000     0  03:01           0     0.00334      18.425
  SJ0179               JUNCTION     0.000    0.002     0  01:15           0      0.0433       1.833
  SJ0180               JUNCTION     0.000    0.002     0  01:13           0      0.0426      11.197
  SJ0181               JUNCTION     0.000    0.001     0  06:00           0      0.0177      12.849
  SJ0182               JUNCTION     0.000    0.001     0  06:00           0      0.0161      35.798
  SJ0183               JUNCTION     0.000    0.000     0  00:00     0.00155     0.00155      26.694
  SJ0184               JUNCTION     0.000    0.001     0  06:00           0      0.0109      38.932
  SJ0185               JUNCTION     0.000    0.001     0  06:00           0      0.0075      95.982
  SJ0186               JUNCTION     0.000    0.001     0  06:00           0       0.008      53.879
  SJ0187               JUNCTION     0.000    0.000     0  00:00     0.00189     0.00189       2.689
  SJ0188               JUNCTION     0.000    0.000     0  04:39           0     0.00567      42.269
  SJ0189               JUNCTION     0.000    0.005     0  06:00     0.00269      0.0846       1.810
  SJ0190               JUNCTION     0.000    0.041     0  06:00           0       0.469       6.483
  SJ0191               JUNCTION     0.000    0.000     0  00:00     0.00308     0.00308       4.430
  SJ0192               JUNCTION     0.000    0.000     0  00:00     0.00416     0.00416       1.335
  SJ0193               JUNCTION     0.000    0.000     0  01:43     0.00469      0.0088       5.053
  SJ0194               JUNCTION     0.000    0.000     0  00:00     0.00128     0.00128       2.833
  SJ0195               JUNCTION     0.000    0.001     0  05:59     0.00365      0.0248       1.659
  SJ0196               JUNCTION     0.000    0.004     0  06:00           0      0.0609       2.644
  SJ0197               JUNCTION     0.000    0.000     0  00:00     0.00622     0.00622      17.566
  SJ0198               JUNCTION     0.000    0.001     0  05:50     0.00746      0.0128     107.599
  SJ0199               JUNCTION     0.000    0.000     0  00:00     0.00264     0.00264       2.604
  SJ0200               JUNCTION     0.000    0.003     0  06:00           0      0.0553       3.468
  SJ0201               JUNCTION     0.000    0.003     0  06:00           0      0.0475       2.330
  SJ0202               JUNCTION     0.000    0.012     0  06:00           0         0.2       1.359
  SJ0203               JUNCTION     0.000    0.008     0  06:00           0       0.119       1.712
  SJ0204               JUNCTION     0.000    0.008     0  06:00           0       0.118       1.682
  SJ0205               JUNCTION     0.000    0.001     0  06:00           0      0.0117      10.206
  SJ0206               JUNCTION     0.000    0.001     0  06:00           0      0.0222       6.706
  SJ0207               JUNCTION     0.000    0.000     0  00:19     0.00309      0.0084       1.817
  SJ0208               JUNCTION     0.000    0.001     0  06:00           0      0.0231       2.910
  SJ0209               JUNCTION     0.000    0.000     0  00:00     0.00583     0.00583       3.908
  SJ0210               JUNCTION     0.000    0.000     0  04:29    0.000397    0.000507      76.962
  SJ0211               JUNCTION     0.000    0.001     0  06:00           0     0.00979      15.188
  SJ0212               JUNCTION     0.000    0.000     0  00:00     0.00283     0.00283       3.066
  SJ0213               JUNCTION     0.000    0.000     0  00:22           0     0.00976       8.499
  SJ0214               JUNCTION     0.000    0.000     0  06:00     0.00338     0.00694       5.540
  SJ0215               JUNCTION     0.000    0.000     0  06:00           0     0.00849      13.917
  SJ0216               JUNCTION     0.000    0.001     0  05:57           0      0.0297       0.737
  SJ0217               JUNCTION     0.000    0.002     0  05:57           0      0.0364       2.726
  SJ0218               JUNCTION     0.000    0.000     0  04:00      0.0038     0.00634       5.244
  SJ0219               JUNCTION     0.000    0.000     0  05:46     0.00409      0.0101       3.512
  SJ0220               JUNCTION     0.000    0.000     0  00:00     0.00215     0.00215       3.375
  SJ0221               JUNCTION     0.000    0.000     0  04:15     0.00357     0.00565       9.492
  SJ0222               JUNCTION     0.000    0.001     0  06:00           0      0.0106       0.871
  SJ0223               JUNCTION     0.000    0.001     0  06:00           0      0.0157       1.552
  SJ0224               JUNCTION     0.000    0.002     0  06:00           0      0.0341       1.114
  SJ0225               JUNCTION     0.000    0.002     0  06:00           0      0.0381       0.877
  SJ0226               JUNCTION     0.000    0.000     0  00:00      0.0021      0.0021       4.699
  SJ0227               JUNCTION     0.000    0.000     0  06:00     0.00451     0.00651      12.541
  SJ0228               JUNCTION     0.000    0.000     0  06:00    0.000397     0.00356       7.176
  SJ0229               JUNCTION     0.000    0.000     0  06:00           0     0.00542       3.419
  SJ0230               JUNCTION     0.000    0.000     0  00:00     0.00357     0.00357       2.014
  SJ0231               JUNCTION     0.000    0.000     0  00:17           0     0.00596       3.899
  SJ0232               JUNCTION     0.000    0.002     0  01:34     0.00423      0.0351       0.606
  SJ0233               JUNCTION     0.000    0.012     0  06:00           0       0.202       1.836
  SJ0234               JUNCTION     0.000    0.012     0  06:00     0.00406       0.202       0.985
  SJ0235               JUNCTION     0.000    0.000     0  00:00     0.00436     0.00436       5.587
  SJ0236               JUNCTION     0.000    0.001     0  00:33           0      0.0134      11.372
  SJ0237               JUNCTION     0.000    0.000     0  04:58     0.00419     0.00682      19.288
  SJ0238               JUNCTION     0.000    0.012     0  06:00           0       0.195       1.160
  SJ0239               JUNCTION     0.000    0.000     0  06:00           0     0.00498       7.282
  SJ0240               JUNCTION     0.000    0.000     0  06:00           0     0.00726      11.629
  SJ0241               JUNCTION     0.000    0.104     0  03:47           0        0.46       3.567
  SJ0243               JUNCTION     0.000    0.001     0  06:00     0.00466       0.011       3.534
  SJ0244               JUNCTION     0.000    0.001     0  06:00     0.00508      0.0157       1.439
  SJ0245               JUNCTION     0.000    0.000     0  00:00     0.00541     0.00541       0.341
  SJ0246               JUNCTION     0.000    0.002     0  03:09           0      0.0339       3.005
  SJ0247               JUNCTION     0.000    0.000     0  00:00     0.00341     0.00341       1.461
  SJ0248               JUNCTION     0.000    0.001     0  06:00           0      0.0103      13.007
  SJ0249               JUNCTION     0.000    0.000     0  00:00     0.00357     0.00357       0.984
  SJ0250               JUNCTION     0.000    0.000     0  06:00           0     0.00509      16.724
  SJ0251               JUNCTION     0.000    0.000     0  03:47           0     0.00218     126.543
  SJ0252               JUNCTION     0.000    0.002     0  03:41           0      0.0169      38.769
  SJ0253               JUNCTION     0.000    0.000     0  00:00     0.00532     0.00532       0.617
  SJ0254               JUNCTION     0.000    0.001     0  00:23           0      0.0151       4.145
  SJ0255               JUNCTION     0.000    0.000     0  00:00     0.00527     0.00527       0.265
  SJ0256               JUNCTION     0.000    0.001     0  06:00     0.00274      0.0135       3.206
  SJ0257               JUNCTION     0.000    0.000     0  00:00     0.00151     0.00151       0.926
  SJ0258               JUNCTION     0.000    0.000     0  00:00    0.000578    0.000578      18.070
  SJ0259               JUNCTION     0.000    0.000     0  00:40           0     0.00992       1.212
  SJ0260               JUNCTION     0.000    0.001     0  06:00           0      0.0117       4.200
  SJ0261               JUNCTION     0.000    0.000     0  00:00    0.000249    0.000249      56.228
  SJ0262               JUNCTION     0.000    0.000     0  06:00           0    0.000272     252.593 ltr
  SJ0263               JUNCTION     0.000    0.000     0  00:00     0.00401     0.00401      12.076
  SJ0264               JUNCTION     0.000    0.002     0  06:00           0      0.0291      11.746
  SJ0265               JUNCTION     0.000    0.002     0  04:17     0.00385      0.0368       2.639
  SJ0266               JUNCTION     0.000    0.000     0  00:00    7.93e-05    7.93e-05       2.158
  SJ0267               JUNCTION     0.000    0.000     0  03:43           0     0.00172      26.504
  SJ0268               JUNCTION     0.000    0.000     0  04:33     0.00198     0.00485       9.735
  SJ0269               JUNCTION     0.000    0.001     0  06:00           0     0.00749      28.887
  SJ0270               JUNCTION     0.000    0.000     0  00:00     0.00356     0.00356       1.053
  SJ0271               JUNCTION     0.000    0.000     0  06:00           0      0.0052       8.183
  SJ0272               JUNCTION     0.000    0.000     0  03:12     0.00466      0.0104       3.833
  SJ0273               JUNCTION     0.000    0.001     0  04:19     0.00453      0.0146       2.403
  SJ0274               JUNCTION     0.000    0.002     0  06:00           0      0.0312       7.989
  SJ0275               JUNCTION     0.000    0.022     0  06:00           0       0.339       1.128
  SJ0276               JUNCTION     0.000    0.001     0  03:51     0.00629       0.029       1.624
  SJ0277               JUNCTION     0.000    0.003     0  03:43     0.00203      0.0312      38.156
  SJ0278               JUNCTION     0.000    0.001     0  06:00    0.000952     0.00696       8.955
  SJ0279               JUNCTION     0.000    0.001     0  06:00    0.000635     0.00703       5.687
  SJ0280               JUNCTION     0.000    0.000     0  06:00           0     0.00486       6.799
  SJ0281               JUNCTION     0.000    0.000     0  00:38           0     0.00948      10.725
  SJ0282               JUNCTION     0.000    0.001     0  05:48           0      0.0115       9.725
  SJ0283               JUNCTION     0.000    0.000     0  05:21     0.00381     0.00562       6.895
  SJ0284               JUNCTION     0.000    0.000     0  06:00           0     0.00847       2.383
  SJ0285               JUNCTION     0.000    0.000     0  00:00      0.0027      0.0027       1.801
  SJ0286               JUNCTION     0.000    0.000     0  00:34           0     0.00597      17.540
  SJ0287               JUNCTION     0.000    0.037     0  03:05           0       0.225      17.030
  SJ0288               JUNCTION     0.000    0.025     0  05:59           0       0.185      18.493
  SJ0289               JUNCTION     0.000    0.000     0  00:00      0.0033      0.0033       1.415
  SJ0290               JUNCTION     0.000    0.000     0  01:39     0.00554      0.0088       2.338
  SJ0291               JUNCTION     0.000    0.000     0  06:00           0     0.00448       9.622
  SJ0292               JUNCTION     0.000    0.001     0  06:00           0      0.0175       3.569
  SJ0293               JUNCTION     0.000    0.000     0  06:00           0     0.00661      14.036
  SJ0294               JUNCTION     0.000    0.015     0  05:12           0       0.242       8.632
  SJ0295               JUNCTION     0.000    0.000     0  00:00     0.00333     0.00333       2.202
  SJ0296               JUNCTION     0.000    0.000     0  02:37     0.00532     0.00858       3.806
  SJ0297               JUNCTION     0.000    0.000     0  00:00     0.00408     0.00408       0.797
  SJ0298               JUNCTION     0.000    0.001     0  00:35           0      0.0141       2.725
  SJ0299               JUNCTION     0.000    0.000     0  00:00      0.0024      0.0024       1.278
  SJ0300               JUNCTION     0.000    0.001     0  01:05           0      0.0145       2.335
  SJ0301               JUNCTION     0.000    0.001     0  06:00           0      0.0233      16.586
  SJ0302               JUNCTION     0.000    0.003     0  06:00           0       0.041      12.414
  SJ0303               JUNCTION     0.000    0.000     0  00:00      0.0032      0.0032       4.338
  SJ0304               JUNCTION     0.000    0.000     0  00:38           0     0.00495      13.941
  SJ0305               JUNCTION     0.000    0.001     0  01:26     0.00543      0.0221       0.840
  SJ0306               JUNCTION     0.000    0.002     0  06:00           0       0.041       2.977
  SJ0307               JUNCTION     0.000    0.000     0  04:00     0.00164     0.00603       0.808
  SJ0308               JUNCTION     0.000    0.000     0  00:00    0.000181    0.000181       1.617
  SJ0309               JUNCTION     0.000    0.000     0  00:21           0    0.000803       8.707
  SJ0310               JUNCTION     0.000    0.000     0  00:28           0      0.0086      11.877
  SJ0311               JUNCTION     0.000    0.001     0  06:00           0      0.0105      19.930
  SJ0312               JUNCTION     0.000    0.001     0  05:35           0      0.0151      48.487
  SJ0313               JUNCTION     0.000    0.001     0  06:00           0      0.0142       6.284
  SJ0314               JUNCTION     0.000    0.002     0  04:34           0      0.0156      18.628
  SJ0316               JUNCTION     0.000    0.000     0  02:57     0.00261     0.00382       4.276
  SJ0317               JUNCTION     0.000    0.001     0  06:00           0      0.0158       3.895
  SJ0318               JUNCTION     0.000    0.001     0  01:50           0      0.0159       4.546
  SJ0319               JUNCTION     0.000    0.001     0  06:00           0      0.0172       3.231
  SJ0320               JUNCTION     0.000    0.001     0  01:14     0.00323      0.0174       0.655
  SJ0322               JUNCTION     0.000    0.004     0  04:54           0      0.0242       3.916
  SJ0323               JUNCTION     0.000    0.000     0  00:00     0.00122     0.00122       3.286
  SJ0324               JUNCTION     0.000    0.000     0  00:29           0     0.00717      23.295
  SJ0325               JUNCTION     0.000    0.000     0  00:00     0.00171     0.00171       0.782
  SJ0326               JUNCTION     0.000    0.000     0  01:17           0     0.00549       8.991
  SJ0327               JUNCTION     0.000    0.000     0  00:20           0     0.00671       3.045
  SJ0328               JUNCTION     0.000    0.000     0  04:00           0     0.00165       6.113
  SJ0329               JUNCTION     0.000    0.000     0  04:19     0.00143     0.00298       3.900
  SJ0330               JUNCTION     0.000    0.000     0  03:35     0.00324     0.00583       3.313
  SJ0331               JUNCTION     0.000    0.001     0  06:00           0      0.0146       7.892
  SJ0332               JUNCTION     0.000    0.000     0  00:00     0.00343     0.00343       1.046
  SJ0333               JUNCTION     0.000    0.000     0  06:00    0.000952     0.00299     158.793
  SJ0334               JUNCTION     0.000    0.002     0  06:00           0       0.022      46.656
  SJ0335               JUNCTION     0.000    0.018     0  06:00           0       0.168       6.077
  SJ0336               JUNCTION     0.000    0.005     0  06:00           0      0.0955       1.781
  SJ0338               JUNCTION     0.000    0.000     0  00:00     0.00465     0.00465       1.478
  SJ0339               JUNCTION     0.000    0.000     0  01:52     0.00409     0.00867       2.714
  SJ0340               JUNCTION     0.000    0.000     0  06:00           0      0.0031       1.319
  SJ0341               JUNCTION     0.000    0.000     0  06:00           0     0.00335      22.821
  SJ0342               JUNCTION     0.000    0.001     0  05:20           0      0.0165      26.653
  SJ0343               JUNCTION     0.000    0.001     0  04:55           0      0.0138      42.377
  SJ0345               JUNCTION     0.000    0.001     0  05:07           0     0.00362      19.120
  SJ0346               JUNCTION     0.000    0.000     0  00:00     0.00388     0.00388       2.879
  SJ0347               JUNCTION     0.000    0.001     0  06:00           0      0.0104      11.457
  SJ0348               JUNCTION     0.000    0.000     0  06:00     0.00229     0.00248      24.548
  SJ0349               JUNCTION     0.000    0.000     0  00:00     0.00206     0.00206       2.002
  SJ0350               JUNCTION     0.000    0.000     0  02:43    0.000793     0.00282       2.161
  SJ0351               JUNCTION     0.000    0.001     0  04:01           0      0.0164     113.309
  SJ0353               JUNCTION     0.000    0.001     0  06:00           0      0.0139       9.243
  SJ0354               JUNCTION     0.000    0.001     0  06:00           0      0.0253       2.588
  SJ0355               JUNCTION     0.000    0.000     0  00:00    0.000555    0.000555      39.169
  SJ0356               JUNCTION     0.000    0.000     0  00:00     0.00381     0.00381       1.029
  SJ0357               JUNCTION     0.000    0.001     0  01:16           0       0.021       1.096
  SJ0358               JUNCTION     0.000    0.001     0  06:00           0     0.00845      23.896
  SJ0359               JUNCTION     0.000    0.016     0  05:44           0       0.212       4.872
  SJ0360               JUNCTION     0.000    0.016     0  05:46           0       0.205       5.247
  SJ0361               JUNCTION     0.000    0.001     0  06:00           0     0.00669       2.628
  SJ0362               JUNCTION     0.000    0.001     0  06:00    0.000952     0.00747       2.988
  SJ0363               JUNCTION     0.000    0.000     0  00:00     0.00186     0.00186       3.016
  SJ0364               JUNCTION     0.000    0.000     0  00:00     0.00749     0.00749       5.352
  SJ0365               JUNCTION     0.000    0.001     0  05:19           0      0.0112      52.857
  SJ0366               JUNCTION     0.000    0.000     0  00:00      0.0052      0.0052       1.594
  SJ0367               JUNCTION     0.000    0.001     0  00:16           0      0.0121       1.934
  SJ0368               JUNCTION     0.000    0.000     0  00:00     0.00302     0.00302       5.067
  SJ0369               JUNCTION     0.000    0.002     0  06:00           0      0.0318      27.131
  SJ0370               JUNCTION     0.000    0.001     0  06:00           0      0.0135      60.630
  SJ0371               JUNCTION     0.000    0.001     0  06:00     0.00707      0.0155       7.823
  SJ0372               JUNCTION     0.000    0.000     0  00:00     0.00254     0.00254       1.275
  SJ0373               JUNCTION     0.000    0.008     0  06:00           0       0.136       2.155
  SJ0374               JUNCTION     0.000    0.001     0  06:00           0        0.01       5.396
  SJ0375               JUNCTION     0.000    0.005     0  03:09           0     0.00766       9.185
  SJ0377               JUNCTION     0.000    0.000     0  00:00     0.00422     0.00422       2.477
  SJ0378               JUNCTION     0.000    0.001     0  00:50           0       0.017       3.640
  SJ0379               JUNCTION     0.000    0.001     0  02:09     0.00416     0.00617     169.502
  SJ0380               JUNCTION     0.000    0.000     0  00:00      0.0036      0.0036       1.207
  SJ0381               JUNCTION     0.000    0.000     0  01:26     0.00295     0.00651       2.527
  SJ0382               JUNCTION     0.000    0.000     0  06:00           0     0.00531      14.058
  SJ0383               JUNCTION     0.000    0.001     0  06:00           0       0.017       3.631
  SJ0384               JUNCTION     0.000    0.001     0  02:14     0.00588      0.0102       5.191
  SJ0385               JUNCTION     0.000    0.001     0  06:00           0      0.0152       5.532
  SJ0386               JUNCTION     0.000    0.001     0  01:25     0.00351      0.0273       1.205
  SJ0387               JUNCTION     0.000    0.002     0  01:29           0      0.0313       1.428
  SJ0388               JUNCTION     0.000    0.000     0  00:00     0.00207     0.00207       1.132
  SJ0389               JUNCTION     0.000    0.001     0  04:01           0      0.0154       3.911
  SJ0390               JUNCTION     0.000    0.001     0  05:37     0.00422       0.018       2.600
  SJ0391               JUNCTION     0.000    0.001     0  05:47           0      0.0218       2.770
  SJ0392               JUNCTION     0.000    0.002     0  06:00     0.00397       0.032       4.689
  SJ0393               JUNCTION     0.000    0.003     0  06:00           0      0.0354       8.520
  SJ0394               JUNCTION     0.000    0.001     0  01:06           0      0.0187       2.956
  SJ0395               JUNCTION     0.000    0.002     0  02:13           0      0.0125     118.701
  SJ0396               JUNCTION     0.000    0.016     0  06:00           0       0.248      20.579
  SJ0397               JUNCTION     0.000    0.001     0  06:00           0      0.0133       9.782
  SJ0398               JUNCTION     0.000    0.002     0  03:46           0      0.0228      27.825
  SJ0399               JUNCTION     0.000    0.008     0  06:00           0      0.0768       8.861
  SJ0400               JUNCTION     0.000    0.002     0  06:00           0      0.0359       1.918
  SJ0401               JUNCTION     0.000    0.002     0  06:00           0      0.0451       2.611
  SJ0402               JUNCTION     0.000    0.000     0  06:00           0       0.009       7.099
  SJ0403               JUNCTION     0.000    0.001     0  06:00           0      0.0115       5.302
  SJ0404               JUNCTION     0.000    0.000     0  06:00           0     0.00781      14.791
  SJ0405               JUNCTION     0.000    0.001     0  06:00           0     0.00905      20.553
  SJ0406               JUNCTION     0.000    0.000     0  00:00     0.00467     0.00467       1.549
  SJ0407               JUNCTION     0.000    0.000     0  00:18           0     0.00764       7.599
  SJ0408               JUNCTION     0.000    0.000     0  06:00           0     0.00512      22.685
  SJ0409               JUNCTION     0.000    0.000     0  00:00     0.00125     0.00125       9.988
  SJ0410               JUNCTION     0.000    0.000     0  01:37           0     0.00192      25.003
  SJ0411               JUNCTION     0.000    0.000     0  00:00     0.00085     0.00085      21.239
  SJ0412               JUNCTION     0.000    0.000     0  00:00     0.00383     0.00383       0.607
  SJ0413               JUNCTION     0.000    0.002     0  03:56           0      0.0352      14.903
  SJ0414               JUNCTION     0.000    0.002     0  06:00     0.00319      0.0338       7.688
  SJ0415               JUNCTION     0.000    0.001     0  06:00           0      0.0131      15.617
  SJ0416               JUNCTION     0.000    0.001     0  06:00           0      0.0243       9.287
  SJ0417               JUNCTION     0.000    0.000     0  00:00     0.00334     0.00334       2.196
  SJ0418               JUNCTION     0.000    0.001     0  00:20           0      0.0139       3.836
  SJ0419               JUNCTION     0.000    0.000     0  00:00     0.00487     0.00487       4.481
  SJ0420               JUNCTION     0.000    0.001     0  06:00           0      0.0102      17.370
  SJ0421               JUNCTION     0.000    0.001     0  06:00           0     0.00987      21.506
  SJ0422               JUNCTION     0.000    0.001     0  06:00           0      0.0185       1.946
  SJ0423               JUNCTION     0.000    0.001     0  06:00     0.00232      0.0205       1.128
  SJ0424               JUNCTION     0.000    0.001     0  06:00           0      0.0278       1.491
  SJ0425               JUNCTION     0.000    0.002     0  06:00     0.00426      0.0316       0.939
  SJ0426               JUNCTION     0.000    0.002     0  06:00           0      0.0306       8.946
  SJ0427               JUNCTION     0.000    0.002     0  03:06     0.00155     0.00166      22.605
  SJ0428               JUNCTION     0.000    0.005     0  03:05           0      0.0371       1.981
  SJ0429               JUNCTION     0.000    0.000     0  00:00     0.00183     0.00183       1.848
  SJ0430               JUNCTION     0.000    0.001     0  06:00           0       0.014      72.676
  SJ0431               JUNCTION     0.000    0.001     0  06:00           0     0.00927      18.893
  SJ0432               JUNCTION     0.000    0.001     0  06:00           0      0.0167      22.116
  SJ0433               JUNCTION     0.000    0.001     0  06:00     0.00342      0.0202       6.197
  SJ0434               JUNCTION     0.000    0.000     0  06:00           0     0.00721      12.272
  SJ0435               JUNCTION     0.000    0.001     0  00:42           0      0.0217       9.321
  SJ0436               JUNCTION     0.000    0.001     0  03:01     0.00339      0.0134       3.908
  SJ0437               JUNCTION     0.000    0.000     0  00:00     0.00236     0.00236       1.183
  SJ0438               JUNCTION     0.000    0.001     0  06:00           0      0.0171       1.617
  SJ0439               JUNCTION     0.000    0.002     0  06:00           0      0.0231       7.557
  SJ0440               JUNCTION     0.000    0.001     0  06:00           0      0.0242       5.083
  SJ0441               JUNCTION     0.000    0.013     0  06:00           0        0.22       2.052
  SJ0442               JUNCTION     0.000    0.001     0  05:49     0.00298      0.0176       1.100
  SJ0443               JUNCTION     0.000    0.001     0  06:00           0      0.0213       5.719
  SJ0444               JUNCTION     0.000    0.000     0  00:00      0.0054      0.0054       1.801
  SJ0445               JUNCTION     0.000    0.000     0  00:00     0.00272     0.00272       3.792
  SJ0446               JUNCTION     0.000    0.000     0  00:00    0.000453    0.000453       4.694
  SJ0447               JUNCTION     0.000    0.000     0  00:32           0     0.00268       9.011
  SJ0448               JUNCTION     0.000    0.007     0  06:00           0      0.0633       6.068
  SJ0449               JUNCTION     0.000    0.007     0  06:00      0.0044       0.064       8.496
  SJ0450               JUNCTION     0.000    0.001     0  06:00           0      0.0207       1.087
  SJ0451               JUNCTION     0.000    0.001     0  06:00           0      0.0222       1.840
  SJ0452               JUNCTION     0.000    0.000     0  00:00      0.0038      0.0038       3.807
  SJ0453               JUNCTION     0.000    0.001     0  05:45           0      0.0141       6.736
  SJ0454               JUNCTION     0.000    0.000     0  00:00     0.00155     0.00155       3.417
  SJ0455               JUNCTION     0.000    0.000     0  01:28           0     0.00453      21.679
  SJ0456               JUNCTION     0.000    0.000     0  01:53     0.00192     0.00377       3.853
  SJ0457               JUNCTION     0.000    0.000     0  05:00           0     0.00729      16.625
  SJ0458               JUNCTION     0.000    0.000     0  00:00     0.00372     0.00372       7.270
  SJ0459               JUNCTION     0.000    0.000     0  01:03           0     0.00794      19.960
  SJ0460               JUNCTION     0.000    0.001     0  06:00     0.00523      0.0189       3.533
  SJ0461               JUNCTION     0.000    0.001     0  06:00           0      0.0238       2.040
  SJ0462               JUNCTION     0.000    0.000     0  00:00     0.00177     0.00177       2.303
  SJ0463               JUNCTION     0.000    0.002     0  06:00           0      0.0433       1.967
  SJ0464               JUNCTION     0.000    0.004     0  06:00           0      0.0702       3.126
  SJ0465               JUNCTION     0.000    0.000     0  00:00     0.00365     0.00365       1.157
  SJ0466               JUNCTION     0.000    0.000     0  06:00           0     0.00762       3.177
  SJ0467               JUNCTION     0.000    0.012     0  06:00           0       0.205       1.406
  SJ0468               JUNCTION     0.000    0.000     0  00:00     0.00389     0.00389       3.106
  SJ0469               JUNCTION     0.000    0.002     0  03:20           0      0.0136     380.379
  SJ0470               JUNCTION     0.000    0.007     0  06:00           0       0.137       0.534
  SJ0471               JUNCTION     0.000    0.002     0  04:00     0.00286      0.0387       1.387
  SJ0472               JUNCTION     0.000    0.002     0  04:03     0.00226      0.0404       1.255
  SJ0473               JUNCTION     0.000    0.000     0  00:00      0.0016      0.0016       0.787
  SJ0474               JUNCTION     0.000    0.000     0  06:00           0      0.0044       8.512
  SJ0475               JUNCTION     0.000    0.000     0  00:00     0.00407     0.00407       1.696
  SJ0476               JUNCTION     0.000    0.001     0  06:00           0      0.0155       1.512
  SJ0479               JUNCTION     0.000    0.000     0  00:00     0.00465     0.00465       1.071
  SJ0480               JUNCTION     0.000    0.000     0  00:00     0.00109     0.00109      11.719
  SJ0481               JUNCTION     0.000    0.000     0  00:00     0.00459     0.00459      11.004
  SJ0482               JUNCTION     0.000    0.001     0  03:54           0      0.0192      15.293
  SJ0483               JUNCTION     0.000    0.001     0  03:40     0.00145     0.00198      21.658
  SJ0484               JUNCTION     0.000    0.002     0  03:39           0       0.019      18.610
  SJ0485               JUNCTION     0.000    0.000     0  00:00      0.0015      0.0015       7.393
  SJ0487               JUNCTION     0.000    0.001     0  03:59           0       0.018      19.567
  SJ0488               JUNCTION     0.000    0.000     0  00:00     0.00604     0.00604       1.515
  SJ0489               JUNCTION     0.000    0.022     0  06:00           0       0.348       1.729
  SJ0490               JUNCTION     0.000    0.000     0  06:00           0     0.00487      21.261
  SJ0491               JUNCTION     0.000    0.001     0  06:00           0     0.00848      20.897
  SJ0492               JUNCTION     0.000    0.000     0  06:00    0.000873     0.00161      19.954
  SJ0493               JUNCTION     0.000    0.001     0  06:00           0      0.0222       5.533
  SJ0494               JUNCTION     0.000    0.000     0  00:00    0.000793    0.000793      14.703
  SJ0495               JUNCTION     0.000    0.012     0  06:00     0.00371       0.196       0.676
  SJ0496               JUNCTION     0.000    0.000     0  02:21     0.00214     0.00544       6.547
  SJ0497               JUNCTION     0.000    0.000     0  00:00     0.00195     0.00195      11.689
  SJ0498               JUNCTION     0.000    0.000     0  00:00     0.00176     0.00176       0.744
  SJ0499               JUNCTION     0.000    0.000     0  04:00       0.004     0.00404      11.930
  SJ0500               JUNCTION     0.000    0.002     0  06:00     0.00283       0.031       6.429
  SJ0501               JUNCTION     0.000    0.005     0  06:00           0      0.0985       4.470
  SJ0502               JUNCTION     0.000    0.002     0  04:07           0      0.0114      29.894
  SJ0503               JUNCTION     0.000    0.000     0  00:00    0.000737    0.000737      17.685
  SJ0504               JUNCTION     0.000    0.000     0  06:00           0     0.00226      69.389
  SJ0505               JUNCTION     0.000    0.000     0  06:00    0.000805     0.00131     141.348
  SJ0506               JUNCTION     0.000    0.002     0  04:20           0     0.00932     456.497
  SJ0507               JUNCTION     0.000    0.001     0  05:38           0      0.0182       3.933
  SJ0508               JUNCTION     0.000    0.001     0  05:54     0.00195      0.0194       1.559
  SJ0509               JUNCTION     0.000    0.001     0  06:00     0.00175     0.00839       5.000
  SJ0510               JUNCTION     0.000    0.001     0  06:00    0.000476     0.00847       7.885
  SJ0511               JUNCTION     0.000    0.000     0  00:00      0.0037      0.0037       0.899
  SJ0512               JUNCTION     0.000    0.002     0  06:00           0      0.0385       4.215
  SJ0513               JUNCTION     0.000    0.004     0  06:00           0       0.072       3.787
  SJ0514               JUNCTION     0.000    0.000     0  00:00     0.00428     0.00428       0.996
  SJ0515               JUNCTION     0.000    0.001     0  06:00           0      0.0266       1.355
  SJ0516               JUNCTION     0.000    0.000     0  00:00     0.00548     0.00548       0.770
  SJ0517               JUNCTION     0.000    0.000     0  00:34           0      0.0102       2.011
  SJ0518               JUNCTION     0.000    0.000     0  00:00    0.000873    0.000873       3.472
  SJ0519               JUNCTION     0.000    0.000     0  01:08           0    0.000908      17.350
  SJ0520               JUNCTION     0.000    0.001     0  02:01     0.00269     0.00485     317.786
  SJ0521               JUNCTION     0.000    0.000     0  00:00      0.0032      0.0032       5.016
  SJ0522               JUNCTION     0.000    0.000     0  05:48     0.00315      0.0062       5.451
  SJ0523               JUNCTION     0.000    0.002     0  06:00           0      0.0341      17.838
  SJ0524               JUNCTION     0.000    0.002     0  04:19     0.00492       0.033       5.450
  SJ0525               JUNCTION     0.000    0.000     0  02:44       0.003     0.00939       1.706
  SJ0526               JUNCTION     0.000    0.023     0  03:39           0      0.0869       5.062
  SJ0527               JUNCTION     0.000    0.000     0  00:00     0.00234     0.00234       5.625
  SJ0528               JUNCTION     0.000    0.000     0  01:15           0     0.00337      23.499
  SJ0529               JUNCTION     0.000    0.001     0  06:00    0.000317     0.00817      11.819
  SJ0530               JUNCTION     0.000    0.001     0  06:00    7.93e-05     0.00738      18.394
  SJ0531               JUNCTION     0.000    0.000     0  00:00     0.00546     0.00546       3.743
  SJ0532               JUNCTION     0.000    0.000     0  00:00     0.00236     0.00236       1.706
  SJ0533               JUNCTION     0.000    0.000     0  00:18           0     0.00492       2.798
  SJ0534               JUNCTION     0.000    0.000     0  00:20           0     0.00778       1.921
  SJ0535               JUNCTION     0.000    0.001     0  02:34     0.00442      0.0121       0.739
  SJ0536               JUNCTION     0.000    0.000     0  00:00     0.00527     0.00527       5.464
  SJ0537               JUNCTION     0.000    0.000     0  00:31           0     0.00954      16.423
  SJ0538               JUNCTION     0.000    0.000     0  00:00     0.00243     0.00243       9.282
  SJ0539               JUNCTION     0.000    0.000     0  00:00     0.00228     0.00228       7.300
  SJ0540               JUNCTION     0.000    0.000     0  00:47           0     0.00212      35.715
  SJ0541               JUNCTION     0.000    0.001     0  06:00     0.00136     0.00954       4.163
  SJ0542               JUNCTION     0.000    0.001     0  06:00           0       0.011      61.369
  SJ0543               JUNCTION     0.000    0.000     0  02:13           0     0.00348       2.996
  SJ0544               JUNCTION     0.000    0.000     0  04:29     0.00275     0.00614       1.956
  SJ0545               JUNCTION     0.000    0.001     0  06:00           0      0.0117      18.231
  SJ0547               JUNCTION     0.000    0.011     0  06:00           0       0.193       2.031
  SJ0548               JUNCTION     0.000    0.000     0  03:03     0.00237     0.00865       1.745
  SJ0549               JUNCTION     0.000    0.003     0  06:00           0      0.0488       2.375
  SJ0550               JUNCTION     0.000    0.003     0  06:00     0.00281      0.0505       1.269
  SJ0551               JUNCTION     0.000    0.000     0  00:00     0.00211     0.00211       0.440
  SJ0552               JUNCTION     0.000    0.000     0  00:00    0.000793    0.000793       0.930
  SJ0553               JUNCTION     0.000    0.000     0  00:37    0.000397     0.00118      13.229
  SJ0554               JUNCTION     0.000    0.000     0  00:00     0.00306     0.00306       0.344
  SJ0555               JUNCTION     0.000    0.000     0  01:21           0     0.00197      51.604
  SJ0556               JUNCTION     0.000    0.000     0  03:41     0.00464     0.00972      13.780
  SJ0557               JUNCTION     0.000    0.002     0  06:00           0      0.0267      10.650
  SJ0558               JUNCTION     0.000    0.000     0  00:00     0.00249     0.00249      11.798
  SJ0559               JUNCTION     0.000    0.001     0  06:00    0.000159     0.00829      34.204
  SJ0560               JUNCTION     0.000    0.001     0  06:00    0.000397     0.00657       9.318
  SJ0561               JUNCTION     0.000    0.000     0  00:00     0.00188     0.00188       1.530
  SJ0562               JUNCTION     0.000    0.002     0  06:00           0      0.0361       3.040
  SJ0563               JUNCTION     0.000    0.015     0  06:00           0       0.251       3.905
  SJ0564               JUNCTION     0.000    0.017     0  06:00           0       0.161       6.816
  SJ0565               JUNCTION     0.000    0.000     0  00:00     0.00548     0.00548       2.503
  SJ0566               JUNCTION     0.000    0.001     0  05:20           0      0.0278       3.275
  SJ0567               JUNCTION     0.000    0.000     0  06:00           0     0.00342       4.028
  SJ0568               JUNCTION     0.000    0.002     0  06:00     0.00143      0.0264       2.663
  SJ0569               JUNCTION     0.000    0.000     0  06:00    0.000476     0.00323      24.202
  SJ0570               JUNCTION     0.000    0.000     0  06:00    0.000238     0.00284      38.884
  SJ0571               JUNCTION     0.000    0.000     0  00:00     0.00435     0.00435       3.303
  SJ0572               JUNCTION     0.000    0.000     0  06:00     0.00379       0.008      12.728
  SJ0573               JUNCTION     0.000    0.002     0  06:00     0.00363      0.0479       2.043
  SJ0574               JUNCTION     0.000    0.005     0  06:00           0       0.095       0.316
  SJ0575               JUNCTION     0.000    0.000     0  00:00    0.000907    0.000907       0.992
  SJ0576               JUNCTION     0.000    0.000     0  01:12     0.00117     0.00207       2.654
  SJ0577               JUNCTION     0.000    0.001     0  00:19           0      0.0156       2.358
  SJ0578               JUNCTION     0.000    0.000     0  00:00     0.00251     0.00251       4.837
  SJ0579               JUNCTION     0.000    0.000     0  00:34           0     0.00778      10.049
  SJ0580               JUNCTION     0.000    0.001     0  01:11           0      0.0171       2.436
  SJ0581               JUNCTION     0.000    0.000     0  00:00    0.000873    0.000873      32.707
  SJ0582               JUNCTION     0.000    0.000     0  03:14           0     0.00407     278.826
  SJ0583               JUNCTION     0.000    0.000     0  00:00     0.00435     0.00435       1.298
  SJ0584               JUNCTION     0.000    0.002     0  03:11           0      0.0323      19.670
  SJ0585               JUNCTION     0.000    0.002     0  02:38           0      0.0306      24.000
  SJ0586               JUNCTION     0.000    0.000     0  00:00     0.00184     0.00184       9.386
  SJ0587               JUNCTION     0.000    0.000     0  00:00    0.000714    0.000714      65.198
  SJ0588               JUNCTION     0.000    0.000     0  00:00     0.00952     0.00952       2.621
  SJ0589               JUNCTION     0.000    0.000     0  00:00     0.00542     0.00542       3.731
  SJ0590               JUNCTION     0.000    0.001     0  06:00           0       0.014       6.196
  SJ0591               JUNCTION     0.000    0.000     0  00:00     0.00366     0.00366       2.674
  SJ0592               JUNCTION     0.000    0.001     0  06:00           0      0.0118       2.942
  SJ0593               JUNCTION     0.000    0.000     0  00:00     0.00474     0.00474       1.942
  SJ0594               JUNCTION     0.000    0.002     0  05:03       0.003      0.0253      26.957
  SJ0595               JUNCTION     0.000    0.019     0  05:58           0       0.191       4.968
  SJ0596               JUNCTION     0.000    0.002     0  03:15     0.00295      0.0179      31.507
  SJ0597               JUNCTION     0.000    0.017     0  05:47           0       0.198       5.689
  SJ0598               JUNCTION     0.000    0.000     0  00:00     0.00367     0.00367       0.384
  SJ0599               JUNCTION     0.000    0.009     0  06:00           0       0.154       0.572
  SJ0600               JUNCTION     0.000    0.000     0  00:00     0.00307     0.00307       0.354
  SJ0601               JUNCTION     0.000    0.000     0  01:59           0     0.00721       2.802
  SJ0602               JUNCTION     0.000    0.002     0  06:00           0      0.0239       2.994
  SJ0603               JUNCTION     0.000    0.000     0  05:25     0.00339     0.00937       2.536
  SJ0604               JUNCTION     0.000    0.001     0  06:00     0.00405      0.0161       4.823
  SJ0605               JUNCTION     0.000    0.002     0  06:00           0      0.0413       3.800
  SJ0606               JUNCTION     0.000    0.000     0  00:00     0.00504     0.00504       2.327
  SJ0607               JUNCTION     0.000    0.001     0  03:42     0.00434     0.00508      80.379
  SJ0608               JUNCTION     0.000    0.004     0  03:36           0      0.0185     651.040
  SJ0609               JUNCTION     0.000    0.005     0  04:26           0       0.025       2.895
  SJ0610               JUNCTION     0.000    0.002     0  06:00           0      0.0456       3.019
  SJ0611               JUNCTION     0.000    0.005     0  06:00           0      0.0835       1.977
  SJ0612               JUNCTION     0.000    0.000     0  01:47           0     0.00567      37.987
  SJ0613               JUNCTION     0.000    0.001     0  06:00           0       0.012      15.191
  SJ0614               JUNCTION     0.000    0.000     0  00:50           0     0.00951       2.750
  SJ0615               JUNCTION     0.000    0.000     0  04:46           0     0.00405      13.517
  SJ0616               JUNCTION     0.000    0.000     0  05:18           0     0.00615       6.865
  SJ0617               JUNCTION     0.000    0.000     0  06:00           0     0.00114     888.831
  SJ0618               JUNCTION     0.000    0.000     0  00:16           0     0.00416       3.335
  SJ0619               JUNCTION     0.000    0.000     0  03:43           0     0.00602       3.995
  SJ0620               JUNCTION     0.000    0.000     0  00:00     0.00289     0.00289       1.856
  SJ0621               JUNCTION     0.000    0.000     0  00:00     0.00405     0.00405       0.576
  SJ0622               JUNCTION     0.000    0.006     0  06:00           0      0.0988       0.881
  SJ0623               JUNCTION     0.000    0.000     0  00:00    7.93e-05    7.93e-05       9.940
  SJ0624               JUNCTION     0.000    0.000     0  01:21           0     0.00124      11.356
  SJ0625               JUNCTION     0.000    0.000     0  00:00      0.0038      0.0038       3.525
  SJ0626               JUNCTION     0.000    0.001     0  06:00           0      0.0112      10.527
  SJ0627               JUNCTION     0.000    0.000     0  03:12     0.00387     0.00389       8.930
  SJ0628               JUNCTION     0.000    0.002     0  03:04           0      0.0117      38.526
  SJ0629               JUNCTION     0.000    0.001     0  03:00     0.00221     0.00589     278.475
  SJ0630               JUNCTION     0.000    0.003     0  02:57     0.00232      0.0121     109.161
  SJ0631               JUNCTION     0.000    0.001     0  06:00           0     0.00843      13.597
  SJ0632               JUNCTION     0.000    0.000     0  00:00     0.00187     0.00187       1.901
  SJ0633               JUNCTION     0.000    0.001     0  05:08           0      0.0287       3.537
  SJ0634               JUNCTION     0.000    0.000     0  00:00     0.00206     0.00206       1.823
  SJ0635               JUNCTION     0.000    0.004     0  06:00     0.00204      0.0753       1.304
  SJ0636               JUNCTION     0.000    0.004     0  06:00           0      0.0777       1.361
  SJ0637               JUNCTION     0.000    0.001     0  01:41     0.00222      0.0111       2.622
  SJ0638               JUNCTION     0.000    0.000     0  00:00     0.00334     0.00334       1.389
  SJ0639               JUNCTION     0.000    0.000     0  00:00     0.00195     0.00195      12.549
  SJ0641               JUNCTION     0.000    0.000     0  00:00     0.00384     0.00384       1.946
  SJ0642               JUNCTION     0.000    0.000     0  02:18     0.00268     0.00644       2.649
  SJ0643               JUNCTION     0.000    0.000     0  05:55           0     0.00324     197.849
  SJ0644               JUNCTION     0.000    0.000     0  00:00     0.00212     0.00212       1.736
  SJ0645               JUNCTION     0.000    0.000     0  00:00     0.00104     0.00104      14.657
  SJ0646               JUNCTION     0.000    0.010     0  06:00           0       0.102      19.805
  SJ0647               JUNCTION     0.000    0.000     0  00:00     0.00195     0.00195       6.970
  SJ0648               JUNCTION     0.000    0.000     0  00:00     0.00561     0.00561       1.743
  SJ0649               JUNCTION     0.000    0.001     0  00:21           0      0.0103       2.456
  SJ0650               JUNCTION     0.000    0.001     0  01:53      0.0044       0.014       1.874
  SJ0651               JUNCTION     0.000    0.001     0  06:00           0      0.0191       6.122
  SJ0652               JUNCTION     0.000    0.001     0  05:28     0.00452      0.0128       3.070
  SJ0653               JUNCTION     0.000    0.000     0  00:00     0.00222     0.00222      12.276
  SJ0654               JUNCTION     0.000    0.012     0  06:00           0       0.223       4.866
  SJ0655               JUNCTION     0.000    0.014     0  06:00           0       0.233       4.157
  SJ0656               JUNCTION     0.000    0.000     0  05:51           0      0.0085       6.915
  SJ0657               JUNCTION     0.000    0.001     0  05:52           0      0.0129      11.850
  SJ0658               JUNCTION     0.000    0.001     0  06:00     0.00341      0.0243       1.654
  SJ0659               JUNCTION     0.000    0.001     0  06:00     0.00309       0.027       3.975
  SJ0660               JUNCTION     0.000    0.000     0  00:00     0.00531     0.00531       1.419
  SJ0661               JUNCTION     0.000    0.001     0  02:06     0.00555      0.0108       1.627
  SJ0662               JUNCTION     0.000    0.000     0  05:36           0     0.00832       4.671
  SJ0663               JUNCTION     0.000    0.000     0  03:18     0.00385     0.00434      78.310
  SJ0664               JUNCTION     0.000    0.000     0  00:00      0.0037      0.0037       0.743
  SJ0665               JUNCTION     0.000    0.000     0  01:00     0.00341     0.00708       2.937
  SJ0666               JUNCTION     0.000    0.000     0  00:00     0.00368     0.00368       9.163
  SJ0667               JUNCTION     0.000    0.000     0  06:00     0.00363       0.007      15.106
  SJ0668               JUNCTION     0.000    0.001     0  06:00           0     0.00898       9.809
  SJ0669               JUNCTION     0.000    0.001     0  00:26           0      0.0107      16.891
  SJ0670               JUNCTION     0.000    0.000     0  00:00     0.00468     0.00468       7.005
  SJ0671               JUNCTION     0.000    0.001     0  06:00           0      0.0114       2.072
  SJ0672               JUNCTION     0.000    0.001     0  03:35           0      0.0113      16.702
  SJ0673               JUNCTION     0.000    0.000     0  00:00      0.0023      0.0023       2.339
  SJ0674               JUNCTION     0.000    0.020     0  06:00           0       0.313       1.245
  SJ0675               JUNCTION     0.000    0.000     0  00:00    0.000782    0.000782      18.909
  SJ0676               JUNCTION     0.000    0.000     0  00:00     0.00126     0.00126       8.984
  SJ0677               JUNCTION     0.000    0.010     0  06:00           0       0.178       4.608
  SJ0678               JUNCTION     0.000    0.000     0  00:00     0.00356     0.00356      25.094
  SJ0679               JUNCTION     0.000    0.000     0  04:12           0     0.00368      51.606
  SJ0680               JUNCTION     0.000    0.000     0  00:00       0.003       0.003       7.611
  SJ0681               JUNCTION     0.000    0.000     0  06:00     0.00224     0.00504      17.938
  SJ0682               JUNCTION     0.000    0.023     0  06:00           0       0.351       8.916
  SJ0683               JUNCTION     0.000    0.001     0  03:14     0.00425      0.0135       1.605
  SJ0686               JUNCTION     0.000    0.000     0  04:29           0     0.00949       3.531
  SJ0687               JUNCTION     0.000    0.000     0  00:00    0.000238    0.000238      13.938
  SJ0688               JUNCTION     0.000    0.000     0  00:00     0.00207     0.00207       4.083
  SJ0689               JUNCTION     0.000    0.001     0  03:25     0.00256      0.0286       0.918
  SJ0690               JUNCTION     0.000    0.002     0  02:04           0      0.0367       1.514
  SJ0691               JUNCTION     0.000    0.000     0  06:00           0      0.0065       6.220
  SJ0692               JUNCTION     0.000    0.000     0  06:00           0     0.00208       5.872
  SJ0693               JUNCTION     0.000    0.000     0  05:44       0.003     0.00777       5.759
  SJ0694               JUNCTION     0.000    0.000     0  00:00       0.006       0.006       0.597
  SJ0695               JUNCTION     0.000    0.001     0  06:00           0      0.0239       4.558
  SJ0696               JUNCTION     0.000    0.022     0  06:00     0.00794       0.343       0.172
  SJ0697               JUNCTION     0.000    0.000     0  00:00     0.00364     0.00364       0.989
  SJ0698               JUNCTION     0.000    0.000     0  02:30     0.00341     0.00502       1.788
  SJ0699               JUNCTION     0.000    0.001     0  04:51           0      0.0101       2.546
  SJ0700               JUNCTION     0.000    0.004     0  06:00           0      0.0743       1.368
  SJ0701               JUNCTION     0.000    0.000     0  06:00           0      0.0093       5.929
  SJ0702               JUNCTION     0.000    0.001     0  05:26     0.00266      0.0118      13.864
  SJ0703               JUNCTION     0.000    0.001     0  04:53           0      0.0142      22.942
  SJ0704               JUNCTION     0.000    0.000     0  00:00     0.00185     0.00185       7.417
  SJ0705               JUNCTION     0.000    0.000     0  00:00      0.0032      0.0032       3.977
  SJ0706               JUNCTION     0.000    0.000     0  00:32           0     0.00652       4.664
  SJ0707               JUNCTION     0.000    0.000     0  00:00     0.00591     0.00591       2.408
  SJ0708               JUNCTION     0.000    0.000     0  00:00     0.00144     0.00144      24.383
  SJ0709               JUNCTION     0.000    0.001     0  01:03     0.00464       0.015       1.416
  SJ0710               JUNCTION     0.000    0.000     0  00:00     0.00552     0.00552       1.599
  SJ0711               JUNCTION     0.000    0.000     0  01:59      0.0046        0.01       4.844
  SJ0712               JUNCTION     0.000    0.002     0  05:59     0.00638      0.0418      15.564
  SJ0713               JUNCTION     0.000    0.002     0  02:17           0      0.0487       1.277
  SJ0714               JUNCTION     0.000    0.000     0  00:00     0.00364     0.00364       1.775
  SJ0715               JUNCTION     0.000    0.001     0  06:00     0.00452      0.0124       1.593
  SJ0716               JUNCTION     0.000    0.000     0  01:09           0     0.00738      47.482
  SJ0717               JUNCTION     0.000    0.001     0  06:00           0      0.0215       2.828
  SJ0718               JUNCTION     0.000    0.000     0  00:00     0.00143     0.00143       7.292
  SJ0719               JUNCTION     0.000    0.000     0  06:00           0     0.00247       9.209
  SJ0720               JUNCTION     0.000    0.000     0  00:00     0.00279     0.00279       1.589
  SJ0721               JUNCTION     0.000    0.000     0  00:15     0.00304     0.00578       3.403
  SJ0722               JUNCTION     0.000    0.000     0  00:14           0     0.00843       1.636
  SJ0723               JUNCTION     0.000    0.000     0  00:00     0.00166     0.00166       1.318
  SJ0724               JUNCTION     0.000    0.000     0  01:39           0     0.00387       1.668
  SJ0725               JUNCTION     0.000    0.000     0  00:00     0.00125     0.00125       2.491
  SJ0726               JUNCTION     0.000    0.000     0  00:00     0.00596     0.00596       4.058
  SJ0727               JUNCTION     0.000    0.002     0  06:00           0       0.036       6.280
  SJ0728               JUNCTION     0.000    0.007     0  06:00           0       0.137       1.027
  SJ0730               JUNCTION     0.000    0.001     0  02:21     0.00493      0.0111       1.663
  SJ0731               JUNCTION     0.000    0.001     0  06:00     0.00333      0.0296       1.663
  SJ0732               JUNCTION     0.000    0.000     0  00:00     0.00101     0.00101      29.274
  SJ0733               JUNCTION     0.000    0.000     0  06:00           0    0.000485     531.670
  SJ0734               JUNCTION     0.000    0.000     0  00:00     0.00484     0.00484       0.598
  SJ0735               JUNCTION     0.000    0.000     0  00:00     0.00229     0.00229       1.759
  SJ0736               JUNCTION     0.000    0.002     0  06:00           0       0.026       6.865
  SJ0737               JUNCTION     0.000    0.000     0  00:00    0.000317    0.000317       2.115
  SJ0738               JUNCTION     0.000    0.001     0  06:00           0      0.0198       8.735
  SJ0739               JUNCTION     0.000    0.013     0  03:05           0      0.0327       5.979
  SJ0740               JUNCTION     0.000    0.004     0  03:24     0.00362      0.0181      27.154
  SJ0741               JUNCTION     0.000    0.000     0  00:00      0.0012      0.0012       3.304
  SJ0742               JUNCTION     0.000    0.000     0  00:00     0.00168     0.00168      17.225
  SJ0743               JUNCTION     0.000    0.000     0  06:00           0     0.00445      59.046
  SJ0744               JUNCTION     0.000    0.000     0  00:00     0.00368     0.00368       3.609
  SJ0745               JUNCTION     0.000    0.000     0  00:58           0     0.00583      23.519
  SJ0746               JUNCTION     0.000    0.008     0  06:00           0       0.118       1.629
  SJ0747               JUNCTION     0.000    0.000     0  00:00    0.000635    0.000635       1.622
  SJ0750               JUNCTION     0.000    0.000     0  02:15     0.00554     0.00935       2.497
  SJ0751               JUNCTION     0.000    0.001     0  03:24     0.00533      0.0123       1.791
  SJ0752               JUNCTION     0.000    0.000     0  00:00     0.00421     0.00421       1.460
  SJ0753               JUNCTION     0.000    0.002     0  06:00           0      0.0408       2.295
  SJ0754               JUNCTION     0.000    0.000     0  00:00     0.00425     0.00425       3.517
  SJ0755               JUNCTION     0.000    0.001     0  00:57           0      0.0161       5.265
  SJ0756               JUNCTION     0.000    0.000     0  00:00     0.00382     0.00382       1.543
  SJ0757               JUNCTION     0.000    0.000     0  04:25           0     0.00893       7.975
  SJ0758               JUNCTION     0.000    0.000     0  00:00    0.000397    0.000397      20.776
  SJ0759               JUNCTION     0.000    0.004     0  06:00           0      0.0691       3.175
  SJ0761               JUNCTION     0.000    0.000     0  00:00     0.00491     0.00491      19.248
  SJ0762               JUNCTION     0.000    0.001     0  02:39     0.00141     0.00918    3718.000
  SJ0763               JUNCTION     0.000    0.000     0  00:00     0.00313     0.00313       3.425
  SJ0764               JUNCTION     0.000    0.000     0  04:58     0.00263     0.00565       4.811
  SJ0765               JUNCTION     0.000    0.000     0  00:00     0.00349     0.00349       1.324
  SJ0766               JUNCTION     0.000    0.000     0  01:16           0     0.00559       8.946
  SJ0767               JUNCTION     0.000    0.000     0  00:00    7.93e-05    7.93e-05      21.944
  SJ0768               JUNCTION     0.000    0.000     0  00:00    0.000646    0.000646      10.363
  SJ0769               JUNCTION     0.000    0.000     0  05:57           0     0.00338      37.378
  SJ0770               JUNCTION     0.000    0.000     0  00:00      0.0021      0.0021       2.779
  SJ0771               JUNCTION     0.000    0.000     0  00:00     0.00484     0.00484       7.890
  SJ0772               JUNCTION     0.000    0.000     0  03:12           0     0.00448      66.591
  SJ0773               JUNCTION     0.000    0.000     0  06:00           0     0.00658      23.817
  SJ0774               JUNCTION     0.000    0.000     0  06:00      0.0036     0.00512       9.554
  SJ0775               JUNCTION     0.000    0.000     0  05:44           0     0.00702       7.866
  SJ0776               JUNCTION     0.000    0.000     0  00:00     0.00421     0.00421       1.161
  SJ0777               JUNCTION     0.000    0.008     0  06:00           0       0.136       1.948
  SJ0778               JUNCTION     0.000    0.000     0  00:00     0.00438     0.00438       6.121
  SJ0779               JUNCTION     0.000    0.001     0  00:44           0      0.0178       2.583
  SJ0780               JUNCTION     0.000    0.000     0  00:00     0.00263     0.00263       3.345
  SJ0781               JUNCTION     0.000    0.000     0  00:00     0.00105     0.00105      13.279
  SJ0782               JUNCTION     0.000    0.000     0  06:00      0.0016     0.00253      14.097
  SJ0783               JUNCTION     0.000    0.001     0  06:00     0.00139      0.0196       6.809
  SJ0784               JUNCTION     0.000    0.000     0  00:00     0.00134     0.00134       6.309
  SJ0785               JUNCTION     0.000    0.000     0  00:00     0.00383     0.00383       1.290
  SJ0786               JUNCTION     0.000    0.001     0  03:10     0.00482      0.0133       3.737
  SJ0787               JUNCTION     0.000    0.001     0  05:25     0.00371      0.0189       1.706
  SJ0788               JUNCTION     0.000    0.000     0  03:41     0.00167     0.00322     377.378
  SJ0789               JUNCTION     0.000    0.001     0  03:39     0.00413     0.00734     119.478
  SJ0790               JUNCTION     0.000    0.000     0  06:00     0.00396     0.00853       1.807
  SJ0791               JUNCTION     0.000    0.000     0  00:00     0.00682     0.00682       0.799
  SJ0792               JUNCTION     0.000    0.000     0  00:00      0.0019      0.0019       3.248
  SJ0793               JUNCTION     0.000    0.000     0  05:28    0.000635     0.00145    1054.030
  SJ0794               JUNCTION     0.000    0.000     0  00:00    0.000635    0.000635      39.411
  SJ0795               JUNCTION     0.000    0.000     0  00:00     0.00705     0.00705       0.202
  SJ0796               JUNCTION     0.000    0.000     0  00:00     0.00265     0.00265       9.642
  SJ0797               JUNCTION     0.000    0.006     0  06:00           0      0.0963       1.580
  SJ0798               JUNCTION     0.000    0.000     0  03:07     0.00126     0.00219       5.291
  SJ0799               JUNCTION     0.000    0.001     0  00:35           0       0.011       5.863
  SJ0800               JUNCTION     0.000    0.000     0  00:00     0.00528     0.00528       1.766
  SJ0801               JUNCTION     0.000    0.000     0  02:08     0.00443     0.00962       3.250
  SJ0802               JUNCTION     0.000    0.000     0  00:00      0.0024      0.0024       1.515
  SJ0803               JUNCTION     0.000    0.020     0  06:00     0.00637       0.316       1.877
  SJ0804               JUNCTION     0.000    0.000     0  00:00     0.00291     0.00291       1.028
  SJ0805               JUNCTION     0.000    0.000     0  01:10     0.00309     0.00598       2.459
  SJ0806               JUNCTION     0.000    0.000     0  00:36     0.00222     0.00463      10.136
  SJ0807               JUNCTION     0.000    0.000     0  06:00           0     0.00666      11.783
  SJ0808               JUNCTION     0.000    0.000     0  05:58    2.27e-05    2.33e-05       3.766 ltr
  SJ0809               JUNCTION     0.000    0.000     0  05:56     0.00198     0.00297      14.650
  SJ0810               JUNCTION     0.000    0.001     0  05:51           0     0.00695      72.618
  SJ0811               JUNCTION     0.000    0.000     0  05:56           0     0.00722       2.992
  SJ0812               JUNCTION     0.000    0.008     0  06:00     0.00405       0.137       1.678
  SJ0813               JUNCTION     0.000    0.000     0  00:00     0.00294     0.00294       6.595
  SJ0814               JUNCTION     0.000    0.000     0  06:00     0.00286     0.00561      12.545
  SJ0815               JUNCTION     0.000    0.003     0  03:16           0      0.0394       9.139
  SJ0816               JUNCTION     0.000    0.000     0  00:00     0.00262     0.00262       0.463
  SJ0817               JUNCTION     0.000    0.001     0  06:00           0      0.0264       4.163
  SJ0818               JUNCTION     0.000    0.004     0  06:00           0      0.0782       6.333
  SJ0819               JUNCTION     0.000    0.005     0  06:00           0       0.091       1.315
  SJ0820               JUNCTION     0.000    0.000     0  06:00           0    0.000312     312.142 ltr
  SJ0821               JUNCTION     0.000    0.000     0  00:00     0.00625     0.00625       8.111
  SJ0822               JUNCTION     0.000    0.001     0  02:51           0      0.0122      41.208
  SJ0823               JUNCTION     0.000    0.008     0  06:00           0       0.107      25.671
  SJ0825               JUNCTION     0.000    0.000     0  00:00     0.00221     0.00221       1.466
  SJ0826               JUNCTION     0.000    0.000     0  00:39           0     0.00397      11.401
  SJ0827               JUNCTION     0.000    0.000     0  00:00     0.00186     0.00186       0.864
  SJ0828               JUNCTION     0.000    0.000     0  00:22           0     0.00518       5.941
  SJ0829               JUNCTION     0.000    0.000     0  00:00      0.0046      0.0046       0.693
  SJ0830               JUNCTION     0.000    0.000     0  00:00     0.00463     0.00463       3.417
  SJ0831               JUNCTION     0.000    0.000     0  02:46     0.00325     0.00909       1.849
  SJ0832               JUNCTION     0.000    0.002     0  06:00           0      0.0288       2.184
  SJ0833               JUNCTION     0.000    0.019     0  05:58     0.00511       0.187       2.536
  SJ0834               JUNCTION     0.000    0.000     0  00:08     0.00436     0.00928       4.863
  SJ0835               JUNCTION     0.000    0.023     0  06:00           0       0.325      13.180
  SJ0836               JUNCTION     0.000    0.000     0  00:00     0.00136     0.00136       0.998
  SJ0837               JUNCTION     0.000    0.001     0  06:00     0.00381      0.0125       1.758
  SJ0838               JUNCTION     0.000    0.008     0  04:23           0       0.087      47.954
  SJ0839               JUNCTION     0.000    0.000     0  00:00     0.00389     0.00389       9.782
  SJ0840               JUNCTION     0.000    0.001     0  05:54           0      0.0138       2.702
  SJ0841               JUNCTION     0.000    0.001     0  05:56     0.00958       0.023       0.813
  SJ0842               JUNCTION     0.000    0.001     0  06:00           0       0.017       6.969
  SJ0843               JUNCTION     0.000    0.000     0  02:34     0.00456      0.0094       2.151
  SJ0844               JUNCTION     0.000    0.000     0  03:07    0.000159      0.0012      23.924
  SJ0845               JUNCTION     0.000    0.000     0  04:50           0     0.00168      13.552
  SJ0846               JUNCTION     0.000    0.000     0  00:00     0.00523     0.00523       1.334
  SJ0847               JUNCTION     0.000    0.003     0  06:00           0      0.0598       2.532
  SJ0848               JUNCTION     0.000    0.004     0  06:00           0      0.0719       1.153
  SJ0849               JUNCTION     0.000    0.001     0  03:09           0     0.00741      23.000
  SJ0850               JUNCTION     0.000    0.003     0  03:06     0.00247     0.00955      15.457
  SJ0852               JUNCTION     0.000    0.000     0  00:00    0.000159    0.000159      72.562
  SJ0853               JUNCTION     0.000    0.000     0  05:29     0.00143      0.0029       6.068
  SJ0854               JUNCTION     0.000    0.000     0  00:00    7.93e-05    7.93e-05       8.987
  SJ0855               JUNCTION     0.000    0.001     0  01:19           0      0.0242       1.695
  SJ0856               JUNCTION     0.000    0.002     0  01:38           0      0.0324       2.059
  SJ0857               JUNCTION     0.000    0.007     0  06:00           0      0.0642       9.655
  SJ0858               JUNCTION     0.000    0.000     0  03:21      0.0026     0.00554       3.478
  SJ0859               JUNCTION     0.000    0.001     0  05:48           0      0.0118       1.783
  SJ0860               JUNCTION     0.000    0.002     0  06:00           0      0.0274       3.076
  SJ0861               JUNCTION     0.000    0.000     0  00:00     0.00428     0.00428       6.422
  SJ0862               JUNCTION     0.000    0.000     0  00:00     0.00653     0.00653       2.083
  SJ0863               JUNCTION     0.000    0.004     0  03:03           0      0.0148      15.053
  SJ0865               JUNCTION     0.000    0.000     0  00:00      0.0035      0.0035       0.392
  SJ0866               JUNCTION     0.000    0.000     0  00:00     0.00317     0.00317       1.416
  SJ0867               JUNCTION     0.000    0.003     0  06:00           0      0.0467       2.047
  SJ0868               JUNCTION     0.000    0.000     0  00:37           0     0.00905      11.433
  SJ0869               JUNCTION     0.000    0.001     0  06:00     0.00504      0.0132       9.615
  SJ0870               JUNCTION     0.000    0.000     0  03:57     0.00129     0.00295     375.847
  SJ0871               JUNCTION     0.000    0.003     0  03:54           0      0.0242     485.853
  SJ0872               JUNCTION     0.000    0.001     0  05:38           0      0.0243       1.194
  SJ0873               JUNCTION     0.000    0.001     0  03:16           0      0.0266       2.089
  SJ0874               JUNCTION     0.000    0.000     0  00:00     0.00271     0.00271       1.337
  SJ0875               JUNCTION     0.000    0.002     0  06:00           0      0.0395       2.801
  SJ0876               JUNCTION     0.000    0.000     0  00:00     0.00561     0.00561       0.812
  SJ0877               JUNCTION     0.000    0.001     0  00:23           0      0.0181      10.045
  SJ0878               JUNCTION     0.000    0.005     0  06:00           0      0.0972       0.492
  SJ0879               JUNCTION     0.000    0.000     0  00:00     0.00517     0.00517       1.797
  SJ0880               JUNCTION     0.000    0.000     0  00:00     0.00409     0.00409       4.091
  SJ0881               JUNCTION     0.000    0.000     0  05:43           0     0.00409      39.630
  SJ0882               JUNCTION     0.000    0.000     0  00:00    0.000317    0.000317      11.377
  SJ0883               JUNCTION     0.000    0.000     0  00:00     0.00295     0.00295      10.111
  SJ0884               JUNCTION     0.000    0.000     0  00:29     0.00254     0.00522      33.796
  SJ0885               JUNCTION     0.000    0.000     0  00:00      0.0033      0.0033       1.880
  SJ0886               JUNCTION     0.000    0.000     0  00:00     0.00413     0.00413       2.519
  SJ0887               JUNCTION     0.000    0.000     0  06:00    7.93e-05     0.00337       6.686
  SJ0888               JUNCTION     0.000    0.000     0  05:02     0.00121     0.00203     153.284
  SJ0889               JUNCTION     0.000    0.000     0  04:01    0.000952     0.00112      78.663
  SJ0890               JUNCTION     0.000    0.000     0  00:00       0.005       0.005       1.596
  SJ0891               JUNCTION     0.000    0.000     0  00:00     0.00351     0.00351       4.156
  SJ0892               JUNCTION     0.000    0.000     0  01:16           0     0.00433      24.847
  SJ0893               JUNCTION     0.000    0.000     0  00:00     0.00275     0.00275       3.299
  SJ0894               JUNCTION     0.000    0.000     0  01:24           0     0.00623      22.522
  SJ0895               JUNCTION     0.000    0.002     0  06:00    0.000261      0.0246      21.085
  SJ0896               JUNCTION     0.000    0.002     0  06:00           0      0.0223       9.339
  SJ0897               JUNCTION     0.000    0.000     0  00:00     0.00275     0.00275       4.246
  SJ0898               JUNCTION     0.000    0.000     0  00:00     0.00139     0.00139       0.740
  SJ0899               JUNCTION     0.000    0.000     0  00:00     0.00707     0.00707       1.368
  SJ0900               JUNCTION     0.000    0.000     0  00:00      0.0027      0.0027       3.992
  SJ0901               JUNCTION     0.000    0.000     0  00:00     0.00689     0.00689       0.602
  SJ0902               JUNCTION     0.000    0.000     0  00:00     0.00388     0.00388       1.870
  SJ0903               JUNCTION     0.000    0.000     0  00:00    0.000793    0.000793       5.455
  SJ0904               JUNCTION     0.000    0.000     0  04:53     0.00434     0.00624       4.332
  SJ0905               JUNCTION     0.000    0.000     0  00:00     0.00351     0.00351      18.731
  SJ0906               JUNCTION     0.000    0.000     0  01:18           0     0.00459     309.340
  SJ0907               JUNCTION     0.000    0.000     0  00:00     0.00163     0.00163       1.749
  SJ0908               JUNCTION     0.000    0.002     0  06:00     0.00389      0.0282       1.395
  SJ0909               JUNCTION     0.000    0.000     0  00:00     0.00401     0.00401       2.156
  SJ0910               JUNCTION     0.000    0.000     0  00:00     0.00486     0.00486       0.473
  SJ0911               JUNCTION     0.000    0.003     0  06:00     0.00521      0.0376       6.250
  SJ0912               JUNCTION     0.000    0.000     0  00:00       0.004       0.004      13.441
  SJ0913               JUNCTION     0.000    0.000     0  00:00     0.00175     0.00175       2.451
  SJ0914               JUNCTION     0.000    0.000     0  00:49           0     0.00294      11.720
  SJ0915               JUNCTION     0.000    0.000     0  00:00     0.00336     0.00336       3.383
  SJ0916               JUNCTION     0.000    0.002     0  02:58           0       0.032       7.733
  SJ0917               JUNCTION     0.000    0.001     0  02:48           0      0.0201       2.021
  SJ0918               JUNCTION     0.000    0.002     0  02:52           0      0.0293       2.099
  SJ0919               JUNCTION     0.000    0.001     0  06:00      0.0046      0.0268       1.423
  SJ0920               JUNCTION     0.000    0.002     0  06:00     0.00421      0.0306       1.362
  SJ0921               JUNCTION     0.000    0.000     0  00:00     0.00237     0.00237       4.098
  SJ0922               JUNCTION     0.000    0.000     0  00:38           0     0.00535       6.983
  SJ0923               JUNCTION     0.000    0.000     0  00:00     0.00358     0.00358       2.906
  SJ0924               JUNCTION     0.000    0.000     0  05:13           0     0.00377      31.444
  SJ0925               JUNCTION     0.000    0.000     0  00:00     0.00222     0.00222       3.525
  SJ0926               JUNCTION     0.000    0.000     0  01:43     0.00214     0.00429       6.542
  SJ0927               JUNCTION     0.000    0.001     0  04:33     0.00477      0.0139       2.639
  SJ0928               JUNCTION     0.000    0.005     0  06:00           0      0.0911       2.044
  SJ0929               JUNCTION     0.000    0.000     0  00:00     0.00251     0.00251       4.160
  SJ0930               JUNCTION     0.000    0.000     0  00:00     0.00553     0.00553       2.608
  SJ0931               JUNCTION     0.000    0.002     0  06:00      0.0029      0.0252       6.362
  SJ0932               JUNCTION     0.000    0.000     0  00:00     0.00438     0.00438      11.171
  SJ0933               JUNCTION     0.000    0.000     0  06:00     0.00424     0.00818       2.515
  SJ0934               JUNCTION     0.000    0.000     0  00:00    0.000555    0.000555      71.213
  SJ0935               JUNCTION     0.000    0.001     0  06:00           0      0.0199       6.043
  SJ0936               JUNCTION     0.000    0.002     0  06:00       0.005      0.0238       4.264
  SJ0937               JUNCTION     0.000    0.000     0  05:28           0     0.00745       3.266
  SJ0938               JUNCTION     0.000    0.000     0  00:00      0.0092      0.0092       7.573
  SJ0939               JUNCTION     0.000    0.000     0  00:00     0.00246     0.00246       0.380
  SJ0940               JUNCTION     0.000    0.000     0  00:00     0.00421     0.00421       3.142
  SJ0941               JUNCTION     0.000    0.000     0  04:26     0.00278     0.00685       6.001
  SJ0942               JUNCTION     0.000    0.000     0  00:00     0.00445     0.00445       9.838
  SJ0943               JUNCTION     0.000    0.000     0  00:58     0.00085     0.00491      68.522
  SJ0944               JUNCTION     0.000    0.000     0  00:00    0.000952    0.000952       2.433
  SJ0945               JUNCTION     0.000    0.001     0  02:32     0.00218     0.00421     268.626
  SJ0946               JUNCTION     0.000    0.002     0  02:31     0.00346     0.00934     106.904
  SJ0947               JUNCTION     0.000    0.000     0  00:00     0.00307     0.00307       2.021
  SJ0948               JUNCTION     0.000    0.000     0  00:00     0.00621     0.00621       3.171
  SJ0949               JUNCTION     0.000    0.001     0  05:59           0       0.011       4.770
  SJ0950               JUNCTION     0.000    0.000     0  00:00     0.00246     0.00246       1.025
  SJ0951               JUNCTION     0.000    0.000     0  00:00     0.00338     0.00338       2.035
  SJ0952               JUNCTION     0.000    0.001     0  06:00           0     0.00599      18.208
  SJ0953               JUNCTION     0.000    0.002     0  06:00           0      0.0415       3.513
  SJ0954               JUNCTION     0.000    0.000     0  00:00      0.0034      0.0034      17.323
  SJ0955               JUNCTION     0.000    0.000     0  00:00     0.00389     0.00389       3.629
  SJ0956               JUNCTION     0.000    0.000     0  00:00    0.000635    0.000635       6.837
  SJ0957               JUNCTION     0.000    0.000     0  00:00     0.00492     0.00492       5.230
  SJ0958               JUNCTION     0.000    0.000     0  05:52     0.00444     0.00912       5.215
  SJ0959               JUNCTION     0.000    0.000     0  00:00     0.00524     0.00524       2.622
  SJ0960               JUNCTION     0.000    0.002     0  05:14           0      0.0307       3.749
  SJ0961               JUNCTION     0.000    0.002     0  06:00           0      0.0357       7.208
  SJ0962               JUNCTION     0.000    0.000     0  00:00      0.0022      0.0022      13.697
  SJ0963               JUNCTION     0.000    0.000     0  00:00      0.0035      0.0035       0.937
  SJ0964               JUNCTION     0.000    0.000     0  00:00      0.0022      0.0022       2.702
  SJ0965               JUNCTION     0.000    0.000     0  00:00     0.00475     0.00475       0.960
  SJ0966               JUNCTION     0.000    0.000     0  00:00     0.00264     0.00264       0.870
  SJ0967               JUNCTION     0.000    0.000     0  00:00     0.00168     0.00168       8.746
  SJ0968               JUNCTION     0.000    0.000     0  00:00       0.003       0.003       1.641
  SJ0969               JUNCTION     0.000    0.000     0  00:00     0.00432     0.00432       0.398
  SJ0970               JUNCTION     0.000    0.001     0  00:50           0      0.0143       1.852
  SJ0972               JUNCTION     0.000    0.002     0  02:04      0.0036      0.0311       2.664
  SJ0973               JUNCTION     0.000    0.018     0  06:00           0        0.29       0.876
  SJ0974               JUNCTION     0.001    0.001     0  00:00      0.0129      0.0129       2.693
  SJ0975               JUNCTION     0.000    0.000     0  00:00     0.00324     0.00324       1.307
  SJ0976               JUNCTION     0.000    0.000     0  06:00           0     0.00844       3.805
  SJ0977               JUNCTION     0.000    0.000     0  00:00     0.00494     0.00494       2.055
  SJ0978               JUNCTION     0.000    0.000     0  00:00     0.00268     0.00268       4.357
  SJ0979               JUNCTION     0.000    0.000     0  05:05     0.00342     0.00599       4.188
  SJ0980               JUNCTION     0.000    0.002     0  06:00           0      0.0291       5.041
  SJ0981               JUNCTION     0.000    0.002     0  06:00           0      0.0285       5.450
  SJ0982               JUNCTION     0.000    0.000     0  00:00     0.00219     0.00219       3.559
  SJ0983               JUNCTION     0.000    0.002     0  06:00           0      0.0287      18.011
  SJ0984               JUNCTION     0.000    0.000     0  00:00     0.00637     0.00637       0.288
  SJ0985               JUNCTION     0.000    0.001     0  06:00           0      0.0125      13.828
  SJ0986               JUNCTION     0.000    0.000     0  06:00           0     0.00719      12.641
  SJ0987               JUNCTION     0.000    0.008     0  02:43     0.00155     0.00616       9.785
  SJ0988               JUNCTION     0.000    0.002     0  03:18     0.00336       0.016      55.739
  SJ0989               JUNCTION     0.000    0.000     0  00:00     0.00347     0.00347       1.667
  SJ0990               JUNCTION     0.000    0.000     0  00:00     0.00414     0.00414       0.998
  SJ0991               JUNCTION     0.000    0.000     0  00:16           0     0.00765      24.254
  SJ0992               JUNCTION     0.000    0.000     0  00:00      0.0049      0.0049       1.171
  SJ0993               JUNCTION     0.000    0.001     0  02:56     0.00428      0.0252       1.535
  SJ0994               JUNCTION     0.000    0.000     0  00:00     0.00468     0.00468       7.357
  SJ0995               JUNCTION     0.000    0.000     0  00:31           0     0.00875      24.345
  SJ0996               JUNCTION     0.000    0.000     0  00:00     0.00372     0.00372      15.210
  SJ0997               JUNCTION     0.000    0.000     0  00:00     0.00175     0.00175       5.976
  SJ0998               JUNCTION     0.000    0.000     0  00:00     0.00068     0.00068       7.333
  SJ0999               JUNCTION     0.000    0.000     0  00:00     0.00299     0.00299       6.324
  SJ1000               JUNCTION     0.000    0.000     0  00:00     0.00373     0.00373       6.629
  SJ1001               JUNCTION     0.000    0.000     0  00:00     0.00476     0.00476      16.156
  SJ1002               JUNCTION     0.000    0.002     0  06:00           0      0.0282       5.980
  SJ1003               JUNCTION     0.000    0.000     0  06:00     0.00238     0.00747       3.988
  SJ1004               JUNCTION     0.000    0.000     0  00:00    0.000986    0.000986       9.991
  SJ1005               JUNCTION     0.000    0.001     0  02:38           0      0.0232       2.118
  SJ1006               JUNCTION     0.000    0.000     0  00:00     0.00362     0.00362      23.628
  SJ1007               JUNCTION     0.000    0.000     0  00:00     0.00169     0.00169       6.646
  SJ1008               JUNCTION     0.000    0.000     0  01:19     0.00137     0.00296      22.935
  SJ1009               JUNCTION     0.000    0.000     0  00:00     0.00239     0.00239       1.945
  SJ1010               JUNCTION     0.000    0.000     0  00:00     0.00331     0.00331       1.564
  SJ1011               JUNCTION     0.000    0.000     0  03:08     0.00434     0.00485      24.522
  SJ1012               JUNCTION     0.000    0.000     0  00:00    0.000669    0.000669       2.368
  SJ1013               JUNCTION     0.000    0.000     0  00:00     0.00516     0.00516       0.336
  SJ1014               JUNCTION     0.000    0.000     0  05:49           0     0.00787       6.292
  SJ1015               JUNCTION     0.000    0.000     0  04:07           0     0.00379      52.378
  SJ1016               JUNCTION     0.000    0.000     0  00:00    0.000159    0.000159      45.786
  SJ1017               JUNCTION     0.000    0.000     0  00:00     0.00236     0.00236       1.023
  SJ1018               JUNCTION     0.000    0.000     0  04:59     0.00162     0.00997       4.165
  SJ1019               JUNCTION     0.000    0.000     0  00:00     0.00483     0.00483       1.258
  SJ1020               JUNCTION     0.000    0.000     0  05:31     0.00193     0.00193      24.472
  SJ1021               JUNCTION     0.000    0.000     0  00:00     0.00412     0.00412       4.369
  SJ1022               JUNCTION     0.000    0.000     0  00:00     0.00164     0.00164       8.756
  SJ1023               JUNCTION     0.000    0.000     0  00:00     0.00222     0.00222      38.154
  SJ1024               JUNCTION     0.000    0.000     0  00:00     0.00248     0.00248       1.242
  SJ1025               JUNCTION     0.000    0.000     0  00:00     0.00302     0.00302       2.565
  SJ1026               JUNCTION     0.000    0.002     0  04:05    0.000975     0.00286      10.480
  SJ1027               JUNCTION     0.000    0.000     0  06:00     0.00034     0.00646      50.491
  SJ1029               JUNCTION     0.000    0.001     0  05:59     0.00532      0.0127       5.900
  SJ1030               JUNCTION     0.000    0.000     0  00:40     0.00281     0.00823       1.081
  SJ1031               JUNCTION     0.000    0.000     0  00:00     0.00985     0.00985       7.179
  SJ1032               JUNCTION     0.000    0.001     0  06:00     0.00159      0.0135      10.074
  SJ1033               JUNCTION     0.000    0.000     0  00:00     0.00103     0.00103       0.672
  SJ1034               JUNCTION     0.000    0.000     0  00:00    0.000952    0.000952      15.000
  SJ1035               JUNCTION     0.000    0.000     0  00:00     0.00286     0.00286       4.794
  SJ1036               JUNCTION     0.000    0.000     0  00:00    0.000895    0.000895      35.238
  SJ1037               JUNCTION     0.000    0.000     0  00:00     0.00207     0.00207       7.440
  SJ1038               JUNCTION     0.000    0.000     0  00:00      0.0024      0.0024       1.789
  SJ1039               JUNCTION     0.000    0.000     0  06:00           0     0.00859       2.912
  SJ1040               JUNCTION     0.000    0.000     0  06:00    0.000555    0.000782       7.898
  SJ1041               JUNCTION     0.000    0.000     0  00:00    0.000793    0.000793      10.626
  SJ1042               JUNCTION     0.000    0.000     0  00:00     0.00456     0.00456      14.320
  SJ1043               JUNCTION     0.000    0.000     0  00:00     0.00268     0.00268       7.957
  SJ1044               JUNCTION     0.000    0.000     0  01:22    0.000555    0.000605      46.150
  SJ1045               JUNCTION     0.000    0.000     0  00:00    0.000249    0.000249      10.268
  SJ1046               JUNCTION     0.000    0.000     0  00:00     0.00236     0.00236       6.307
  SJ1047               JUNCTION     0.000    0.000     0  00:00     0.00899     0.00899       0.534
  SJ1048               JUNCTION     0.000    0.000     0  00:00     0.00325     0.00325       1.129
  SJ1049               JUNCTION     0.000    0.001     0  02:00           0      0.0108      22.000
  SJ1050               JUNCTION     0.000    0.000     0  00:00     0.00416     0.00416       5.435
  SJ1051               JUNCTION     0.000    0.000     0  00:00     0.00292     0.00292       1.425
  SJ1052               JUNCTION     0.000    0.000     0  05:00           0     0.00746       2.779
  SJ1053               JUNCTION     0.000    0.000     0  00:00     0.00279     0.00279       0.581
  SJ1054               JUNCTION     0.000    0.001     0  05:44           0      0.0109      19.140
  SJ1055               JUNCTION     0.000    0.002     0  06:00           0      0.0394       1.608
  SJ1056               JUNCTION     0.000    0.000     0  00:00     0.00492     0.00492      12.117
  SJ1057               JUNCTION     0.000    0.000     0  00:00     0.00177     0.00177       1.837
  SJ1058               JUNCTION     0.000    0.000     0  00:00     0.00316     0.00316       9.124
  SJ1059               JUNCTION     0.000    0.000     0  00:00     0.00108     0.00108       1.191
  SJ1060               JUNCTION     0.000    0.000     0  00:00     0.00251     0.00251       1.979
  SJ1061               JUNCTION     0.000    0.000     0  00:00     0.00306     0.00306       1.935
  SJ1062               JUNCTION     0.000    0.000     0  00:00     0.00434     0.00434       4.750
  SJ1063               JUNCTION     0.000    0.000     0  00:00     0.00111     0.00111      16.131
  SJ1064               JUNCTION     0.000    0.000     0  00:25     0.00476     0.00483       5.506
  SJ1065               JUNCTION     0.000    0.000     0  00:00      0.0019      0.0019       6.882
  SJ1066               JUNCTION     0.000    0.000     0  00:00     0.00444     0.00444       5.701
  SJ1067               JUNCTION     0.000    0.000     0  06:00      0.0037     0.00554     179.584
  SJ1068               JUNCTION     0.000    0.000     0  00:00     0.00245     0.00245       0.972
  SJ1069               JUNCTION     0.000    0.000     0  00:00     0.00363     0.00363      13.383
  SJ1070               JUNCTION     0.000    0.000     0  00:00     0.00501     0.00501       2.284
  SJ1071               JUNCTION     0.000    0.000     0  00:08    0.000159    0.000196     167.272
  SJ1072               JUNCTION     0.000    0.001     0  06:00     0.00486      0.0175       3.713
  SJ1073               JUNCTION     0.000    0.000     0  00:00     0.00738     0.00738       1.644
  SJ1074               JUNCTION     0.000    0.000     0  00:27           0     0.00552       1.755
  SJ1076               JUNCTION     0.000    0.002     0  03:20     0.00357      0.0356       1.610
  SJ1077               JUNCTION     0.000    0.000     0  00:00     0.00326     0.00326       9.520
  SJ1078               JUNCTION     0.000    0.000     0  00:00     0.00212     0.00212       0.944
  SJ1079               JUNCTION     0.000    0.000     0  00:00       0.004       0.004       5.582
  SJ1080               JUNCTION     0.000    0.000     0  00:00     0.00311     0.00311       1.382
  SJ1081               JUNCTION     0.000    0.000     0  00:00     0.00317     0.00317       0.904
  SJ1082               JUNCTION     0.000    0.000     0  00:00      0.0036      0.0036       6.550
  SJ1083               JUNCTION     0.000    0.000     0  05:59      0.0024     0.00579      13.838
  SJ1084               JUNCTION     0.000    0.000     0  00:00     0.00176     0.00176       2.550
  SJ1085               JUNCTION     0.000    0.000     0  00:00     0.00566     0.00566       0.378
  SJ1086               JUNCTION     0.000    0.000     0  00:29      0.0038      0.0076       9.288
  SJ1087               JUNCTION     0.000    0.002     0  04:10           0      0.0348      11.176
  SJ1088               JUNCTION     0.000    0.000     0  00:00     0.00258     0.00258       0.977
  SJ1089               JUNCTION     0.000    0.000     0  00:00      0.0068      0.0068       2.851
  SJ1090               JUNCTION     0.000    0.000     0  00:00     0.00103     0.00103       4.961
  SJ1091               JUNCTION     0.000    0.000     0  00:00    0.000714    0.000714       1.430
  SJ1092               JUNCTION     0.000    0.000     0  00:00     0.00248     0.00248       0.979
  SJ1093               JUNCTION     0.000    0.000     0  00:00      0.0032      0.0032       9.120
  SJ1094               JUNCTION     0.000    0.000     0  00:00     0.00425     0.00425      18.940
  SJ1095               JUNCTION     0.000    0.000     0  00:00     0.00127     0.00127      12.900
  SJ1096               JUNCTION     0.000    0.000     0  00:00     0.00247     0.00247       0.395
  SJ1097               JUNCTION     0.000    0.000     0  00:00     0.00255     0.00255       1.154
  SJ1098               JUNCTION     0.000    0.000     0  00:00     0.00232     0.00232       2.288
  SJ1099               JUNCTION     0.000    0.000     0  00:00    0.000317    0.000317      68.716
  SJ1100               JUNCTION     0.000    0.000     0  00:00     0.00527     0.00527      24.196
  SJ1101               JUNCTION     0.000    0.000     0  00:00     0.00251     0.00251       2.890
  SJ1102               JUNCTION     0.000    0.000     0  00:00     0.00104     0.00104       1.892
  SJ1103               JUNCTION     0.000    0.000     0  00:00     0.00555     0.00555       2.410
  SJ1104               JUNCTION     0.000    0.000     0  00:00     0.00428     0.00428       0.352
  SJ1105               JUNCTION     0.000    0.001     0  01:20           0      0.0248       2.076
  SJ1106               JUNCTION     0.000    0.001     0  01:40           0      0.0281       2.218
  SJ1107               JUNCTION     0.000    0.000     0  00:00    0.000159    0.000159      35.291
  SJ1108               JUNCTION     0.000    0.000     0  00:00     0.00445     0.00445       8.538
  SJ1109               JUNCTION     0.000    0.000     0  00:00     0.00215     0.00215       6.356
  SJ1110               JUNCTION     0.000    0.000     0  00:00      0.0033      0.0033      17.346
  SJ1111               JUNCTION     0.000    0.000     0  00:00     0.00266     0.00266       3.040
  SJ1112               JUNCTION     0.000    0.002     0  03:15      0.0039      0.0326       1.736
  SJ1113               JUNCTION     0.000    0.000     0  00:00     0.00408     0.00408       0.597
  SJ1114               JUNCTION     0.000    0.000     0  00:00     0.00127     0.00127       2.519
  SJ1115               JUNCTION     0.000    0.000     0  00:00     0.00103     0.00103      11.659
  SJ1116               JUNCTION     0.000    0.000     0  00:00    0.000771    0.000771       3.065
  SJ1117               JUNCTION     0.000    0.000     0  00:00    0.000895    0.000895      30.666
  SJ1118               JUNCTION     0.000    0.000     0  00:00     0.00234     0.00234       3.836
  SJ1119               JUNCTION     0.000    0.000     0  00:00     0.00606     0.00606       7.422
  SJ1120               JUNCTION     0.000    0.000     0  00:00     0.00417     0.00417      16.923
  SJ1121               JUNCTION     0.000    0.000     0  00:00     0.00278     0.00278      20.915
  SJ1122               JUNCTION     0.000    0.000     0  00:00     0.00313     0.00313       1.947
  SJ1123               JUNCTION     0.000    0.000     0  00:00     0.00761     0.00761       0.754
  SJ1124               JUNCTION     0.000    0.000     0  00:00     0.00188     0.00188       5.263
  SJ1125               JUNCTION     0.000    0.000     0  00:00     0.00262     0.00262       1.708
  SJ1126               JUNCTION     0.000    0.000     0  00:00    0.000816    0.000816      49.287
  SJ1127               JUNCTION     0.000    0.000     0  04:43     0.00308     0.00611       4.803
  SJ1128               JUNCTION     0.000    0.000     0  01:14           0     0.00813       3.825
  SJ1129               JUNCTION     0.000    0.000     0  01:53     0.00309     0.00317      31.581
  SJ1130               JUNCTION     0.000    0.000     0  00:00     0.00294     0.00294       0.850
  SJ1131               JUNCTION     0.000    0.000     0  00:00     0.00319     0.00319       9.575
  SJ1132               JUNCTION     0.000    0.000     0  00:00    0.000442    0.000442       1.767
  SJ1133               JUNCTION     0.000    0.000     0  00:00      0.0027      0.0027       4.144
  SJ1134               JUNCTION     0.000    0.000     0  06:00    0.000397     0.00469      53.092
  SJ1135               JUNCTION     0.000    0.000     0  00:00     0.00393     0.00393      10.770
  SJ1136               JUNCTION     0.000    0.000     0  00:00     0.00232     0.00232      11.447
  SJ1137               JUNCTION     0.000    0.000     0  00:00     0.00332     0.00332       1.258
  SJ1138               JUNCTION     0.000    0.000     0  00:00     0.00431     0.00431      10.781
  SJ1139               JUNCTION     0.000    0.000     0  00:00     0.00129     0.00129      17.460
  SJ1140               JUNCTION     0.000    0.000     0  00:00    0.000793    0.000793      18.862
  SJ1141               JUNCTION     0.000    0.000     0  00:00     0.00167     0.00167       0.587
  SJ1142               JUNCTION     0.000    0.001     0  06:00     0.00317       0.012      14.645
  SJ1144               JUNCTION     0.000    0.000     0  00:00     0.00503     0.00503       1.562
  SJ1145               JUNCTION     0.000    0.000     0  03:07     0.00144     0.00231      17.767
  SJ1146               JUNCTION     0.000    0.000     0  00:00       0.002       0.002       8.344
  SJ1147               JUNCTION     0.000    0.000     0  00:00      0.0017      0.0017       9.290
  SJ1148               JUNCTION     0.000    0.000     0  00:00     0.00339     0.00339       1.488
  SJ1149               JUNCTION     0.000    0.000     0  00:00     0.00228     0.00228       3.670
  SJ1150               JUNCTION     0.000    0.000     0  00:00     0.00756     0.00756       1.115
  SJ1151               JUNCTION     0.000    0.001     0  01:22     0.00506      0.0125       2.195
  SJ1152               JUNCTION     0.000    0.000     0  00:00     0.00333     0.00333       7.353
  SJ1153               JUNCTION     0.000    0.000     0  00:00     0.00384     0.00384       0.394
  SJ1154               JUNCTION     0.000    0.000     0  00:00    0.000317    0.000317       8.169
  SJ1155               JUNCTION     0.000    0.001     0  06:00           0      0.0226       1.629
  SJ1156               JUNCTION     0.000    0.001     0  01:49     0.00708      0.0116       2.207
  SJ1157               JUNCTION     0.000    0.001     0  05:07     0.00239     0.00479     273.903
  SJ1158               JUNCTION     0.000    0.000     0  00:00     0.00224     0.00224       0.490
  SJ1159               JUNCTION     0.000    0.000     0  00:00     0.00339     0.00339       2.795
  SJ1160               JUNCTION     0.000    0.000     0  00:00     0.00548     0.00548       2.344
  SJ1161               JUNCTION     0.000    0.000     0  00:00     0.00393     0.00393       3.369
  SJ1162               JUNCTION     0.000    0.000     0  00:00     0.00325     0.00325       2.143
  SJ1163               JUNCTION     0.000    0.000     0  00:00     0.00198     0.00198       4.633
  SJ1164               JUNCTION     0.000    0.000     0  00:00      0.0036      0.0036       2.216
  SJ1165               JUNCTION     0.000    0.001     0  03:09     0.00678     0.00689       6.810
  SJ1166               JUNCTION     0.000    0.000     0  00:00     0.00312     0.00312       2.372
  SJ1167               JUNCTION     0.000    0.000     0  00:00    0.000895    0.000895       2.417
  SJ1168               JUNCTION     0.000    0.001     0  04:28     0.00354      0.0108       1.132
  SJ1169               JUNCTION     0.000    0.000     0  00:00     0.00202     0.00202       0.979
  SJ1170               JUNCTION     0.000    0.000     0  00:00      0.0033      0.0033       0.997
  SJ1171               JUNCTION     0.000    0.000     0  00:00    0.000828    0.000828       0.932
  SJ1172               JUNCTION     0.000    0.000     0  00:00     0.00444     0.00444       1.875
  SJ1173               JUNCTION     0.000    0.000     0  00:00     0.00481     0.00481       5.136
  SJ1174               JUNCTION     0.000    0.000     0  00:00     0.00232     0.00232       4.115
  SJ1175               JUNCTION     0.000    0.000     0  00:00     0.00323     0.00323       0.822
  SJ1176               JUNCTION     0.000    0.000     0  00:00     0.00247     0.00247       7.365
  SJ1177               JUNCTION     0.000    0.000     0  00:00     0.00493     0.00493       0.922
  SJ1178               JUNCTION     0.000    0.000     0  00:00     0.00348     0.00348       1.920
  SJ1179               JUNCTION     0.000    0.000     0  00:00     0.00111     0.00111       0.705
  SJ1180               JUNCTION     0.000    0.000     0  00:00     0.00338     0.00338      11.524
  SJ1181               JUNCTION     0.000    0.002     0  06:00           0      0.0324       7.096
  SJ1182               JUNCTION     0.000    0.000     0  00:00     0.00209     0.00209       8.926
  SJ1183               JUNCTION     0.000    0.000     0  00:00     0.00508     0.00508       0.872
  SJ1184               JUNCTION     0.000    0.000     0  00:00     0.00364     0.00364       2.485
  SJ1185               JUNCTION     0.000    0.000     0  00:00     0.00228     0.00228      23.707
  SJ1186               JUNCTION     0.000    0.000     0  05:06     0.00428     0.00429       7.361
  SJ1187               JUNCTION     0.000    0.000     0  00:00     0.00294     0.00294       1.218
  SJ1188               JUNCTION     0.000    0.000     0  00:00     0.00452     0.00452       1.761
  SJ1189               JUNCTION     0.000    0.000     0  00:00     0.00548     0.00548       5.206
  SJ1190               JUNCTION     0.000    0.000     0  00:00     0.00693     0.00693       0.960
  SJ1191               JUNCTION     0.000    0.000     0  00:00     0.00266     0.00266      17.140
  SJ1192               JUNCTION     0.000    0.000     0  00:00     0.00484     0.00484       3.641
  SJ1193               JUNCTION     0.000    0.000     0  00:00     0.00222     0.00222      14.076
  SJ1194               JUNCTION     0.000    0.001     0  03:06     0.00159     0.00221      40.099
  SJ1195               JUNCTION     0.000    0.000     0  00:00     0.00343     0.00343       2.762
  SJ1196               JUNCTION     0.000    0.000     0  05:56    7.93e-05    0.000209     329.360
  SJ1197               JUNCTION     0.000    0.000     0  00:00     0.00438     0.00438       2.287
  SJ1198               JUNCTION     0.000    0.000     0  00:00     0.00623     0.00623       1.833
  SJ1199               JUNCTION     0.000    0.000     0  00:00     0.00456     0.00456       1.610
  SJ1200               JUNCTION     0.000    0.000     0  00:00     0.00287     0.00287       5.120
  SJ1201               JUNCTION     0.000    0.000     0  00:00    0.000238    0.000238      16.853
  SJ1202               JUNCTION     0.000    0.000     0  00:00     0.00175     0.00175       4.277
  SJ1203               JUNCTION     0.000    0.000     0  00:00    0.000476    0.000476       7.832
  SJ1204               JUNCTION     0.000    0.000     0  00:00     0.00103     0.00103       2.031
  SJ1205               JUNCTION     0.000    0.000     0  00:00     0.00114     0.00114       8.736
  SJ1206               JUNCTION     0.000    0.000     0  00:00     0.00433     0.00433      12.919
  SJ1207               JUNCTION     0.000    0.000     0  00:00     0.00302     0.00302       5.643
  SJ1208               JUNCTION     0.000    0.000     0  00:00    0.000873    0.000873       4.685
  SJ1210               JUNCTION     0.000    0.000     0  00:00     0.00288     0.00288       1.094
  SJ1211               JUNCTION     0.000    0.000     0  00:00     0.00413     0.00413       7.342
  SJ1212               JUNCTION     0.000    0.000     0  00:00     0.00176     0.00176       1.924
  SJ1213               JUNCTION     0.000    0.000     0  00:00     0.00421     0.00421       3.585
  SJ1214               JUNCTION     0.000    0.000     0  04:46     0.00566     0.00972      11.550
  SJ1215               JUNCTION     0.000    0.000     0  00:00     0.00309     0.00309      15.075
  SJ1216               JUNCTION     0.000    0.000     0  00:00     0.00189     0.00189       4.658
  SJ1217               JUNCTION     0.000    0.000     0  00:00     0.00362     0.00362       0.638
  SJ1218               JUNCTION     0.000    0.000     0  00:00     0.00428     0.00428      24.162
  SJ1219               JUNCTION     0.000    0.000     0  00:00    0.000805    0.000805       2.365
  SJ1220               JUNCTION     0.000    0.000     0  03:22     0.00167     0.00198      63.612
  SJ1221               JUNCTION     0.000    0.000     0  00:00     0.00353     0.00353       1.413
  SJ1222               JUNCTION     0.000    0.000     0  00:00      0.0035      0.0035       5.523
  SJ1223               JUNCTION     0.000    0.000     0  00:00    0.000646    0.000646      18.012
  SJ1224               JUNCTION     0.000    0.000     0  00:00     0.00317     0.00317       7.041
  SJ1225               JUNCTION     0.000    0.000     0  00:00     0.00313     0.00313       1.841
  SJ1226               JUNCTION     0.000    0.000     0  00:00    0.000714    0.000714      53.980
  SJ1227               JUNCTION     0.000    0.002     0  04:25     0.00399     0.00416       6.635
  SJ1228               JUNCTION     0.000    0.000     0  00:00     0.00137     0.00137      28.704
  SJ1229               JUNCTION     0.000    0.000     0  00:00      0.0029      0.0029       0.392
  SJ1230               JUNCTION     0.000    0.000     0  00:00     0.00289     0.00289       4.355
  SJ1231               JUNCTION     0.000    0.000     0  00:00     0.00485     0.00485       2.579
  SJ1232               JUNCTION     0.000    0.000     0  00:00     0.00315     0.00315       4.257
  SJ1233               JUNCTION     0.000    0.000     0  03:55     0.00101     0.00105      41.090
  SJ1234               JUNCTION     0.000    0.000     0  00:00     0.00326     0.00326       1.578
  SJ1235               JUNCTION     0.000    0.000     0  00:00       0.005       0.005       4.831
  SJ1236               JUNCTION     0.000    0.000     0  00:00     0.00426     0.00426       4.010
  SJ1237               JUNCTION     0.000    0.000     0  04:30     0.00566     0.00566      14.134
  SJ1238               JUNCTION     0.000    0.000     0  00:00      0.0033      0.0033       6.590
  SJ1239               JUNCTION     0.000    0.080     0  06:00           0       0.595       2.011
  SJ0315               STORAGE      0.000    0.004     0  04:32           0      0.0282      15.002
  SJ0321               STORAGE      0.000    0.000     0  01:04           0      0.0031      20.779
  SJ0337               STORAGE      0.000    0.056     0  06:00    0.000714       0.463       0.573
  SJ0344               STORAGE      0.000    0.001     0  05:16           0     0.00958      49.515
  SJ0352               STORAGE      0.000    0.005     0  04:54           0      0.0309      17.276
  SJ0376               STORAGE      0.000    0.103     0  03:46           0       0.461       0.062
  SJ0477               STORAGE      0.000    0.028     0  03:06           0       0.194       0.061
  SJ0478               STORAGE      0.000    0.032     0  03:05           0       0.227       0.398
  SJ0486               STORAGE      0.000    0.000     0  01:40           0     0.00139      24.593
  SJ0546               STORAGE      0.000    0.001     0  06:00           0     0.00982      16.787
  SJ0640               STORAGE      0.000    0.000     0  02:54           0     0.00239     103.606
  SJ0684               STORAGE      0.000    0.000     0  00:00     0.00171     0.00171       0.011
  SJ0685               STORAGE      0.000    0.000     0  00:00    0.000601    0.000601       0.011
  SJ0729               STORAGE      0.000    0.000     0  01:02           0     0.00291      42.977
  SJ0748               STORAGE      0.000    0.000     0  00:00     0.00175     0.00175       0.011
  SJ0749               STORAGE      0.000    0.000     0  00:00           0           0       0.000 ltr
  SJ0760               STORAGE      0.000    0.102     0  03:15           0       0.458       0.003
  SJ0824               STORAGE      0.000    0.000     0  01:28           0     0.00223      39.235
  SJ0851               STORAGE      0.000    0.012     0  06:00           0       0.101       6.285
  SJ0864               STORAGE      0.000    0.000     0  00:00     0.00279     0.00279       0.011
  SJ0971               STORAGE      0.000    0.000     0  01:30           0     0.00584      98.709
  SJ1028               STORAGE      0.000    0.017     0  06:00           0       0.179       4.993
  SJ1075               STORAGE      0.000    0.000     0  00:00     0.00374     0.00374       0.011
  SJ1143               STORAGE      0.000    0.000     0  00:00     0.00122     0.00122       0.011
  SJ1209               STORAGE      0.000    0.000     0  00:00     0.00121     0.00121       0.011
  SJ0242               OUTFALL      0.000    0.080     0  06:00           0       0.579       0.000
  
  
  **********************
  Node Surcharge Summary
  **********************
  
  Surcharging occurs when water rises above the top of the highest conduit.
  ---------------------------------------------------------------------
                                               Max. Height   Min. Depth
                                   Hours       Above Crown    Below Rim
  Node                 Type      Surcharged         Meters       Meters
  ---------------------------------------------------------------------
  SJ0032               JUNCTION        1.66          0.006        1.794
  SJ0050               JUNCTION        0.25          0.005        3.102
  SJ0075               JUNCTION        1.55          0.047        5.227
  SJ0076               JUNCTION        1.81          0.061        4.967
  SJ0098               JUNCTION        0.11          0.002        6.629
  SJ0138               JUNCTION        2.79          0.118        7.430
  SJ0139               JUNCTION        1.11          0.041        6.471
  SJ0277               JUNCTION        2.08          0.076        2.148
  SJ0294               JUNCTION        1.12          0.042        6.678
  SJ0359               JUNCTION        1.03          0.033        5.055
  SJ0360               JUNCTION        1.00          0.030        4.492
  SJ0379               JUNCTION        2.00          0.080        4.962
  SJ0469               JUNCTION        1.28          0.039        6.714
  SJ0520               JUNCTION        1.66          0.071        7.700
  SJ0584               JUNCTION        0.22          0.004        7.480
  SJ0585               JUNCTION        1.26          0.033        6.063
  SJ0594               JUNCTION        2.28          0.084        4.052
  SJ0595               JUNCTION        0.79          0.015        2.809
  SJ0596               JUNCTION        2.46          0.108        4.374
  SJ0597               JUNCTION        0.96          0.025        3.775
  SJ0629               JUNCTION        1.40          0.033        3.887
  SJ0630               JUNCTION        2.47          0.089        2.227
  SJ0663               JUNCTION        0.74          0.014        7.594
  SJ0740               JUNCTION        0.56          0.012        1.883
  SJ0762               JUNCTION        0.62          0.010        4.918
  SJ0871               JUNCTION        0.65          0.015        1.898
  SJ0938               JUNCTION        3.85          0.069        7.102
  SJ0945               JUNCTION        1.87          0.069        3.704
  SJ0946               JUNCTION        2.51          0.108        3.224
  SJ0987               JUNCTION        2.59          0.103        1.783
  SJ0988               JUNCTION        1.96          0.075        5.484
  SJ1031               JUNCTION        0.51          0.012        5.285
  SJ1094               JUNCTION        1.08          0.025        5.753
  SJ1121               JUNCTION        0.68          0.016        4.597
  SJ1129               JUNCTION        3.31          0.089        4.112
  SJ1218               JUNCTION        2.83          0.124        5.345
  
  
  *********************
  Node Flooding Summary
  *********************
  
  No nodes were flooded.
  
  
  **********************
  Storage Volume Summary
  **********************
  
  ------------------------------------------------------------------------------------------------
                         Average    Avg   Evap  Exfil     Maximum    Max    Time of Max    Maximum
                          Volume   Pcnt   Pcnt   Pcnt      Volume   Pcnt     Occurrence    Outflow
  Storage Unit           1000 m³   Full   Loss   Loss     1000 m³   Full    days hr:min        CMS
  ------------------------------------------------------------------------------------------------
  SJ0315                   0.003    5.1    0.0    0.0       0.004    7.5       0  04:24      0.005
  SJ0321                   0.002    3.1    0.0    0.0       0.002    5.0       0  06:00      0.000
  SJ0337                   0.002    3.1    0.0    0.0       0.004    7.6       0  03:53      0.102
  SJ0344                   0.003    5.2    0.0    0.0       0.004    7.5       0  05:07      0.001
  SJ0352                   0.002    3.2    0.0    0.0       0.004    7.5       0  04:50      0.007
  SJ0376                   0.001    2.5    0.0    0.0       0.004    7.9       0  04:03      0.107
  SJ0477                   0.002    3.3    0.0    0.0       0.004    7.5       0  03:05      0.044
  SJ0478                   0.002    3.8    0.0    0.0       0.004    7.6       0  03:05      0.042
  SJ0486                   0.001    1.3    0.0    0.0       0.001    2.2       0  06:00      0.000
  SJ0546                   0.002    3.3    0.0    0.0       0.003    6.3       0  06:00      0.001
  SJ0640                   0.001    1.3    0.0    0.0       0.001    2.3       0  06:00      0.000
  SJ0684                   0.001    2.0    0.0    0.0       0.002    3.4       0  06:00      0.000
  SJ0685                   0.000    0.7    0.0    0.0       0.001    1.2       0  06:00      0.000
  SJ0729                   0.001    2.1    0.0    0.0       0.002    3.4       0  06:00      0.000
  SJ0748                   0.001    2.0    0.0    0.0       0.002    3.5       0  06:00      0.000
  SJ0749                   0.000    0.0    0.0    0.0       0.000    0.0       0  00:00      0.000
  SJ0760                   0.001    2.4    0.0    0.0       0.004    8.2       0  02:51      0.102
  SJ0824                   0.001    2.0    0.0    0.0       0.002    3.2       0  06:00      0.000
  SJ0851                   0.001    2.9    0.0    0.0       0.004    7.5       0  03:39      0.026
  SJ0864                   0.002    3.2    0.0    0.0       0.003    5.6       0  06:00      0.000
  SJ0971                   0.002    3.7    0.0    0.0       0.003    5.9       0  06:00      0.000
  SJ1028                   0.002    3.6    0.0    0.0       0.004    7.5       0  03:03      0.027
  SJ1075                   0.002    4.3    0.0    0.0       0.004    7.5       0  06:00      0.000
  SJ1143                   0.001    1.4    0.0    0.0       0.001    2.4       0  06:00      0.000
  SJ1209                   0.001    1.4    0.0    0.0       0.001    2.4       0  06:00      0.000
  
  
  ***********************
  Outfall Loading Summary
  ***********************
  
  -----------------------------------------------------------
                         Flow       Avg       Max       Total
                         Freq      Flow      Flow      Volume
  Outfall Node           Pcnt       CMS       CMS    10^6 ltr
  -----------------------------------------------------------
  SJ0242                87.28     0.040     0.080       0.579
  -----------------------------------------------------------
  System                87.28     0.040     0.080       0.579
  
  
  ********************
  Link Flow Summary
  ********************
  
  -----------------------------------------------------------------------------
                                 Maximum  Time of Max   Maximum    Max/    Max/
                                  |Flow|   Occurrence   |Veloc|    Full    Full
  Link                 Type          CMS  days hr:min     m/sec    Flow   Depth
  -----------------------------------------------------------------------------
  SC0001               CONDUIT     0.008     0  06:00      0.49    0.22    0.58
  SC0002               CONDUIT     0.015     0  06:00      0.23    0.52    0.53
  SC0003               CONDUIT     0.005     0  06:00      0.76    0.15    0.27
  SC0004               CONDUIT     0.005     0  06:00      0.78    0.16    0.27
  SC0005               CONDUIT     0.000     0  00:22      0.22    0.00    0.10
  SC0006               CONDUIT     0.002     0  06:00      0.51    0.05    0.16
  SC0007               CONDUIT     0.001     0  05:53      0.34    0.03    0.12
  SC0008               CONDUIT     0.001     0  05:53      0.46    0.04    0.13
  SC0009               CONDUIT     0.001     0  04:46      0.30    0.06    0.17
  SC0010               CONDUIT     0.001     0  05:57      0.36    0.06    0.16
  SC0011               CONDUIT     0.001     0  05:55      0.39    0.04    0.20
  SC0012               CONDUIT     0.000     0  00:15      0.10    0.03    0.24
  SC0013               CONDUIT     0.001     0  06:00      0.09    0.13    0.26
  SC0014               CONDUIT     0.000     0  00:09      0.32    0.00    0.05
  SC0015               CONDUIT     0.000     0  04:00      0.24    0.01    0.07
  SC0016               CONDUIT     0.000     0  06:00      0.03    0.00    0.06
  SC0017               CONDUIT     0.000     0  06:00      0.04    0.01    0.09
  SC0018               CONDUIT     0.000     0  05:58      0.25    0.00    0.06
  SC0019               CONDUIT     0.000     0  06:00      0.11    0.01    0.12
  SC0020               CONDUIT     0.000     0  02:20      0.24    0.00    0.06
  SC0021               CONDUIT     0.000     0  02:44      0.29    0.01    0.07
  SC0022               CONDUIT     0.000     0  06:00      0.13    0.01    0.09
  SC0023               CONDUIT     0.000     0  02:49      0.16    0.03    0.12
  SC0024               CONDUIT     0.000     0  06:00      0.08    0.08    0.22
  SC0025               CONDUIT     0.000     0  06:00      0.07    0.11    0.27
  SC0026               CONDUIT     0.000     0  02:55      0.21    0.01    0.09
  SC0027               CONDUIT     0.001     0  05:49      0.33    0.03    0.12
  SC0028               CONDUIT     0.000     0  00:46      0.11    0.07    0.54
  SC0029               CONDUIT     0.001     0  02:56      0.09    0.13    0.65
  SC0030               CONDUIT     0.002     0  01:39      0.51    0.08    0.28
  SC0031               CONDUIT     0.010     0  06:00      0.80    0.18    0.31
  SC0032               CONDUIT     0.000     0  02:24      0.09    0.06    1.00
  SC0033               CONDUIT     0.016     0  06:00      0.32    0.55    0.43
  SC0034               CONDUIT     0.001     0  06:00      0.10    0.11    0.22
  SC0035               CONDUIT     0.000     0  06:00      0.09    0.10    0.22
  SC0036               CONDUIT     0.000     0  05:57      0.09    0.05    0.14
  SC0037               CONDUIT     0.000     0  05:52      0.30    0.02    0.13
  SC0038               CONDUIT     0.001     0  06:00      0.38    0.03    0.17
  SC0039               CONDUIT     0.001     0  03:54      0.18    0.11    0.27
  SC0040               CONDUIT     0.000     0  01:37      0.09    0.07    0.35
  SC0041               CONDUIT     0.001     0  04:01      0.11    0.23    0.55
  SC0042               CONDUIT     0.000     0  00:33      0.28    0.01    0.08
  SC0043               CONDUIT     0.001     0  02:48      0.37    0.02    0.11
  SC0044               CONDUIT     0.000     0  00:21      0.30    0.00    0.06
  SC0045               CONDUIT     0.000     0  05:19      0.31    0.01    0.23
  SC0046               CONDUIT     0.001     0  00:28      0.43    0.02    0.11
  SC0047               CONDUIT     0.001     0  06:00      0.42    0.04    0.15
  SC0048               CONDUIT     0.000     0  00:23      0.09    0.04    0.12
  SC0049               CONDUIT     0.001     0  01:17      0.36    0.02    0.10
  SC0050               CONDUIT     0.000     0  03:47      0.06    0.02    1.00
  SC0051               CONDUIT     0.016     0  06:00      0.15    0.30    0.53
  SC0052               CONDUIT     0.012     0  03:57      0.36    0.40    0.41
  SC0053               CONDUIT     0.008     0  06:00      0.15    0.28    0.46
  SC0054               CONDUIT     0.001     0  05:36      0.41    0.02    0.11
  SC0055               CONDUIT     0.001     0  05:45      0.42    0.03    0.13
  SC0056               CONDUIT     0.002     0  06:00      0.58    0.07    0.18
  SC0057               CONDUIT     0.002     0  06:00      0.58    0.07    0.26
  SC0058               CONDUIT     0.001     0  06:00      0.13    0.17    0.29
  SC0059               CONDUIT     0.001     0  06:00      0.18    0.24    0.24
  SC0060               CONDUIT     0.000     0  00:53      0.06    0.02    0.14
  SC0061               CONDUIT     0.002     0  06:00      0.55    0.07    0.19
  SC0062               CONDUIT     0.017     0  06:00      0.21    0.31    0.43
  SC0063               CONDUIT     0.017     0  06:00      0.20    0.31    0.44
  SC0064               CONDUIT     0.000     0  06:00      0.05    0.04    0.17
  SC0065               CONDUIT     0.002     0  02:15      0.56    0.07    0.18
  SC0066               CONDUIT     0.002     0  02:17      0.57    0.07    0.19
  SC0067               CONDUIT     0.000     0  06:00      0.09    0.11    0.27
  SC0068               CONDUIT     0.001     0  06:00      0.09    0.15    0.29
  SC0069               CONDUIT     0.005     0  06:00      0.75    0.14    0.26
  SC0070               CONDUIT     0.005     0  06:00      0.77    0.15    0.26
  SC0071               CONDUIT     0.000     0  00:42      0.06    0.02    0.23
  SC0072               CONDUIT     0.001     0  06:00      0.09    0.14    0.28
  SC0073               CONDUIT     0.000     0  00:22      0.10    0.04    0.13
  SC0074               CONDUIT     0.001     0  06:00      0.35    0.04    0.14
  SC0075               CONDUIT     0.000     0  00:30      0.11    0.06    1.00
  SC0076               CONDUIT     0.002     0  05:03      0.14    0.41    1.00
  SC0077               CONDUIT     0.001     0  06:00      0.31    0.08    0.26
  SC0078               CONDUIT     0.002     0  06:00      0.32    0.17    0.26
  SC0079               CONDUIT     0.000     0  02:49      0.30    0.02    0.09
  SC0080               CONDUIT     0.000     0  06:00      0.26    0.02    0.10
  SC0081               CONDUIT     0.008     0  06:00      0.70    0.17    0.29
  SC0082               CONDUIT     0.008     0  06:00      0.64    0.19    0.31
  SC0083               CONDUIT     0.000     0  02:16      0.19    0.01    0.12
  SC0084               CONDUIT     0.001     0  02:42      0.22    0.04    0.13
  SC0085               CONDUIT     0.000     0  01:51      0.07    0.03    0.12
  SC0086               CONDUIT     0.000     0  06:00      0.07    0.03    0.11
  SC0087               CONDUIT     0.000     0  00:47      0.11    0.04    0.13
  SC0088               CONDUIT     0.001     0  01:03      0.31    0.02    0.10
  SC0089               CONDUIT     0.000     0  00:38      0.10    0.04    0.12
  SC0090               CONDUIT     0.000     0  06:00      0.28    0.01    0.08
  SC0091               CONDUIT     0.000     0  01:06      0.08    0.05    0.27
  SC0092               CONDUIT     0.001     0  04:31      0.11    0.20    0.43
  SC0093               CONDUIT     0.008     0  06:00      0.71    0.18    0.28
  SC0094               CONDUIT     0.009     0  06:00      0.81    0.17    0.28
  SC0095               CONDUIT     0.000     0  04:21      0.02    0.02    0.22
  SC0096               CONDUIT     0.001     0  06:00      0.07    0.12    0.32
  SC0097               CONDUIT     0.000     0  02:40      0.21    0.02    0.56
  SC0098               CONDUIT     0.001     0  00:53      0.12    0.14    1.00
  SC0099               CONDUIT     0.002     0  06:00      0.19    0.44    0.38
  SC0100               CONDUIT     0.006     0  06:00      0.48    0.18    0.42
  SC0101               CONDUIT     0.000     0  06:00      0.24    0.01    0.08
  SC0102               CONDUIT     0.000     0  06:00      0.25    0.01    0.08
  SC0103               CONDUIT     0.000     0  06:00      0.14    0.10    0.16
  SC0104               CONDUIT     0.000     0  01:47      0.06    0.02    0.53
  SC0105               CONDUIT     0.001     0  06:00      0.07    0.13    0.61
  SC0106               CONDUIT     0.001     0  06:00      0.13    0.11    0.18
  SC0107               CONDUIT     0.002     0  06:00      0.14    0.36    0.40
  SC0108               CONDUIT     0.001     0  06:00      0.11    0.29    0.41
  SC0109               CONDUIT     0.001     0  01:22      0.38    0.02    0.12
  SC0110               CONDUIT     0.001     0  02:53      0.40    0.03    0.12
  SC0111               CONDUIT     0.001     0  02:56      0.43    0.03    0.13
  SC0112               CONDUIT     0.000     0  01:06      0.29    0.01    0.07
  SC0113               CONDUIT     0.000     0  03:01      0.30    0.02    0.13
  SC0114               CONDUIT     0.000     0  06:00      0.20    0.01    0.11
  SC0115               CONDUIT     0.002     0  06:00      0.52    0.05    0.16
  SC0116               CONDUIT     0.000     0  06:00      0.08    0.00    0.05
  SC0117               CONDUIT     0.000     0  06:00      0.16    0.01    0.06
  SC0118               CONDUIT     0.000     0  00:19      0.11    0.05    0.15
  SC0119               CONDUIT     0.001     0  03:15      0.48    0.05    0.15
  SC0120               CONDUIT     0.002     0  06:00      0.47    0.09    0.20
  SC0121               CONDUIT     0.002     0  06:00      0.35    0.08    0.26
  SC0122               CONDUIT     0.001     0  06:00      0.08    0.18    0.35
  SC0123               CONDUIT     0.001     0  06:00      0.09    0.22    0.41
  SC0124               CONDUIT     0.000     0  06:00      0.08    0.11    0.29
  SC0125               CONDUIT     0.001     0  06:00      0.13    0.11    0.31
  SC0126               CONDUIT     0.000     0  06:00      0.04    0.00    0.02
  SC0127               CONDUIT     0.000     0  06:00      0.08    0.00    0.04
  SC0128               CONDUIT     0.005     0  06:00      0.73    0.16    0.28
  SC0129               CONDUIT     0.006     0  06:00      0.54    0.19    0.37
  SC0130               CONDUIT     0.000     0  06:00      0.15    0.07    0.32
  SC0131               CONDUIT     0.001     0  06:00      0.09    0.14    0.35
  SC0132               CONDUIT     0.000     0  05:49      0.23    0.01    0.07
  SC0133               CONDUIT     0.000     0  05:59      0.22    0.01    0.13
  SC0134               CONDUIT     0.000     0  06:00      0.06    0.03    0.14
  SC0135               CONDUIT     0.000     0  06:00      0.07    0.04    0.15
  SC0136               CONDUIT     0.000     0  06:00      0.16    0.00    0.04
  SC0137               CONDUIT     0.000     0  03:43      0.26    0.00    0.04
  SC0138               CONDUIT     0.002     0  01:58      0.13    0.34    1.00
  SC0139               CONDUIT     0.015     0  05:44      0.26    1.14    1.00
  SC0140               CONDUIT     0.001     0  01:39      0.27    0.03    0.12
  SC0141               CONDUIT     0.001     0  06:00      0.27    0.03    0.14
  SC0142               CONDUIT     0.000     0  00:12      0.13    0.06    0.24
  SC0143               CONDUIT     0.005     0  06:00      0.76    0.14    0.25
  SC0144               CONDUIT     0.000     0  06:00      0.22    0.00    0.05
  SC0145               CONDUIT     0.000     0  05:38      0.26    0.01    0.09
  SC0146               CONDUIT     0.000     0  06:00      0.01    0.00    0.02
  SC0147               CONDUIT     0.000     0  06:00      0.14    0.00    0.06
  SC0148               CONDUIT     0.001     0  06:00      0.11    0.13    0.24
  SC0149               CONDUIT     0.001     0  06:00      0.34    0.03    0.13
  SC0150               CONDUIT     0.001     0  06:00      0.26    0.04    0.15
  SC0151               CONDUIT     0.002     0  03:59      0.16    0.47    0.69
  SC0152               CONDUIT     0.000     0  06:00      0.23    0.01    0.08
  SC0153               CONDUIT     0.000     0  02:16      0.08    0.01    0.05
  SC0154               CONDUIT     0.000     0  06:00      0.13    0.00    0.05
  SC0155               CONDUIT     0.002     0  06:00      0.23    0.10    0.36
  SC0156               CONDUIT     0.016     0  06:00      0.68    0.26    0.63
  SC0157               CONDUIT     0.001     0  06:00      0.13    0.11    0.19
  SC0158               CONDUIT     0.001     0  06:00      0.54    0.04    0.14
  SC0159               CONDUIT     0.000     0  03:57      0.32    0.02    0.11
  SC0160               CONDUIT     0.001     0  01:30      0.30    0.03    0.12
  SC0161               CONDUIT     0.000     0  01:39      0.05    0.01    0.08
  SC0162               CONDUIT     0.000     0  06:00      0.07    0.02    0.08
  SC0163               CONDUIT     0.000     0  03:23      0.05    0.01    0.10
  SC0164               CONDUIT     0.000     0  06:00      0.06    0.03    0.12
  SC0165               CONDUIT     0.000     0  06:00      0.05    0.01    0.16
  SC0166               CONDUIT     0.001     0  04:01      0.10    0.12    0.27
  SC0167               CONDUIT     0.000     0  02:21      0.06    0.01    0.08
  SC0168               CONDUIT     0.000     0  04:35      0.14    0.00    0.05
  SC0169               CONDUIT     0.016     0  06:00      0.15    0.53    0.78
  SC0170               CONDUIT     0.056     0  06:00      0.68    0.65    0.34
  SC0171               CONDUIT     0.000     0  03:24      0.10    0.06    0.14
  SC0172               CONDUIT     0.000     0  03:48      0.26    0.01    0.15
  SC0173               CONDUIT     0.000     0  03:49      0.06    0.02    0.40
  SC0174               CONDUIT     0.002     0  06:00      0.13    0.34    0.47
  SC0175               CONDUIT     0.001     0  06:00      0.16    0.08    0.26
  SC0176               CONDUIT     0.001     0  05:32      0.14    0.23    0.34
  SC0177               CONDUIT     0.000     0  02:25      0.13    0.01    0.07
  SC0178               CONDUIT     0.000     0  04:01      0.15    0.01    0.09
  SC0179               CONDUIT     0.002     0  01:13      0.74    0.07    0.18
  SC0180               CONDUIT     0.002     0  06:00      0.41    0.08    0.22
  SC0181               CONDUIT     0.001     0  06:00      0.16    0.23    0.33
  SC0182               CONDUIT     0.001     0  06:00      0.11    0.23    0.35
  SC0183               CONDUIT     0.000     0  01:59      0.06    0.02    0.27
  SC0184               CONDUIT     0.001     0  06:00      0.11    0.24    0.38
  SC0185               CONDUIT     0.001     0  06:00      0.09    0.14    0.27
  SC0186               CONDUIT     0.001     0  06:00      0.09    0.17    0.35
  SC0187               CONDUIT     0.000     0  00:16      0.10    0.02    0.20
  SC0188               CONDUIT     0.000     0  06:00      0.11    0.07    0.15
  SC0189               CONDUIT     0.005     0  06:00      0.75    0.16    0.27
  SC0190               CONDUIT     0.040     0  06:00      0.33    0.74    0.63
  SC0191               CONDUIT     0.000     0  00:26      0.09    0.03    0.24
  SC0192               CONDUIT     0.000     0  01:43      0.17    0.01    0.13
  SC0193               CONDUIT     0.000     0  00:50      0.12    0.09    0.18
  SC0194               CONDUIT     0.000     0  00:23      0.07    0.01    0.13
  SC0195               CONDUIT     0.001     0  05:36      0.37    0.05    0.24
  SC0196               CONDUIT     0.004     0  06:00      0.48    0.21    0.30
  SC0197               CONDUIT     0.000     0  05:50      0.25    0.06    0.43
  SC0198               CONDUIT     0.000     0  01:52      0.09    0.10    0.72
  SC0199               CONDUIT     0.000     0  00:34      0.11    0.02    0.15
  SC0200               CONDUIT     0.003     0  06:00      0.60    0.10    0.22
  SC0201               CONDUIT     0.003     0  06:00      0.32    0.13    0.31
  SC0202               CONDUIT     0.012     0  06:00      0.88    0.20    0.32
  SC0203               CONDUIT     0.008     0  06:00      0.69    0.18    0.28
  SC0204               CONDUIT     0.008     0  06:00      0.70    0.17    0.28
  SC0205               CONDUIT     0.001     0  06:00      0.08    0.14    0.34
  SC0206               CONDUIT     0.001     0  06:00      0.19    0.29    0.38
  SC0207               CONDUIT     0.000     0  00:22      0.39    0.01    0.12
  SC0208               CONDUIT     0.001     0  06:00      0.30    0.06    0.18
  SC0209               CONDUIT     0.000     0  00:21      0.11    0.06    0.30
  SC0210               CONDUIT     0.000     0  04:29      0.03    0.01    0.22
  SC0211               CONDUIT     0.001     0  06:00      0.09    0.17    0.38
  SC0212               CONDUIT     0.000     0  00:20      0.09    0.03    0.19
  SC0213               CONDUIT     0.000     0  06:00      0.09    0.10    0.24
  SC0214               CONDUIT     0.000     0  06:00      0.11    0.07    0.23
  SC0215               CONDUIT     0.000     0  06:00      0.08    0.09    0.27
  SC0216               CONDUIT     0.001     0  05:57      0.41    0.05    0.22
  SC0217               CONDUIT     0.002     0  05:59      0.23    0.17    0.59
  SC0218               CONDUIT     0.000     0  05:46      0.24    0.01    0.08
  SC0219               CONDUIT     0.000     0  05:50      0.30    0.02    0.10
  SC0220               CONDUIT     0.000     0  04:15      0.11    0.00    0.09
  SC0221               CONDUIT     0.000     0  06:00      0.07    0.04    0.17
  SC0222               CONDUIT     0.001     0  06:00      0.34    0.02    0.10
  SC0223               CONDUIT     0.001     0  06:00      0.41    0.03    0.12
  SC0224               CONDUIT     0.002     0  06:00      0.45    0.07    0.18
  SC0225               CONDUIT     0.002     0  06:00      0.47    0.07    0.19
  SC0226               CONDUIT     0.000     0  06:00      0.05    0.02    0.15
  SC0227               CONDUIT     0.000     0  06:00      0.09    0.07    0.17
  SC0228               CONDUIT     0.000     0  06:00      0.22    0.01    0.07
  SC0229               CONDUIT     0.000     0  06:00      0.27    0.01    0.08
  SC0230               CONDUIT     0.000     0  00:17      0.13    0.02    0.11
  SC0231               CONDUIT     0.000     0  00:41      0.17    0.03    0.21
  SC0232               CONDUIT     0.002     0  01:36      0.47    0.06    0.18
  SC0233               CONDUIT     0.012     0  06:00      0.95    0.20    0.30
  SC0234               CONDUIT     0.012     0  06:00      0.95    0.20    0.31
  SC0235               CONDUIT     0.000     0  05:59      0.07    0.04    0.20
  SC0236               CONDUIT     0.001     0  06:00      0.13    0.14    0.21
  SC0237               CONDUIT     0.000     0  06:00      0.08    0.07    0.29
  SC0238               CONDUIT     0.012     0  06:00      0.92    0.19    0.30
  SC0239               CONDUIT     0.000     0  06:00      0.08    0.03    0.16
  SC0240               CONDUIT     0.000     0  06:00      0.08    0.08    0.24
  SC0241               CONDUIT     0.055     0  06:00      0.51    0.64    0.41
  SC0242               CONDUIT     0.001     0  06:00      0.33    0.02    0.10
  SC0243               CONDUIT     0.001     0  06:00      0.36    0.03    0.12
  SC0244               CONDUIT     0.000     0  00:07      0.98    0.01    0.12
  SC0245               CONDUIT     0.002     0  04:17      0.43    0.07    0.18
  SC0246               CONDUIT     0.000     0  00:10      0.14    0.03    0.22
  SC0247               CONDUIT     0.001     0  06:00      0.09    0.11    0.25
  SC0248               CONDUIT     0.000     0  00:10      0.15    0.04    0.15
  SC0249               CONDUIT     0.000     0  06:00      0.08    0.05    0.20
  SC0250               CONDUIT     0.000     0  03:47      0.06    0.09    0.29
  SC0251               CONDUIT     0.001     0  06:00      0.13    0.30    0.43
  SC0252               CONDUIT     0.000     0  00:08      0.16    0.06    0.13
  SC0253               CONDUIT     0.001     0  04:26      0.32    0.03    0.13
  SC0254               CONDUIT     0.000     0  00:04      1.13    0.01    0.08
  SC0255               CONDUIT     0.001     0  06:00      0.14    0.16    0.38
  SC0256               CONDUIT     0.000     0  00:18      0.28    0.00    0.05
  SC0257               CONDUIT     0.000     0  06:00      0.10    0.00    0.04
  SC0258               CONDUIT     0.000     0  00:37      0.34    0.02    0.11
  SC0259               CONDUIT     0.001     0  06:00      0.18    0.03    0.21
  SC0260               CONDUIT     0.000     0  06:00      0.03    0.00    0.04
  SC0261               CONDUIT     0.000     0  06:00      0.01    0.00    0.04
  SC0262               CONDUIT     0.000     0  01:44      0.08    0.05    0.19
  SC0263               CONDUIT     0.002     0  06:00      0.21    0.13    0.33
  SC0264               CONDUIT     0.002     0  04:00      0.41    0.08    0.20
  SC0265               CONDUIT     0.000     0  00:04      0.04    0.00    0.02
  SC0266               CONDUIT     0.000     0  05:36      0.17    0.00    0.05
  SC0267               CONDUIT     0.000     0  02:23      0.09    0.06    0.20
  SC0268               CONDUIT     0.001     0  06:00      0.08    0.13    0.27
  SC0269               CONDUIT     0.000     0  00:07      0.31    0.01    0.07
  SC0270               CONDUIT     0.000     0  06:00      0.18    0.01    0.40
  SC0271               CONDUIT     0.000     0  04:19      0.28    0.02    0.10
  SC0272               CONDUIT     0.001     0  04:28      0.31    0.03    0.17
  SC0273               CONDUIT     0.002     0  06:00      0.17    0.34    0.48
  SC0274               CONDUIT     0.022     0  06:00      0.83    0.14    0.26
  SC0275               CONDUIT     0.001     0  03:09      1.24    0.05    0.16
  SC0276               CONDUIT     0.003     0  03:43      0.11    0.69    1.00
  SC0277               CONDUIT     0.001     0  06:00      0.32    0.06    0.16
  SC0278               CONDUIT     0.001     0  06:00      0.33    0.05    0.16
  SC0279               CONDUIT     0.000     0  06:00      0.26    0.01    0.09
  SC0280               CONDUIT     0.000     0  05:48      0.09    0.10    0.24
  SC0281               CONDUIT     0.001     0  05:45      0.09    0.12    0.27
  SC0282               CONDUIT     0.000     0  06:00      0.17    0.02    0.10
  SC0283               CONDUIT     0.000     0  06:00      0.31    0.01    0.09
  SC0284               CONDUIT     0.000     0  00:18      0.11    0.03    0.17
  SC0285               CONDUIT     0.000     0  03:41      0.07    0.06    0.22
  SC0286               CONDUIT     0.025     0  06:00      0.29    0.47    0.45
  SC0287               CONDUIT     0.025     0  06:00      0.40    0.82    0.49
  SC0288               CONDUIT     0.000     0  01:39      0.17    0.01    0.08
  SC0289               CONDUIT     0.000     0  00:20      0.58    0.02    0.12
  SC0290               CONDUIT     0.000     0  06:00      0.14    0.01    0.13
  SC0291               CONDUIT     0.001     0  06:00      0.12    0.08    0.44
  SC0292               CONDUIT     0.000     0  06:00      0.10    0.07    0.16
  SC0293               CONDUIT     0.015     0  05:13      0.28    1.07    1.00
  SC0294               CONDUIT     0.000     0  02:37      0.14    0.01    0.09
  SC0295               CONDUIT     0.000     0  05:28      0.17    0.03    0.13
  SC0296               CONDUIT     0.000     0  00:09      0.13    0.05    0.14
  SC0297               CONDUIT     0.001     0  00:43      0.28    0.04    0.13
  SC0298               CONDUIT     0.000     0  00:19      0.13    0.01    0.08
  SC0299               CONDUIT     0.001     0  01:14      0.38    0.02    0.11
  SC0300               CONDUIT     0.001     0  06:00      0.29    0.04    0.20
  SC0301               CONDUIT     0.003     0  06:00      0.33    0.15    0.30
  SC0302               CONDUIT     0.000     0  00:49      0.08    0.04    0.14
  SC0303               CONDUIT     0.000     0  02:14      0.06    0.05    0.20
  SC0304               CONDUIT     0.001     0  01:29      0.68    0.05    0.23
  SC0305               CONDUIT     0.002     0  06:00      0.32    0.17    0.27
  SC0306               CONDUIT     0.000     0  00:29      0.34    0.01    0.13
  SC0307               CONDUIT     0.000     0  00:16      0.08    0.00    0.02
  SC0308               CONDUIT     0.000     0  01:34      0.17    0.00    0.03
  SC0309               CONDUIT     0.000     0  06:00      0.08    0.09    0.22
  SC0310               CONDUIT     0.001     0  06:00      0.09    0.21    0.50
  SC0311               CONDUIT     0.002     0  04:57      0.09    0.33    0.65
  SC0312               CONDUIT     0.001     0  06:00      0.11    0.11    0.28
  SC0313               CONDUIT     0.002     0  04:30      0.09    0.42    0.71
  SC0315               CONDUIT     0.000     0  05:20      0.19    0.01    0.10
  SC0316               CONDUIT     0.001     0  05:25      0.23    0.04    0.16
  SC0317               CONDUIT     0.001     0  01:47      0.24    0.06    0.16
  SC0318               CONDUIT     0.001     0  06:00      0.47    0.03    0.13
  SC0319               CONDUIT     0.001     0  01:16      0.41    0.03    0.12
  SC0321               CONDUIT     0.004     0  04:54      0.23    0.91    0.74
  SC0322               CONDUIT     0.000     0  05:21      0.16    0.00    0.11
  SC0323               CONDUIT     0.000     0  06:00      0.07    0.07    0.26
  SC0324               CONDUIT     0.000     0  00:17      0.31    0.00    0.05
  SC0325               CONDUIT     0.000     0  02:02      0.26    0.01    0.07
  SC0326               CONDUIT     0.000     0  00:39      0.22    0.01    0.09
  SC0327               CONDUIT     0.000     0  04:19      0.15    0.00    0.05
  SC0328               CONDUIT     0.000     0  04:33      0.09    0.01    0.11
  SC0329               CONDUIT     0.000     0  06:00      0.25    0.01    0.17
  SC0330               CONDUIT     0.001     0  06:00      0.12    0.16    0.25
  SC0331               CONDUIT     0.000     0  00:13      0.11    0.04    0.11
  SC0332               CONDUIT     0.000     0  06:00      0.03    0.04    0.26
  SC0333               CONDUIT     0.001     0  06:00      0.13    0.31    0.39
  SC0334               CONDUIT     0.017     0  06:00      0.24    0.59    0.56
  SC0335               CONDUIT     0.005     0  06:00      0.65    0.20    0.31
  SC0337               CONDUIT     0.000     0  01:52      0.25    0.01    0.08
  SC0338               CONDUIT     0.000     0  03:10      0.14    0.02    0.17
  SC0339               CONDUIT     0.000     0  06:00      0.39    0.00    0.05
  SC0340               CONDUIT     0.000     0  06:00      0.22    0.01    0.06
  SC0341               CONDUIT     0.001     0  04:47      0.13    0.25    0.34
  SC0342               CONDUIT     0.001     0  05:50      0.12    0.26    0.35
  SC0344               CONDUIT     0.001     0  05:11      0.08    0.20    0.51
  SC0345               CONDUIT     0.000     0  00:12      0.12    0.04    0.31
  SC0346               CONDUIT     0.001     0  06:00      0.09    0.12    0.35
  SC0347               CONDUIT     0.000     0  06:00      0.14    0.00    0.08
  SC0348               CONDUIT     0.000     0  02:43      0.23    0.00    0.04
  SC0349               CONDUIT     0.000     0  00:31      0.30    0.00    0.05
  SC0350               CONDUIT     0.001     0  06:00      0.09    0.24    0.52
  SC0352               CONDUIT     0.001     0  06:00      0.09    0.17    0.30
  SC0353               CONDUIT     0.001     0  06:00      0.37    0.05    0.17
  SC0354               CONDUIT     0.000     0  06:00      0.03    0.01    0.09
  SC0355               CONDUIT     0.000     0  00:18      0.15    0.02    0.10
  SC0356               CONDUIT     0.001     0  01:19      0.44    0.03    0.13
  SC0357               CONDUIT     0.001     0  06:00      0.32    0.03    0.12
  SC0358               CONDUIT     0.016     0  05:45      0.28    1.14    1.00
  SC0359               CONDUIT     0.016     0  05:46      0.27    1.14    1.00
  SC0360               CONDUIT     0.001     0  06:00      0.31    0.02    0.10
  SC0361               CONDUIT     0.001     0  06:00      0.28    0.02    0.12
  SC0362               CONDUIT     0.000     0  06:00      0.20    0.00    0.05
  SC0363               CONDUIT     0.000     0  00:22      0.13    0.08    0.49
  SC0364               CONDUIT     0.001     0  05:16      0.11    0.18    0.63
  SC0365               CONDUIT     0.000     0  02:06      1.07    0.01    0.08
  SC0366               CONDUIT     0.001     0  00:42      0.36    0.02    0.12
  SC0367               CONDUIT     0.000     0  00:11      0.13    0.03    0.51
  SC0368               CONDUIT     0.002     0  06:00      0.18    0.36    0.34
  SC0369               CONDUIT     0.001     0  06:00      0.08    0.16    0.34
  SC0370               CONDUIT     0.001     0  06:00      0.10    0.23    0.41
  SC0371               CONDUIT     0.000     0  00:32      0.26    0.01    0.21
  SC0372               CONDUIT     0.008     0  06:00      0.80    0.27    0.35
  SC0373               CONDUIT     0.001     0  06:00      0.13    0.20    0.30
  SC0374               CONDUIT     0.005     0  04:03      0.33    0.99    0.55
  SC0376               CONDUIT     0.000     0  00:20      0.34    0.01    0.08
  SC0377               CONDUIT     0.001     0  01:08      0.29    0.03    0.15
  SC0378               CONDUIT     0.001     0  02:09      0.08    0.15    1.00
  SC0379               CONDUIT     0.000     0  01:26      0.25    0.01    0.06
  SC0380               CONDUIT     0.000     0  03:24      0.34    0.01    0.14
  SC0381               CONDUIT     0.000     0  06:00      0.13    0.01    0.11
  SC0382               CONDUIT     0.001     0  06:00      0.28    0.05    0.16
  SC0383               CONDUIT     0.001     0  01:58      0.12    0.11    0.23
  SC0384               CONDUIT     0.001     0  06:00      0.38    0.03    0.14
  SC0385               CONDUIT     0.001     0  01:29      0.46    0.04    0.15
  SC0386               CONDUIT     0.002     0  01:34      0.49    0.05    0.16
  SC0387               CONDUIT     0.000     0  00:18      0.28    0.00    0.08
  SC0388               CONDUIT     0.001     0  04:45      0.35    0.03    0.85
  SC0389               CONDUIT     0.001     0  05:47      0.34    0.03    0.14
  SC0390               CONDUIT     0.001     0  05:59      0.35    0.05    0.15
  SC0391               CONDUIT     0.002     0  06:00      0.14    0.50    0.54
  SC0392               CONDUIT     0.003     0  06:00      0.15    0.58    0.55
  SC0393               CONDUIT     0.001     0  04:21      0.31    0.04    0.16
  SC0394               CONDUIT     0.001     0  02:13      0.13    0.19    1.00
  SC0395               CONDUIT     0.016     0  06:00      0.27    1.17    0.84
  SC0396               CONDUIT     0.001     0  06:00      0.40    0.03    0.12
  SC0397               CONDUIT     0.002     0  03:43      0.10    0.33    0.86
  SC0398               CONDUIT     0.008     0  06:00      0.17    0.57    0.64
  SC0399               CONDUIT     0.002     0  05:59      0.47    0.06    0.19
  SC0400               CONDUIT     0.002     0  05:59      0.34    0.09    0.31
  SC0401               CONDUIT     0.000     0  06:00      0.34    0.02    0.09
  SC0402               CONDUIT     0.001     0  06:00      0.36    0.02    0.10
  SC0403               CONDUIT     0.000     0  06:00      0.09    0.09    0.23
  SC0404               CONDUIT     0.001     0  06:00      0.07    0.11    0.28
  SC0405               CONDUIT     0.000     0  00:14      0.27    0.01    0.12
  SC0406               CONDUIT     0.000     0  06:00      0.11    0.06    0.20
  SC0407               CONDUIT     0.000     0  03:38      0.09    0.07    0.23
  SC0408               CONDUIT     0.000     0  01:37      0.05    0.01    0.09
  SC0409               CONDUIT     0.000     0  06:00      0.05    0.02    0.16
  SC0410               CONDUIT     0.000     0  02:39      0.05    0.01    0.19
  SC0411               CONDUIT     0.000     0  00:14      0.15    0.02    0.10
  SC0412               CONDUIT     0.002     0  06:00      0.12    0.48    0.89
  SC0413               CONDUIT     0.002     0  06:00      0.15    0.46    0.96
  SC0414               CONDUIT     0.001     0  06:00      0.08    0.15    0.33
  SC0415               CONDUIT     0.001     0  06:00      0.13    0.31    0.39
  SC0416               CONDUIT     0.000     0  00:20      0.16    0.01    0.09
  SC0417               CONDUIT     0.001     0  04:00      0.38    0.02    0.11
  SC0418               CONDUIT     0.000     0  05:33      0.07    0.05    0.18
  SC0419               CONDUIT     0.001     0  06:00      0.08    0.24    0.48
  SC0420               CONDUIT     0.001     0  06:00      0.07    0.21    0.52
  SC0421               CONDUIT     0.001     0  06:00      0.44    0.03    0.12
  SC0422               CONDUIT     0.001     0  06:00      0.37    0.03    0.15
  SC0423               CONDUIT     0.001     0  06:00      0.48    0.04    0.15
  SC0424               CONDUIT     0.002     0  06:00      0.40    0.05    0.19
  SC0425               CONDUIT     0.002     0  06:00      0.13    0.48    0.52
  SC0426               CONDUIT     0.003     0  03:07      0.12    0.58    0.71
  SC0427               CONDUIT     0.005     0  03:07      0.30    1.06    0.73
  SC0428               CONDUIT     0.000     0  00:47      0.24    0.00    0.23
  SC0429               CONDUIT     0.001     0  06:00      0.13    0.23    0.31
  SC0430               CONDUIT     0.001     0  06:00      0.40    0.03    0.11
  SC0431               CONDUIT     0.001     0  06:00      0.14    0.26    0.45
  SC0432               CONDUIT     0.001     0  06:00      0.13    0.23    0.32
  SC0433               CONDUIT     0.000     0  06:00      0.10    0.08    0.32
  SC0434               CONDUIT     0.001     0  06:00      0.16    0.24    0.27
  SC0435               CONDUIT     0.001     0  00:50      0.23    0.05    0.15
  SC0436               CONDUIT     0.000     0  00:12      0.10    0.03    0.08
  SC0437               CONDUIT     0.001     0  06:00      0.40    0.03    0.16
  SC0438               CONDUIT     0.002     0  06:00      0.41    0.10    0.21
  SC0439               CONDUIT     0.001     0  06:00      0.16    0.20    0.37
  SC0440               CONDUIT     0.013     0  06:00      0.63    0.23    0.49
  SC0441               CONDUIT     0.001     0  05:48      0.39    0.04    0.14
  SC0442               CONDUIT     0.001     0  06:00      0.25    0.05    0.19
  SC0443               CONDUIT     0.000     0  00:19      0.22    0.01    0.08
  SC0444               CONDUIT     0.000     0  04:58      0.12    0.01    0.14
  SC0445               CONDUIT     0.000     0  06:00      0.04    0.00    0.08
  SC0446               CONDUIT     0.000     0  06:00      0.06    0.03    0.12
  SC0447               CONDUIT     0.007     0  06:00      0.16    0.52    0.59
  SC0448               CONDUIT     0.007     0  06:00      0.16    0.53    0.62
  SC0449               CONDUIT     0.001     0  06:00      0.40    0.03    0.14
  SC0450               CONDUIT     0.001     0  06:00      0.38    0.05    0.15
  SC0451               CONDUIT     0.000     0  00:22      0.10    0.04    0.25
  SC0452               CONDUIT     0.001     0  05:44      0.11    0.17    0.31
  SC0453               CONDUIT     0.000     0  00:31      0.08    0.02    0.15
  SC0454               CONDUIT     0.000     0  06:00      0.08    0.05    0.18
  SC0455               CONDUIT     0.000     0  04:59      0.20    0.01    0.12
  SC0456               CONDUIT     0.000     0  04:57      0.07    0.07    0.22
  SC0457               CONDUIT     0.000     0  01:03      0.07    0.04    0.17
  SC0458               CONDUIT     0.000     0  06:00      0.07    0.08    0.26
  SC0459               CONDUIT     0.001     0  06:00      0.10    0.31    0.47
  SC0460               CONDUIT     0.001     0  06:00      0.42    0.05    0.15
  SC0461               CONDUIT     0.000     0  01:08      0.26    0.00    0.05
  SC0462               CONDUIT     0.002     0  06:00      0.37    0.12    0.27
  SC0463               CONDUIT     0.004     0  06:00      0.51    0.21    0.31
  SC0464               CONDUIT     0.000     0  00:28      0.26    0.01    0.08
  SC0465               CONDUIT     0.000     0  06:00      0.33    0.01    0.09
  SC0466               CONDUIT     0.012     0  06:00      0.89    0.21    0.33
  SC0467               CONDUIT     0.000     0  00:30      0.26    0.01    0.63
  SC0468               CONDUIT     0.002     0  03:20      0.09    0.35    1.00
  SC0469               CONDUIT     0.007     0  06:00      0.62    0.17    0.29
  SC0470               CONDUIT     0.002     0  04:03      0.39    0.10    0.22
  SC0471               CONDUIT     0.002     0  04:07      0.26    0.11    0.30
  SC0472               CONDUIT     0.000     0  00:13      0.28    0.00    0.09
  SC0473               CONDUIT     0.000     0  06:00      0.12    0.04    0.13
  SC0474               CONDUIT     0.000     0  00:26      0.10    0.04    0.12
  SC0475               CONDUIT     0.001     0  06:00      0.35    0.02    0.12
  SC0478               CONDUIT     0.000     0  00:10      0.29    0.01    0.09
  SC0479               CONDUIT     0.000     0  01:44      0.05    0.01    0.21
  SC0480               CONDUIT     0.000     0  00:17      0.11    0.05    0.63
  SC0481               CONDUIT     0.001     0  03:50      0.11    0.29    0.71
  SC0482               CONDUIT     0.000     0  03:40      0.06    0.10    0.36
  SC0483               CONDUIT     0.002     0  03:39      0.17    0.52    0.63
  SC0484               CONDUIT     0.000     0  01:40      0.07    0.02    0.17
  SC0486               CONDUIT     0.001     0  03:56      0.11    0.26    0.62
  SC0487               CONDUIT     0.000     0  02:11      1.07    0.01    0.36
  SC0488               CONDUIT     0.022     0  06:00      0.46    0.38    0.68
  SC0489               CONDUIT     0.000     0  06:00      0.26    0.01    0.07
  SC0490               CONDUIT     0.001     0  06:00      0.09    0.27    0.44
  SC0491               CONDUIT     0.000     0  04:43      0.06    0.02    0.11
  SC0492               CONDUIT     0.001     0  06:00      0.21    0.26    0.28
  SC0493               CONDUIT     0.000     0  02:27      0.05    0.01    0.17
  SC0494               CONDUIT     0.012     0  06:00      0.92    0.20    0.31
  SC0495               CONDUIT     0.000     0  02:00      0.10    0.06    0.14
  SC0496               CONDUIT     0.000     0  01:13      0.07    0.02    0.23
  SC0497               CONDUIT     0.000     0  00:14      0.26    0.00    0.12
  SC0498               CONDUIT     0.000     0  04:39      0.07    0.07    0.38
  SC0499               CONDUIT     0.002     0  06:00      0.16    0.36    0.36
  SC0500               CONDUIT     0.005     0  06:00      0.64    0.19    0.32
  SC0501               CONDUIT     0.002     0  04:07      0.14    0.45    0.73
  SC0502               CONDUIT     0.000     0  01:25      0.05    0.01    0.18
  SC0503               CONDUIT     0.000     0  04:07      0.05    0.03    0.25
  SC0504               CONDUIT     0.000     0  06:00      0.05    0.05    0.38
  SC0505               CONDUIT     0.002     0  04:20      0.20    0.39    0.63
  SC0506               CONDUIT     0.001     0  05:54      0.43    0.03    0.12
  SC0507               CONDUIT     0.001     0  05:45      0.35    0.03    0.15
  SC0508               CONDUIT     0.001     0  06:00      0.37    0.05    0.15
  SC0509               CONDUIT     0.001     0  06:00      0.40    0.05    0.14
  SC0510               CONDUIT     0.000     0  00:16      0.37    0.01    0.12
  SC0511               CONDUIT     0.002     0  06:00      0.41    0.07    0.21
  SC0512               CONDUIT     0.004     0  06:00      0.61    0.14    0.27
  SC0513               CONDUIT     0.000     0  00:07      0.15    0.05    0.19
  SC0514               CONDUIT     0.001     0  06:00      0.28    0.08    0.21
  SC0515               CONDUIT     0.000     0  00:12      1.40    0.01    0.07
  SC0516               CONDUIT     0.000     0  00:50      0.32    0.02    0.10
  SC0517               CONDUIT     0.000     0  01:02      0.24    0.00    0.03
  SC0518               CONDUIT     0.000     0  06:00      0.11    0.00    0.04
  SC0519               CONDUIT     0.001     0  02:01      0.06    0.18    1.00
  SC0520               CONDUIT     0.000     0  05:48      0.20    0.03    0.16
  SC0521               CONDUIT     0.000     0  06:00      0.15    0.06    0.20
  SC0522               CONDUIT     0.002     0  04:19      0.13    0.42    0.63
  SC0523               CONDUIT     0.002     0  04:13      0.13    0.46    0.69
  SC0524               CONDUIT     0.000     0  03:14      0.31    0.01    0.09
  SC0525               CONDUIT     0.017     0  03:49      0.38    0.57    0.41
  SC0526               CONDUIT     0.000     0  01:26      0.07    0.03    0.12
  SC0527               CONDUIT     0.000     0  04:39      0.06    0.04    0.17
  SC0528               CONDUIT     0.001     0  06:00      0.40    0.04    0.14
  SC0529               CONDUIT     0.001     0  06:00      0.27    0.04    0.18
  SC0530               CONDUIT     0.000     0  00:06      0.17    0.06    0.85
  SC0531               CONDUIT     0.000     0  00:18      0.16    0.01    0.06
  SC0532               CONDUIT     0.000     0  04:21      0.25    0.01    0.07
  SC0533               CONDUIT     0.000     0  02:34      0.29    0.01    0.08
  SC0534               CONDUIT     0.001     0  02:40      0.43    0.02    0.14
  SC0535               CONDUIT     0.000     0  00:38      0.08    0.06    0.25
  SC0536               CONDUIT     0.000     0  03:16      0.09    0.09    0.37
  SC0537               CONDUIT     0.000     0  01:16      0.07    0.03    0.18
  SC0538               CONDUIT     0.000     0  00:47      0.07    0.03    0.20
  SC0539               CONDUIT     0.000     0  01:37      0.08    0.03    0.29
  SC0540               CONDUIT     0.001     0  06:00      0.20    0.03    0.20
  SC0541               CONDUIT     0.001     0  06:00      0.12    0.16    0.27
  SC0542               CONDUIT     0.000     0  04:29      0.19    0.01    0.06
  SC0543               CONDUIT     0.000     0  04:29      0.26    0.01    0.10
  SC0544               CONDUIT     0.001     0  06:00      0.11    0.20    0.59
  SC0546               CONDUIT     0.011     0  06:00      0.93    0.19    0.29
  SC0547               CONDUIT     0.000     0  00:42      0.45    0.01    0.11
  SC0548               CONDUIT     0.003     0  06:00      0.61    0.09    0.20
  SC0549               CONDUIT     0.003     0  06:00      0.61    0.08    0.20
  SC0550               CONDUIT     0.000     0  00:06      0.34    0.00    0.06
  SC0551               CONDUIT     0.000     0  00:37      0.20    0.00    0.03
  SC0552               CONDUIT     0.000     0  03:07      0.18    0.00    0.04
  SC0553               CONDUIT     0.000     0  00:05      0.39    0.00    0.05
  SC0554               CONDUIT     0.000     0  06:00      0.05    0.02    0.11
  SC0555               CONDUIT     0.000     0  03:37      0.07    0.11    0.37
  SC0556               CONDUIT     0.002     0  06:00      0.12    0.39    0.49
  SC0557               CONDUIT     0.000     0  05:07      0.12    0.04    0.74
  SC0558               CONDUIT     0.001     0  06:00      0.26    0.08    0.19
  SC0559               CONDUIT     0.001     0  06:00      0.29    0.06    0.17
  SC0560               CONDUIT     0.000     0  01:53      0.23    0.00    0.05
  SC0561               CONDUIT     0.002     0  06:00      0.16    0.14    0.53
  SC0562               CONDUIT     0.015     0  05:12      0.45    0.58    1.00
  SC0563               CONDUIT     0.017     0  06:00      0.24    0.58    0.56
  SC0564               CONDUIT     0.000     0  00:20      1.00    0.01    0.10
  SC0565               CONDUIT     0.001     0  04:58      0.50    0.04    0.15
  SC0566               CONDUIT     0.000     0  06:00      0.30    0.01    0.05
  SC0567               CONDUIT     0.002     0  06:00      0.22    0.06    0.32
  SC0568               CONDUIT     0.000     0  06:00      0.25    0.01    0.09
  SC0569               CONDUIT     0.000     0  06:00      0.16    0.02    0.12
  SC0570               CONDUIT     0.000     0  06:00      0.17    0.01    0.14
  SC0571               CONDUIT     0.000     0  03:53      0.11    0.08    0.17
  SC0572               CONDUIT     0.002     0  06:00      0.36    0.16    0.27
  SC0573               CONDUIT     0.005     0  06:00      0.72    0.16    0.27
  SC0574               CONDUIT     0.000     0  01:12      0.16    0.00    0.04
  SC0575               CONDUIT     0.000     0  00:27      0.22    0.00    0.05
  SC0576               CONDUIT     0.001     0  00:48      0.41    0.02    0.23
  SC0577               CONDUIT     0.000     0  00:29      0.06    0.03    0.16
  SC0578               CONDUIT     0.000     0  01:39      0.11    0.09    0.22
  SC0579               CONDUIT     0.001     0  01:26      0.31    0.04    0.14
  SC0580               CONDUIT     0.000     0  06:00      0.02    0.01    0.22
  SC0581               CONDUIT     0.000     0  03:14      0.04    0.04    0.41
  SC0582               CONDUIT     0.000     0  00:20      0.18    0.02    0.12
  SC0583               CONDUIT     0.002     0  02:42      0.14    0.39    1.00
  SC0584               CONDUIT     0.002     0  02:31      0.14    0.40    1.00
  SC0585               CONDUIT     0.000     0  06:00      0.12    0.00    0.06
  SC0586               CONDUIT     0.000     0  06:00      0.03    0.01    0.19
  SC0587               CONDUIT     0.000     0  00:32      0.12    0.11    0.24
  SC0588               CONDUIT     0.000     0  00:28      0.09    0.06    0.22
  SC0589               CONDUIT     0.001     0  06:00      0.12    0.15    0.25
  SC0590               CONDUIT     0.000     0  00:30      0.23    0.01    0.08
  SC0591               CONDUIT     0.001     0  06:00      0.35    0.02    0.10
  SC0592               CONDUIT     0.000     0  00:22      0.30    0.01    0.23
  SC0593               CONDUIT     0.002     0  06:00      0.11    0.44    1.00
  SC0594               CONDUIT     0.019     0  05:58      0.26    1.39    1.00
  SC0595               CONDUIT     0.002     0  03:15      0.09    0.49    1.00
  SC0596               CONDUIT     0.017     0  05:47      0.23    1.22    1.00
  SC0597               CONDUIT     0.000     0  00:05      0.33    0.01    0.20
  SC0598               CONDUIT     0.009     0  06:00      0.77    0.16    0.29
  SC0599               CONDUIT     0.000     0  00:05      0.36    0.00    0.07
  SC0600               CONDUIT     0.000     0  03:16      0.22    0.02    0.15
  SC0601               CONDUIT     0.002     0  06:00      0.44    0.09    0.20
  SC0602               CONDUIT     0.000     0  05:37      0.27    0.02    0.10
  SC0603               CONDUIT     0.001     0  06:00      0.29    0.03    0.16
  SC0604               CONDUIT     0.002     0  06:00      0.53    0.08    0.19
  SC0605               CONDUIT     0.000     0  00:23      0.15    0.02    0.11
  SC0606               CONDUIT     0.000     0  03:42      0.09    0.10    0.88
  SC0607               CONDUIT     0.004     0  03:36      0.21    0.76    1.00
  SC0608               CONDUIT     0.004     0  04:54      0.23    0.94    0.74
  SC0609               CONDUIT     0.002     0  06:00      0.38    0.11    0.25
  SC0610               CONDUIT     0.005     0  06:00      0.74    0.16    0.27
  SC0611               CONDUIT     0.000     0  06:00      0.18    0.01    0.10
  SC0612               CONDUIT     0.001     0  06:00      0.25    0.03    0.21
  SC0613               CONDUIT     0.000     0  01:05      0.31    0.01    0.09
  SC0614               CONDUIT     0.000     0  05:22      0.27    0.01    0.07
  SC0615               CONDUIT     0.000     0  05:36      0.32    0.01    0.08
  SC0616               CONDUIT     0.000     0  06:00      0.04    0.01    0.05
  SC0617               CONDUIT     0.000     0  03:43      0.27    0.01    0.06
  SC0618               CONDUIT     0.000     0  05:28      0.28    0.01    0.07
  SC0619               CONDUIT     0.000     0  00:20      0.30    0.00    0.13
  SC0620               CONDUIT     0.000     0  00:35      0.27    0.01    0.18
  SC0621               CONDUIT     0.006     0  06:00      0.66    0.18    0.32
  SC0622               CONDUIT     0.000     0  06:00      0.03    0.00    0.02
  SC0623               CONDUIT     0.000     0  06:00      0.16    0.00    0.09
  SC0624               CONDUIT     0.000     0  00:16      0.11    0.04    0.29
  SC0625               CONDUIT     0.001     0  06:00      0.14    0.15    0.21
  SC0626               CONDUIT     0.000     0  03:19      0.07    0.06    0.29
  SC0627               CONDUIT     0.002     0  03:04      0.13    0.42    0.49
  SC0628               CONDUIT     0.001     0  03:00      0.08    0.28    1.00
  SC0629               CONDUIT     0.003     0  02:57      0.11    0.56    1.00
  SC0630               CONDUIT     0.001     0  06:00      0.28    0.03    0.18
  SC0631               CONDUIT     0.000     0  00:24      0.09    0.02    0.13
  SC0632               CONDUIT     0.001     0  05:14      0.47    0.05    0.16
  SC0633               CONDUIT     0.000     0  02:23      0.19    0.00    0.05
  SC0634               CONDUIT     0.004     0  06:00      0.73    0.13    0.24
  SC0635               CONDUIT     0.004     0  06:00      0.74    0.13    0.25
  SC0636               CONDUIT     0.001     0  01:57      0.16    0.03    0.17
  SC0637               CONDUIT     0.000     0  02:21      0.18    0.01    0.12
  SC0638               CONDUIT     0.000     0  02:54      0.06    0.03    0.17
  SC0640               CONDUIT     0.000     0  02:18      0.23    0.01    0.06
  SC0641               CONDUIT     0.000     0  03:03      0.29    0.01    0.07
  SC0642               CONDUIT     0.000     0  03:49      0.03    0.02    0.44
  SC0643               CONDUIT     0.000     0  00:25      0.26    0.00    0.06
  SC0644               CONDUIT     0.000     0  01:39      0.05    0.01    0.15
  SC0645               CONDUIT     0.010     0  06:00      0.27    0.34    0.34
  SC0646               CONDUIT     0.000     0  00:47      0.08    0.02    0.24
  SC0647               CONDUIT     0.000     0  00:22      0.27    0.02    0.10
  SC0648               CONDUIT     0.000     0  00:33      0.27    0.02    0.12
  SC0649               CONDUIT     0.001     0  02:02      0.23    0.02    0.22
  SC0650               CONDUIT     0.001     0  06:00      0.11    0.20    0.34
  SC0651               CONDUIT     0.001     0  05:53      0.20    0.04    0.15
  SC0652               CONDUIT     0.000     0  01:51      0.07    0.03    0.18
  SC0653               CONDUIT     0.012     0  02:54      0.88    0.24    0.33
  SC0654               CONDUIT     0.014     0  06:00      0.85    0.24    0.38
  SC0655               CONDUIT     0.000     0  05:52      0.11    0.09    0.31
  SC0656               CONDUIT     0.001     0  05:56      0.10    0.15    0.35
  SC0657               CONDUIT     0.001     0  06:00      0.26    0.07    0.21
  SC0658               CONDUIT     0.001     0  06:00      0.27    0.11    0.22
  SC0659               CONDUIT     0.000     0  02:06      0.22    0.01    0.08
  SC0660               CONDUIT     0.001     0  00:24      1.15    0.02    0.10
  SC0661               CONDUIT     0.000     0  05:47      0.27    0.01    0.11
  SC0662               CONDUIT     0.000     0  00:50      0.09    0.04    1.00
  SC0663               CONDUIT     0.000     0  01:00      0.21    0.01    0.12
  SC0664               CONDUIT     0.000     0  00:33      0.13    0.07    0.15
  SC0665               CONDUIT     0.000     0  06:00      0.07    0.04    0.16
  SC0666               CONDUIT     0.000     0  06:00      0.06    0.07    0.26
  SC0667               CONDUIT     0.001     0  06:00      0.31    0.03    0.11
  SC0668               CONDUIT     0.001     0  02:00      0.14    0.08    0.23
  SC0669               CONDUIT     0.000     0  06:00      0.09    0.05    0.13
  SC0670               CONDUIT     0.001     0  06:00      0.44    0.02    0.14
  SC0671               CONDUIT     0.001     0  03:43      0.08    0.12    0.47
  SC0672               CONDUIT     0.000     0  00:32      0.08    0.03    0.11
  SC0673               CONDUIT     0.020     0  06:00      0.98    0.22    0.33
  SC0674               CONDUIT     0.000     0  01:46      0.06    0.01    0.20
  SC0675               CONDUIT     0.000     0  01:14      0.05    0.01    0.10
  SC0676               CONDUIT     0.010     0  06:00      0.87    0.16    0.28
  SC0677               CONDUIT     0.000     0  04:12      0.07    0.04    0.14
  SC0678               CONDUIT     0.000     0  06:00      0.07    0.04    0.16
  SC0679               CONDUIT     0.000     0  06:00      0.06    0.03    0.18
  SC0680               CONDUIT     0.000     0  06:00      0.08    0.05    0.27
  SC0681               CONDUIT     0.022     0  06:00      0.28    0.76    0.72
  SC0682               CONDUIT     0.001     0  02:52      0.43    0.02    0.11
  SC0685               CONDUIT     0.000     0  04:33      0.14    0.03    0.16
  SC0686               CONDUIT     0.000     0  02:05      0.03    0.00    0.08
  SC0687               CONDUIT     0.000     0  00:37      0.07    0.03    0.12
  SC0688               CONDUIT     0.001     0  03:27      0.47    0.05    0.15
  SC0689               CONDUIT     0.002     0  02:09      0.52    0.06    0.17
  SC0690               CONDUIT     0.000     0  06:00      0.20    0.02    0.16
  SC0691               CONDUIT     0.000     0  06:00      0.12    0.01    0.09
  SC0692               CONDUIT     0.000     0  06:00      0.13    0.07    0.22
  SC0693               CONDUIT     0.000     0  00:08      1.34    0.01    0.21
  SC0694               CONDUIT     0.001     0  06:00      0.17    0.26    0.36
  SC0695               CONDUIT     0.022     0  06:00      1.11    0.26    0.39
  SC0696               CONDUIT     0.000     0  00:18      0.35    0.01    0.29
  SC0697               CONDUIT     0.000     0  02:15      0.29    0.01    0.12
  SC0698               CONDUIT     0.001     0  05:09      0.27    0.02    0.15
  SC0699               CONDUIT     0.004     0  06:00      0.73    0.12    0.24
  SC0700               CONDUIT     0.000     0  06:00      0.16    0.11    0.26
  SC0701               CONDUIT     0.001     0  04:59      0.09    0.18    0.45
  SC0702               CONDUIT     0.001     0  04:33      0.08    0.30    0.60
  SC0703               CONDUIT     0.000     0  06:00      0.05    0.02    0.12
  SC0704               CONDUIT     0.000     0  00:32      0.19    0.01    0.06
  SC0705               CONDUIT     0.000     0  04:49      0.29    0.01    0.07
  SC0706               CONDUIT     0.000     0  03:12      0.27    0.01    0.08
  SC0707               CONDUIT     0.000     0  06:00      0.08    0.00    0.06
  SC0708               CONDUIT     0.001     0  01:09      0.37    0.02    0.28
  SC0709               CONDUIT     0.000     0  01:59      0.25    0.01    0.11
  SC0710               CONDUIT     0.000     0  01:53      0.20    0.04    0.13
  SC0711               CONDUIT     0.002     0  01:38      0.18    0.46    0.98
  SC0712               CONDUIT     0.002     0  02:21      0.46    0.08    0.23
  SC0713               CONDUIT     0.000     0  00:16      0.32    0.01    0.09
  SC0714               CONDUIT     0.001     0  06:00      0.10    0.17    0.32
  SC0715               CONDUIT     0.000     0  04:20      0.07    0.09    0.48
  SC0716               CONDUIT     0.001     0  06:00      0.31    0.06    0.17
  SC0717               CONDUIT     0.000     0  01:46      0.06    0.01    0.08
  SC0718               CONDUIT     0.000     0  06:00      0.15    0.01    0.07
  SC0719               CONDUIT     0.000     0  00:15      0.17    0.01    0.07
  SC0720               CONDUIT     0.000     0  00:35      0.28    0.01    0.08
  SC0721               CONDUIT     0.000     0  00:24      0.30    0.01    0.09
  SC0722               CONDUIT     0.000     0  01:38      0.17    0.00    0.05
  SC0723               CONDUIT     0.000     0  02:08      0.29    0.01    0.06
  SC0724               CONDUIT     0.000     0  02:57      0.14    0.00    0.04
  SC0725               CONDUIT     0.000     0  00:10      0.14    0.07    0.53
  SC0726               CONDUIT     0.002     0  06:00      0.15    0.47    0.57
  SC0727               CONDUIT     0.007     0  06:00      0.58    0.20    0.30
  SC0729               CONDUIT     0.001     0  02:24      0.38    0.02    0.21
  SC0730               CONDUIT     0.001     0  06:00      0.33    0.10    0.20
  SC0731               CONDUIT     0.000     0  00:43      0.06    0.01    0.34
  SC0732               CONDUIT     0.000     0  04:09      0.03    0.00    0.08
  SC0733               CONDUIT     0.000     0  00:11      0.29    0.01    0.09
  SC0734               CONDUIT     0.000     0  00:21      0.16    0.01    0.22
  SC0735               CONDUIT     0.002     0  06:00      0.16    0.35    0.37
  SC0736               CONDUIT     0.000     0  00:38      0.14    0.00    0.05
  SC0737               CONDUIT     0.001     0  06:00      0.12    0.27    0.38
  SC0738               CONDUIT     0.013     0  03:05      0.49    1.68    0.56
  SC0739               CONDUIT     0.004     0  03:24      0.16    0.80    1.00
  SC0740               CONDUIT     0.000     0  01:15      0.21    0.00    0.04
  SC0741               CONDUIT     0.000     0  02:44      0.06    0.02    0.13
  SC0742               CONDUIT     0.000     0  06:00      0.08    0.07    0.18
  SC0743               CONDUIT     0.000     0  00:58      0.09    0.04    0.12
  SC0744               CONDUIT     0.000     0  04:22      0.27    0.02    0.09
  SC0745               CONDUIT     0.008     0  06:00      0.81    0.23    0.34
  SC0746               CONDUIT     0.000     0  00:22      0.09    0.00    0.04
  SC0749               CONDUIT     0.000     0  03:49      1.16    0.02    0.09
  SC0750               CONDUIT     0.001     0  03:36      1.09    0.02    0.12
  SC0751               CONDUIT     0.000     0  01:59      0.25    0.01    0.08
  SC0752               CONDUIT     0.002     0  06:00      0.64    0.07    0.22
  SC0753               CONDUIT     0.000     0  00:24      0.08    0.04    0.16
  SC0754               CONDUIT     0.001     0  00:42      0.21    0.07    0.26
  SC0755               CONDUIT     0.000     0  00:13      0.12    0.04    0.20
  SC0756               CONDUIT     0.000     0  03:57      0.11    0.09    0.19
  SC0757               CONDUIT     0.000     0  02:27      0.08    0.00    0.05
  SC0758               CONDUIT     0.004     0  06:00      0.47    0.21    0.33
  SC0760               CONDUIT     0.000     0  05:19      0.07    0.07    0.41
  SC0761               CONDUIT     0.001     0  02:39      0.06    0.25    1.00
  SC0762               CONDUIT     0.000     0  04:58      0.20    0.01    0.06
  SC0763               CONDUIT     0.000     0  05:43      0.23    0.01    0.18
  SC0764               CONDUIT     0.000     0  00:21      0.35    0.01    0.06
  SC0765               CONDUIT     0.000     0  02:13      0.21    0.01    0.21
  SC0766               CONDUIT     0.000     0  06:00      0.03    0.00    0.02
  SC0767               CONDUIT     0.000     0  00:57      0.05    0.01    0.15
  SC0768               CONDUIT     0.000     0  05:55      0.06    0.07    0.27
  SC0769               CONDUIT     0.000     0  00:39      0.08    0.02    0.09
  SC0770               CONDUIT     0.000     0  06:00      0.19    0.05    0.14
  SC0771               CONDUIT     0.000     0  03:12      0.05    0.06    0.48
  SC0772               CONDUIT     0.000     0  06:00      0.11    0.09    0.54
  SC0773               CONDUIT     0.000     0  06:00      0.07    0.05    0.17
  SC0774               CONDUIT     0.000     0  01:44      0.10    0.08    0.22
  SC0775               CONDUIT     0.000     0  00:23      0.34    0.01    0.07
  SC0776               CONDUIT     0.008     0  06:00      0.68    0.17    0.28
  SC0777               CONDUIT     0.000     0  00:50      0.08    0.04    0.14
  SC0778               CONDUIT     0.001     0  00:53      0.38    0.04    0.21
  SC0779               CONDUIT     0.000     0  04:00      0.18    0.00    0.06
  SC0780               CONDUIT     0.000     0  06:00      0.08    0.00    0.05
  SC0781               CONDUIT     0.000     0  06:00      0.17    0.01    0.07
  SC0782               CONDUIT     0.001     0  06:00      0.16    0.29    0.32
  SC0783               CONDUIT     0.000     0  06:00      0.11    0.00    0.17
  SC0784               CONDUIT     0.000     0  00:32      0.12    0.02    0.11
  SC0785               CONDUIT     0.001     0  03:45      0.13    0.14    0.22
  SC0786               CONDUIT     0.001     0  01:38      0.25    0.07    0.18
  SC0787               CONDUIT     0.000     0  03:41      0.03    0.07    0.71
  SC0788               CONDUIT     0.001     0  03:39      0.13    0.11    0.85
  SC0789               CONDUIT     0.000     0  02:03      0.33    0.01    0.10
  SC0790               CONDUIT     0.000     0  00:09      0.64    0.02    0.08
  SC0791               CONDUIT     0.000     0  00:37      0.07    0.02    0.13
  SC0792               CONDUIT     0.000     0  05:28      0.03    0.02    0.45
  SC0793               CONDUIT     0.000     0  06:00      0.06    0.00    0.14
  SC0794               CONDUIT     0.000     0  00:03      1.63    0.01    0.08
  SC0795               CONDUIT     0.000     0  00:45      0.08    0.03    0.26
  SC0796               CONDUIT     0.006     0  06:00      0.70    0.20    0.30
  SC0797               CONDUIT     0.000     0  01:19      0.14    0.01    0.09
  SC0798               CONDUIT     0.001     0  05:56      0.31    0.02    0.11
  SC0799               CONDUIT     0.000     0  02:08      0.22    0.01    0.11
  SC0800               CONDUIT     0.001     0  00:41      0.20    0.04    0.14
  SC0801               CONDUIT     0.000     0  00:23      0.23    0.01    0.16
  SC0802               CONDUIT     0.020     0  06:00      1.06    0.25    0.34
  SC0803               CONDUIT     0.000     0  01:10      0.26    0.00    0.06
  SC0804               CONDUIT     0.000     0  02:46      0.26    0.01    0.08
  SC0805               CONDUIT     0.000     0  06:00      0.06    0.05    0.18
  SC0806               CONDUIT     0.000     0  06:00      0.09    0.07    0.25
  SC0807               CONDUIT     0.000     0  05:58      0.01    0.00    0.04
  SC0808               CONDUIT     0.000     0  01:54      0.07    0.03    0.18
  SC0809               CONDUIT     0.000     0  05:51      0.07    0.07    0.60
  SC0810               CONDUIT     0.000     0  03:24      0.25    0.01    0.09
  SC0811               CONDUIT     0.008     0  06:00      0.81    0.25    0.35
  SC0812               CONDUIT     0.000     0  06:00      0.06    0.03    0.14
  SC0813               CONDUIT     0.000     0  06:00      0.07    0.06    0.24
  SC0814               CONDUIT     0.004     0  03:15      0.24    0.91    0.70
  SC0815               CONDUIT     0.000     0  00:08      0.32    0.00    0.06
  SC0816               CONDUIT     0.001     0  06:00      0.30    0.06    0.34
  SC0817               CONDUIT     0.004     0  06:00      0.62    0.15    0.27
  SC0818               CONDUIT     0.005     0  06:00      0.66    0.17    0.29
  SC0819               CONDUIT     0.000     0  06:00      0.02    0.00    0.30
  SC0820               CONDUIT     0.000     0  00:15      0.13    0.07    0.68
  SC0821               CONDUIT     0.001     0  02:38      0.11    0.18    0.78
  SC0822               CONDUIT     0.008     0  04:23      0.27    0.59    0.62
  SC0824               CONDUIT     0.000     0  00:18      0.10    0.02    0.13
  SC0825               CONDUIT     0.000     0  06:00      0.06    0.04    0.18
  SC0826               CONDUIT     0.000     0  00:15      0.27    0.00    0.06
  SC0827               CONDUIT     0.000     0  05:54      0.17    0.01    0.09
  SC0828               CONDUIT     0.000     0  06:00      0.29    0.01    0.07
  SC0829               CONDUIT     0.000     0  00:54      0.09    0.05    0.18
  SC0830               CONDUIT     0.000     0  02:54      0.34    0.01    0.14
  SC0831               CONDUIT     0.002     0  06:00      0.18    0.09    0.32
  SC0832               CONDUIT     0.019     0  05:57      0.18    0.63    0.78
  SC0833               CONDUIT     0.000     0  01:41      0.24    0.09    0.18
  SC0834               CONDUIT     0.022     0  06:00      0.29    0.76    0.77
  SC0835               CONDUIT     0.000     0  00:20      0.28    0.00    0.08
  SC0836               CONDUIT     0.001     0  06:00      0.23    0.04    0.15
  SC0837               CONDUIT     0.007     0  06:00      0.20    0.84    0.69
  SC0838               CONDUIT     0.000     0  06:00      0.07    0.04    0.16
  SC0839               CONDUIT     0.001     0  05:56      0.31    0.02    0.12
  SC0840               CONDUIT     0.001     0  05:54      1.18    0.04    0.14
  SC0841               CONDUIT     0.001     0  01:59      0.28    0.06    0.18
  SC0842               CONDUIT     0.000     0  00:28      0.41    0.01    0.12
  SC0843               CONDUIT     0.000     0  04:50      0.16    0.00    0.04
  SC0844               CONDUIT     0.000     0  05:29      0.18    0.00    0.05
  SC0845               CONDUIT     0.000     0  00:08      0.14    0.05    0.25
  SC0846               CONDUIT     0.003     0  06:00      0.61    0.11    0.23
  SC0847               CONDUIT     0.004     0  06:00      0.71    0.12    0.24
  SC0848               CONDUIT     0.001     0  03:09      0.10    0.14    0.36
  SC0849               CONDUIT     0.002     0  03:06      0.15    0.47    0.49
  SC0851               CONDUIT     0.000     0  06:00      0.02    0.00    0.06
  SC0852               CONDUIT     0.000     0  05:46      0.20    0.01    0.06
  SC0853               CONDUIT     0.000     0  06:00      0.01    0.00    0.03
  SC0854               CONDUIT     0.001     0  01:25      0.45    0.04    0.14
  SC0855               CONDUIT     0.002     0  01:54      0.50    0.05    0.16
  SC0856               CONDUIT     0.007     0  06:00      0.19    0.84    0.69
  SC0857               CONDUIT     0.000     0  05:13      0.26    0.01    0.08
  SC0858               CONDUIT     0.001     0  05:36      0.36    0.02    0.10
  SC0859               CONDUIT     0.002     0  06:00      0.49    0.06    0.18
  SC0860               CONDUIT     0.000     0  06:00      0.07    0.04    0.24
  SC0861               CONDUIT     0.000     0  06:00      0.31    0.01    0.08
  SC0862               CONDUIT     0.004     0  03:03      0.17    0.77    0.64
  SC0864               CONDUIT     0.000     0  00:13      0.33    0.01    0.15
  SC0865               CONDUIT     0.000     0  00:44      0.32    0.01    0.07
  SC0866               CONDUIT     0.003     0  06:00      0.51    0.08    0.22
  SC0867               CONDUIT     0.000     0  06:00      0.08    0.09    0.23
  SC0868               CONDUIT     0.001     0  06:00      0.09    0.14    0.29
  SC0869               CONDUIT     0.000     0  03:57      0.06    0.07    0.99
  SC0870               CONDUIT     0.003     0  03:54      0.13    0.61    1.00
  SC0871               CONDUIT     0.001     0  04:31      0.47    0.04    0.14
  SC0872               CONDUIT     0.001     0  03:25      0.48    0.04    0.14
  SC0873               CONDUIT     0.000     0  00:20      0.26    0.01    0.54
  SC0874               CONDUIT     0.002     0  06:00      0.39    0.09    0.27
  SC0875               CONDUIT     0.000     0  00:10      0.65    0.01    0.21
  SC0876               CONDUIT     0.001     0  06:00      0.10    0.18    0.39
  SC0877               CONDUIT     0.005     0  06:00      0.56    0.16    0.33
  SC0878               CONDUIT     0.000     0  00:19      0.11    0.06    0.19
  SC0879               CONDUIT     0.000     0  00:28      0.10    0.05    0.25
  SC0880               CONDUIT     0.000     0  04:21      0.07    0.04    0.32
  SC0881               CONDUIT     0.000     0  01:28      0.03    0.00    0.05
  SC0882               CONDUIT     0.000     0  00:29      0.24    0.03    0.26
  SC0883               CONDUIT     0.000     0  01:52      0.08    0.05    0.41
  SC0884               CONDUIT     0.000     0  00:22      0.10    0.02    0.10
  SC0885               CONDUIT     0.000     0  03:27      0.20    0.01    0.09
  SC0886               CONDUIT     0.000     0  06:00      0.26    0.01    0.06
  SC0887               CONDUIT     0.000     0  05:02      0.05    0.06    0.44
  SC0888               CONDUIT     0.000     0  04:01      0.06    0.04    0.63
  SC0889               CONDUIT     0.000     0  00:08      0.10    0.05    0.22
  SC0890               CONDUIT     0.000     0  01:10      0.08    0.04    0.14
  SC0891               CONDUIT     0.000     0  06:00      0.07    0.05    0.17
  SC0892               CONDUIT     0.000     0  00:52      0.08    0.03    0.15
  SC0893               CONDUIT     0.000     0  06:00      0.07    0.07    0.21
  SC0894               CONDUIT     0.002     0  06:00      0.50    0.06    0.17
  SC0895               CONDUIT     0.002     0  06:00      0.24    0.07    0.30
  SC0896               CONDUIT     0.000     0  00:22      0.13    0.01    0.11
  SC0897               CONDUIT     0.000     0  00:19      0.26    0.00    0.19
  SC0898               CONDUIT     0.000     0  00:15      0.13    0.07    0.14
  SC0899               CONDUIT     0.000     0  00:33      0.07    0.03    0.12
  SC0900               CONDUIT     0.000     0  00:07      1.09    0.01    0.18
  SC0901               CONDUIT     0.000     0  02:15      0.20    0.01    0.07
  SC0902               CONDUIT     0.000     0  01:51      0.05    0.01    0.12
  SC0903               CONDUIT     0.000     0  05:25      0.26    0.01    0.08
  SC0904               CONDUIT     0.000     0  01:21      0.08    0.04    0.34
  SC0905               CONDUIT     0.000     0  01:45      0.06    0.04    0.47
  SC0906               CONDUIT     0.000     0  02:30      0.13    0.00    0.05
  SC0907               CONDUIT     0.002     0  06:00      0.20    0.42    0.34
  SC0908               CONDUIT     0.000     0  00:27      0.10    0.04    0.11
  SC0909               CONDUIT     0.000     0  00:08      0.39    0.01    0.07
  SC0910               CONDUIT     0.003     0  06:00      0.18    0.63    0.62
  SC0911               CONDUIT     0.000     0  00:23      0.10    0.04    0.51
  SC0912               CONDUIT     0.000     0  00:53      0.21    0.00    0.05
  SC0913               CONDUIT     0.000     0  01:39      0.26    0.01    0.07
  SC0914               CONDUIT     0.000     0  00:29      0.28    0.01    0.18
  SC0915               CONDUIT     0.002     0  03:11      0.23    0.09    0.66
  SC0916               CONDUIT     0.001     0  02:53      0.42    0.03    0.13
  SC0917               CONDUIT     0.002     0  02:58      0.44    0.05    0.23
  SC0918               CONDUIT     0.001     0  06:00      0.49    0.04    0.15
  SC0919               CONDUIT     0.002     0  06:00      0.49    0.05    0.16
  SC0920               CONDUIT     0.000     0  05:31      0.21    0.00    0.06
  SC0921               CONDUIT     0.000     0  05:59      0.18    0.01    0.09
  SC0922               CONDUIT     0.000     0  00:41      0.09    0.04    0.17
  SC0923               CONDUIT     0.000     0  03:30      0.05    0.04    0.27
  SC0924               CONDUIT     0.000     0  01:43      0.06    0.02    0.14
  SC0925               CONDUIT     0.000     0  01:45      0.09    0.05    0.19
  SC0926               CONDUIT     0.001     0  02:38      0.21    0.06    0.16
  SC0927               CONDUIT     0.005     0  06:00      0.71    0.16    0.30
  SC0928               CONDUIT     0.000     0  00:36      0.26    0.03    0.13
  SC0929               CONDUIT     0.000     0  00:34      0.10    0.06    0.18
  SC0930               CONDUIT     0.002     0  06:00      0.14    0.34    0.39
  SC0931               CONDUIT     0.000     0  06:00      0.08    0.04    0.13
  SC0932               CONDUIT     0.000     0  06:00      0.29    0.01    0.10
  SC0933               CONDUIT     0.000     0  06:00      0.02    0.01    0.10
  SC0934               CONDUIT     0.001     0  06:00      0.11    0.28    0.45
  SC0935               CONDUIT     0.002     0  06:00      0.11    0.34    0.49
  SC0936               CONDUIT     0.000     0  04:51      0.26    0.01    0.09
  SC0937               CONDUIT     0.000     0  00:15      0.17    0.09    1.00
  SC0938               CONDUIT     0.000     0  00:06      0.38    0.00    0.07
  SC0939               CONDUIT     0.000     0  04:26      0.16    0.01    0.11
  SC0940               CONDUIT     0.000     0  05:48      0.15    0.07    0.12
  SC0941               CONDUIT     0.000     0  00:58      0.08    0.05    0.30
  SC0942               CONDUIT     0.000     0  01:30      0.08    0.06    0.48
  SC0943               CONDUIT     0.000     0  03:07      0.12    0.00    0.05
  SC0944               CONDUIT     0.001     0  02:32      0.05    0.13    1.00
  SC0945               CONDUIT     0.001     0  02:31      0.08    0.30    1.00
  SC0946               CONDUIT     0.000     0  00:39      0.10    0.04    0.14
  SC0947               CONDUIT     0.000     0  00:38      0.11    0.07    0.15
  SC0948               CONDUIT     0.001     0  06:00      0.25    0.02    0.21
  SC0949               CONDUIT     0.000     0  00:12      0.11    0.02    0.08
  SC0950               CONDUIT     0.000     0  00:14      0.11    0.04    0.22
  SC0951               CONDUIT     0.001     0  06:00      0.09    0.12    0.24
  SC0952               CONDUIT     0.002     0  06:00      0.37    0.12    0.29
  SC0953               CONDUIT     0.000     0  00:51      0.08    0.04    0.37
  SC0954               CONDUIT     0.000     0  01:08      0.27    0.01    0.07
  SC0955               CONDUIT     0.000     0  02:03      0.05    0.01    0.12
  SC0956               CONDUIT     0.000     0  05:52      0.08    0.03    0.16
  SC0957               CONDUIT     0.000     0  01:20      0.12    0.10    0.19
  SC0958               CONDUIT     0.000     0  00:25      0.50    0.01    0.11
  SC0959               CONDUIT     0.002     0  05:58      0.32    0.06    0.27
  SC0960               CONDUIT     0.002     0  06:00      0.23    0.23    0.31
  SC0961               CONDUIT     0.000     0  06:00      0.05    0.02    0.15
  SC0962               CONDUIT     0.000     0  00:17      0.18    0.01    0.10
  SC0963               CONDUIT     0.000     0  00:55      0.09    0.02    0.09
  SC0964               CONDUIT     0.000     0  00:12      0.38    0.01    0.10
  SC0965               CONDUIT     0.000     0  00:15      0.31    0.00    0.12
  SC0966               CONDUIT     0.000     0  01:04      0.15    0.01    0.12
  SC0967               CONDUIT     0.000     0  02:43      0.11    0.01    0.19
  SC0968               CONDUIT     0.000     0  00:14      0.31    0.01    0.09
  SC0969               CONDUIT     0.001     0  01:06      0.34    0.02    0.12
  SC0971               CONDUIT     0.002     0  01:38      0.47    0.06    0.16
  SC0972               CONDUIT     0.018     0  06:00      0.99    0.18    0.30
  SC0973               CONDUIT     0.001     0  00:23      0.13    0.14    0.31
  SC0974               CONDUIT     0.000     0  00:10      0.27    0.01    0.07
  SC0975               CONDUIT     0.000     0  06:00      0.37    0.01    0.08
  SC0976               CONDUIT     0.000     0  02:34      0.24    0.01    0.07
  SC0977               CONDUIT     0.000     0  05:05      0.13    0.01    0.07
  SC0978               CONDUIT     0.000     0  05:30      0.23    0.01    0.41
  SC0979               CONDUIT     0.002     0  06:00      0.53    0.05    0.15
  SC0980               CONDUIT     0.002     0  06:00      0.42    0.05    0.18
  SC0981               CONDUIT     0.000     0  01:11      0.08    0.03    0.15
  SC0982               CONDUIT     0.002     0  06:00      0.48    0.08    0.18
  SC0983               CONDUIT     0.000     0  00:06      1.53    0.01    0.14
  SC0984               CONDUIT     0.001     0  06:00      0.15    0.15    0.20
  SC0985               CONDUIT     0.000     0  06:00      0.34    0.02    0.09
  SC0986               CONDUIT     0.008     0  02:43      0.36    1.65    1.00
  SC0987               CONDUIT     0.002     0  03:18      0.08    0.45    1.00
  SC0988               CONDUIT     0.000     0  00:15      0.24    0.01    0.10
  SC0989               CONDUIT     0.000     0  00:16      0.29    0.01    0.17
  SC0990               CONDUIT     0.000     0  06:00      0.08    0.08    0.32
  SC0991               CONDUIT     0.000     0  00:14      0.16    0.02    0.09
  SC0992               CONDUIT     0.001     0  03:00      0.45    0.04    0.14
  SC0993               CONDUIT     0.000     0  00:24      0.11    0.05    0.39
  SC0994               CONDUIT     0.000     0  05:17      0.05    0.09    0.43
  SC0995               CONDUIT     0.000     0  00:33      0.09    0.04    0.42
  SC0996               CONDUIT     0.000     0  01:31      0.06    0.02    0.14
  SC0997               CONDUIT     0.000     0  01:52      0.05    0.01    0.09
  SC0998               CONDUIT     0.000     0  00:46      0.08    0.04    0.22
  SC0999               CONDUIT     0.000     0  06:00      0.07    0.04    0.19
  SC1000               CONDUIT     0.000     0  00:39      0.09    0.05    0.44
  SC1001               CONDUIT     0.002     0  06:00      0.13    0.43    0.51
  SC1002               CONDUIT     0.000     0  06:00      0.11    0.09    0.24
  SC1003               CONDUIT     0.000     0  01:48      0.05    0.01    0.08
  SC1004               CONDUIT     0.001     0  03:51      0.41    0.04    0.14
  SC1005               CONDUIT     0.000     0  01:04      0.10    0.04    0.54
  SC1006               CONDUIT     0.000     0  01:19      0.06    0.02    0.10
  SC1007               CONDUIT     0.000     0  06:00      0.03    0.03    0.28
  SC1008               CONDUIT     0.000     0  00:13      0.10    0.03    0.19
  SC1009               CONDUIT     0.000     0  00:18      0.09    0.03    0.11
  SC1010               CONDUIT     0.001     0  03:15      0.08    0.20    0.52
  SC1011               CONDUIT     0.000     0  00:30      0.17    0.00    0.10
  SC1012               CONDUIT     0.000     0  00:06      0.70    0.01    0.09
  SC1013               CONDUIT     0.000     0  05:59      0.20    0.02    0.11
  SC1014               CONDUIT     0.000     0  04:02      0.08    0.05    0.34
  SC1015               CONDUIT     0.000     0  06:00      0.02    0.00    0.08
  SC1016               CONDUIT     0.000     0  00:27      0.28    0.00    0.06
  SC1017               CONDUIT     0.000     0  01:49      0.13    0.11    0.18
  SC1018               CONDUIT     0.000     0  00:15      0.12    0.05    0.12
  SC1019               CONDUIT     0.000     0  01:09      0.06    0.02    0.28
  SC1020               CONDUIT     0.000     0  00:45      0.10    0.05    0.23
  SC1021               CONDUIT     0.000     0  06:00      0.04    0.02    0.12
  SC1022               CONDUIT     0.000     0  05:09      0.06    0.03    0.11
  SC1023               CONDUIT     0.000     0  00:25      0.10    0.03    0.11
  SC1024               CONDUIT     0.000     0  03:21      0.20    0.01    0.06
  SC1025               CONDUIT     0.002     0  04:05      0.14    0.34    0.40
  SC1026               CONDUIT     0.000     0  06:00      0.09    0.09    0.20
  SC1028               CONDUIT     0.001     0  06:00      0.28    0.03    0.12
  SC1029               CONDUIT     0.000     0  00:46      0.37    0.01    0.15
  SC1030               CONDUIT     0.000     0  00:10      0.15    0.11    1.00
  SC1031               CONDUIT     0.001     0  06:00      0.12    0.24    0.39
  SC1032               CONDUIT     0.000     0  00:12      0.29    0.00    0.03
  SC1033               CONDUIT     0.000     0  02:17      0.05    0.01    0.12
  SC1034               CONDUIT     0.000     0  05:49      0.13    0.01    0.08
  SC1035               CONDUIT     0.000     0  01:21      0.06    0.01    0.28
  SC1036               CONDUIT     0.000     0  06:00      0.06    0.02    0.19
  SC1037               CONDUIT     0.000     0  00:24      0.25    0.01    0.07
  SC1038               CONDUIT     0.000     0  04:59      0.15    0.01    0.15
  SC1039               CONDUIT     0.000     0  06:00      0.12    0.00    0.04
  SC1040               CONDUIT     0.000     0  00:38      0.06    0.01    0.19
  SC1041               CONDUIT     0.001     0  04:28      0.10    0.12    0.62
  SC1042               CONDUIT     0.000     0  06:00      0.06    0.03    0.21
  SC1043               CONDUIT     0.000     0  00:32      0.04    0.01    0.22
  SC1044               CONDUIT     0.000     0  06:00      0.06    0.00    0.02
  SC1045               CONDUIT     0.000     0  01:27      0.07    0.03    0.20
  SC1046               CONDUIT     0.000     0  00:09      0.65    0.02    0.10
  SC1047               CONDUIT     0.000     0  00:18      0.30    0.01    0.07
  SC1048               CONDUIT     0.001     0  06:00      0.09    0.12    0.26
  SC1049               CONDUIT     0.000     0  00:48      0.08    0.05    0.21
  SC1050               CONDUIT     0.000     0  00:19      0.10    0.03    0.10
  SC1051               CONDUIT     0.000     0  04:28      0.30    0.01    0.08
  SC1052               CONDUIT     0.000     0  00:10      0.31    0.01    0.15
  SC1053               CONDUIT     0.001     0  05:26      0.10    0.13    0.31
  SC1054               CONDUIT     0.002     0  06:00      0.57    0.06    0.17
  SC1055               CONDUIT     0.000     0  02:11      0.08    0.05    0.33
  SC1056               CONDUIT     0.000     0  00:20      0.13    0.01    0.15
  SC1057               CONDUIT     0.000     0  01:56      0.07    0.04    0.21
  SC1058               CONDUIT     0.000     0  00:17      0.25    0.00    0.22
  SC1059               CONDUIT     0.000     0  00:10      0.13    0.04    0.21
  SC1060               CONDUIT     0.000     0  00:22      0.28    0.01    0.11
  SC1061               CONDUIT     0.000     0  06:00      0.07    0.04    0.21
  SC1062               CONDUIT     0.000     0  06:00      0.04    0.01    0.11
  SC1063               CONDUIT     0.000     0  00:26      0.11    0.05    0.30
  SC1064               CONDUIT     0.000     0  06:00      0.05    0.02    0.15
  SC1065               CONDUIT     0.000     0  00:10      0.12    0.05    0.51
  SC1066               CONDUIT     0.000     0  01:00      0.29    0.03    0.50
  SC1067               CONDUIT     0.000     0  00:12      0.11    0.03    0.09
  SC1068               CONDUIT     0.000     0  02:41      0.08    0.04    0.13
  SC1069               CONDUIT     0.000     0  00:15      0.20    0.01    0.10
  SC1070               CONDUIT     0.000     0  00:08      0.14    0.01    0.27
  SC1071               CONDUIT     0.001     0  06:00      0.20    0.20    0.32
  SC1072               CONDUIT     0.000     0  00:18      0.13    0.08    0.15
  SC1073               CONDUIT     0.000     0  00:40      0.26    0.01    0.07
  SC1075               CONDUIT     0.002     0  03:27      0.51    0.05    0.21
  SC1076               CONDUIT     0.000     0  01:40      0.08    0.03    0.12
  SC1077               CONDUIT     0.000     0  00:20      0.23    0.01    0.11
  SC1078               CONDUIT     0.000     0  01:17      0.20    0.01    0.07
  SC1079               CONDUIT     0.000     0  00:20      0.27    0.01    0.09
  SC1080               CONDUIT     0.000     0  00:12      0.12    0.03    0.12
  SC1081               CONDUIT     0.000     0  05:59      0.07    0.04    0.17
  SC1082               CONDUIT     0.000     0  05:50      0.06    0.06    0.25
  SC1083               CONDUIT     0.000     0  00:25      0.07    0.02    0.08
  SC1084               CONDUIT     0.000     0  00:07      1.36    0.01    0.12
  SC1085               CONDUIT     0.000     0  06:00      0.09    0.08    0.21
  SC1086               CONDUIT     0.002     0  03:58      0.13    0.47    0.77
  SC1087               CONDUIT     0.000     0  00:38      0.26    0.01    0.07
  SC1088               CONDUIT     0.000     0  00:26      0.64    0.02    0.14
  SC1089               CONDUIT     0.000     0  05:56      0.07    0.00    0.08
  SC1090               CONDUIT     0.000     0  00:30      0.22    0.00    0.03
  SC1091               CONDUIT     0.000     0  00:17      0.13    0.01    0.17
  SC1092               CONDUIT     0.000     0  00:35      0.10    0.03    0.35
  SC1093               CONDUIT     0.000     0  00:18      0.12    0.05    1.00
  SC1094               CONDUIT     0.000     0  06:00      0.05    0.01    0.16
  SC1095               CONDUIT     0.000     0  00:07      0.35    0.00    0.09
  SC1096               CONDUIT     0.000     0  00:16      0.30    0.00    0.09
  SC1097               CONDUIT     0.000     0  00:59      0.24    0.01    0.08
  SC1098               CONDUIT     0.000     0  06:00      0.05    0.00    0.03
  SC1099               CONDUIT     0.000     0  01:11      0.09    0.06    0.49
  SC1100               CONDUIT     0.000     0  00:56      0.09    0.03    0.18
  SC1101               CONDUIT     0.000     0  00:27      0.18    0.00    0.17
  SC1102               CONDUIT     0.000     0  00:30      1.17    0.01    0.08
  SC1103               CONDUIT     0.000     0  00:11      0.38    0.01    0.11
  SC1104               CONDUIT     0.001     0  01:40      0.47    0.04    0.14
  SC1105               CONDUIT     0.001     0  02:04      0.47    0.04    0.16
  SC1106               CONDUIT     0.000     0  06:00      0.03    0.00    0.10
  SC1107               CONDUIT     0.000     0  00:55      0.09    0.05    0.30
  SC1108               CONDUIT     0.000     0  02:31      0.07    0.03    0.14
  SC1109               CONDUIT     0.000     0  01:18      0.08    0.05    0.31
  SC1110               CONDUIT     0.000     0  03:35      0.15    0.00    0.06
  SC1111               CONDUIT     0.002     0  03:20      0.52    0.05    0.16
  SC1112               CONDUIT     0.000     0  00:21      0.31    0.01    0.13
  SC1113               CONDUIT     0.000     0  00:39      0.07    0.01    0.07
  SC1114               CONDUIT     0.000     0  02:13      0.05    0.01    0.07
  SC1115               CONDUIT     0.000     0  00:49      0.20    0.00    0.09
  SC1116               CONDUIT     0.000     0  06:00      0.09    0.00    0.06
  SC1117               CONDUIT     0.000     0  00:26      0.08    0.03    0.17
  SC1118               CONDUIT     0.000     0  01:47      0.10    0.06    0.15
  SC1119               CONDUIT     0.000     0  00:21      0.10    0.05    0.68
  SC1120               CONDUIT     0.000     0  00:16      0.11    0.03    1.00
  SC1121               CONDUIT     0.000     0  00:22      0.10    0.04    0.17
  SC1122               CONDUIT     0.000     0  00:08      0.29    0.03    0.15
  SC1123               CONDUIT     0.000     0  00:39      0.06    0.02    0.12
  SC1124               CONDUIT     0.000     0  00:33      0.26    0.01    0.20
  SC1125               CONDUIT     0.000     0  00:43      0.06    0.01    0.40
  SC1126               CONDUIT     0.000     0  06:00      0.22    0.02    0.10
  SC1127               CONDUIT     0.000     0  01:40      0.35    0.02    0.11
  SC1128               CONDUIT     0.000     0  00:40      0.11    0.03    1.00
  SC1129               CONDUIT     0.000     0  00:25      0.33    0.01    0.11
  SC1130               CONDUIT     0.000     0  01:02      0.09    0.04    0.30
  SC1131               CONDUIT     0.000     0  06:00      0.06    0.00    0.04
  SC1132               CONDUIT     0.000     0  01:05      0.08    0.03    0.10
  SC1133               CONDUIT     0.000     0  06:00      0.08    0.08    0.22
  SC1134               CONDUIT     0.000     0  01:24      0.07    0.04    0.16
  SC1135               CONDUIT     0.000     0  04:32      0.09    0.03    0.43
  SC1136               CONDUIT     0.000     0  00:03      0.30    0.04    0.18
  SC1137               CONDUIT     0.000     0  04:31      0.10    0.07    0.50
  SC1138               CONDUIT     0.000     0  06:00      0.06    0.01    0.13
  SC1139               CONDUIT     0.000     0  06:00      0.04    0.01    0.06
  SC1140               CONDUIT     0.000     0  00:21      0.28    0.00    0.06
  SC1141               CONDUIT     0.001     0  06:00      0.08    0.15    0.32
  SC1143               CONDUIT     0.000     0  00:19      0.12    0.06    0.19
  SC1144               CONDUIT     0.002     0  03:42      0.09    0.37    0.69
  SC1145               CONDUIT     0.000     0  01:29      0.06    0.02    0.09
  SC1146               CONDUIT     0.000     0  06:00      0.04    0.02    0.12
  SC1147               CONDUIT     0.000     0  00:22      0.30    0.01    0.06
  SC1148               CONDUIT     0.000     0  00:10      0.11    0.02    0.35
  SC1149               CONDUIT     0.000     0  01:22      0.34    0.01    0.08
  SC1150               CONDUIT     0.001     0  02:31      0.37    0.02    0.10
  SC1151               CONDUIT     0.000     0  00:18      0.10    0.04    0.41
  SC1152               CONDUIT     0.000     0  00:18      0.34    0.01    0.10
  SC1153               CONDUIT     0.000     0  01:07      0.04    0.00    0.07
  SC1154               CONDUIT     0.001     0  06:00      0.45    0.04    0.14
  SC1155               CONDUIT     0.001     0  02:38      0.80    0.02    0.12
  SC1156               CONDUIT     0.001     0  05:07      0.07    0.14    0.70
  SC1157               CONDUIT     0.000     0  00:10      0.27    0.00    0.05
  SC1158               CONDUIT     0.000     0  00:19      0.11    0.04    0.23
  SC1159               CONDUIT     0.000     0  00:10      0.13    0.06    0.32
  SC1160               CONDUIT     0.000     0  00:29      0.19    0.04    0.16
  SC1161               CONDUIT     0.000     0  00:03      0.33    0.04    0.30
  SC1162               CONDUIT     0.000     0  04:53      0.13    0.00    0.06
  SC1163               CONDUIT     0.000     0  00:21      0.15    0.02    0.14
  SC1164               CONDUIT     0.001     0  03:18      0.10    0.12    0.35
  SC1165               CONDUIT     0.000     0  00:20      0.08    0.03    0.16
  SC1166               CONDUIT     0.000     0  00:30      0.19    0.00    0.06
  SC1167               CONDUIT     0.001     0  04:31      0.30    0.02    0.11
  SC1168               CONDUIT     0.000     0  00:22      0.27    0.00    0.06
  SC1169               CONDUIT     0.000     0  00:18      0.35    0.01    0.14
  SC1170               CONDUIT     0.000     0  00:18      0.23    0.00    0.04
  SC1171               CONDUIT     0.000     0  00:19      0.10    0.05    0.16
  SC1172               CONDUIT     0.000     0  05:06      0.09    0.05    0.13
  SC1173               CONDUIT     0.000     0  00:10      0.11    0.03    0.36
  SC1174               CONDUIT     0.000     0  00:12      0.35    0.00    0.08
  SC1175               CONDUIT     0.000     0  01:09      0.06    0.03    0.11
  SC1176               CONDUIT     0.000     0  00:07      0.16    0.05    0.20
  SC1177               CONDUIT     0.000     0  00:07      0.14    0.04    0.29
  SC1178               CONDUIT     0.000     0  00:24      0.25    0.00    0.10
  SC1179               CONDUIT     0.000     0  01:28      0.07    0.04    0.15
  SC1180               CONDUIT     0.002     0  06:00      0.13    0.44    0.53
  SC1181               CONDUIT     0.000     0  06:00      0.06    0.02    0.17
  SC1182               CONDUIT     0.000     0  00:12      0.13    0.06    0.12
  SC1183               CONDUIT     0.000     0  03:25      0.20    0.01    0.17
  SC1184               CONDUIT     0.000     0  06:00      0.04    0.02    0.30
  SC1185               CONDUIT     0.000     0  03:21      0.09    0.05    0.28
  SC1186               CONDUIT     0.000     0  00:20      0.11    0.03    0.10
  SC1187               CONDUIT     0.000     0  00:22      0.34    0.01    0.16
  SC1188               CONDUIT     0.000     0  00:38      0.08    0.06    0.19
  SC1189               CONDUIT     0.000     0  00:09      0.12    0.07    0.16
  SC1190               CONDUIT     0.000     0  04:29      0.09    0.05    0.51
  SC1191               CONDUIT     0.000     0  00:50      0.13    0.02    0.10
  SC1192               CONDUIT     0.000     0  06:00      0.05    0.02    0.11
  SC1193               CONDUIT     0.002     0  03:08      0.09    0.38    0.67
  SC1194               CONDUIT     0.000     0  00:21      0.14    0.01    0.13
  SC1195               CONDUIT     0.000     0  05:56      0.02    0.01    0.18
  SC1196               CONDUIT     0.000     0  00:22      0.11    0.05    0.20
  SC1197               CONDUIT     0.000     0  02:21      0.24    0.01    0.08
  SC1198               CONDUIT     0.000     0  01:49      0.19    0.01    0.08
  SC1199               CONDUIT     0.000     0  00:17      0.09    0.03    0.28
  SC1200               CONDUIT     0.000     0  06:00      0.02    0.00    0.12
  SC1201               CONDUIT     0.000     0  01:27      0.07    0.02    0.10
  SC1202               CONDUIT     0.000     0  06:00      0.04    0.00    0.05
  SC1203               CONDUIT     0.000     0  02:46      0.12    0.00    0.05
  SC1204               CONDUIT     0.000     0  01:50      0.06    0.01    0.07
  SC1205               CONDUIT     0.000     0  06:00      0.07    0.04    0.15
  SC1206               CONDUIT     0.000     0  00:45      0.07    0.04    0.19
  SC1207               CONDUIT     0.000     0  01:09      0.06    0.01    0.12
  SC1209               CONDUIT     0.000     0  00:19      0.12    0.02    0.09
  SC1210               CONDUIT     0.000     0  00:09      0.14    0.04    0.83
  SC1211               CONDUIT     0.000     0  02:25      0.21    0.00    0.05
  SC1212               CONDUIT     0.000     0  04:46      0.12    0.01    0.15
  SC1213               CONDUIT     0.000     0  06:00      0.11    0.10    0.19
  SC1214               CONDUIT     0.000     0  03:02      0.08    0.03    0.11
  SC1215               CONDUIT     0.000     0  05:21      0.09    0.00    0.08
  SC1216               CONDUIT     0.000     0  00:08      0.32    0.01    0.07
  SC1217               CONDUIT     0.000     0  00:18      0.11    0.05    1.00
  SC1218               CONDUIT     0.000     0  00:30      0.07    0.01    0.09
  SC1219               CONDUIT     0.000     0  03:22      0.08    0.08    1.00
  SC1220               CONDUIT     0.000     0  00:20      0.24    0.01    0.08
  SC1221               CONDUIT     0.000     0  00:34      0.12    0.02    0.13
  SC1222               CONDUIT     0.000     0  01:57      0.06    0.00    0.31
  SC1223               CONDUIT     0.000     0  06:00      0.06    0.03    0.19
  SC1224               CONDUIT     0.000     0  00:27      0.10    0.03    0.10
  SC1225               CONDUIT     0.000     0  05:48      0.05    0.01    0.07
  SC1226               CONDUIT     0.002     0  04:25      0.14    0.32    0.72
  SC1227               CONDUIT     0.000     0  06:00      0.05    0.01    0.34
  SC1228               CONDUIT     0.000     0  00:06      0.34    0.01    0.07
  SC1229               CONDUIT     0.000     0  00:27      0.07    0.03    0.17
  SC1230               CONDUIT     0.000     0  00:34      0.10    0.05    0.13
  SC1231               CONDUIT     0.000     0  04:43      0.14    0.01    0.07
  SC1232               CONDUIT     0.000     0  02:27      0.05    0.01    0.25
  SC1233               CONDUIT     0.000     0  00:36      0.26    0.01    0.14
  SC1234               CONDUIT     0.000     0  05:44      0.19    0.05    0.18
  SC1235               CONDUIT     0.000     0  00:38      0.08    0.05    0.17
  SC1236               CONDUIT     0.001     0  04:26      0.11    0.20    0.71
  SC1237               CONDUIT     0.000     0  02:10      0.08    0.04    0.14
  SC1238               CONDUIT     0.080     0  06:00      0.99    0.43    0.22
  PU001                PUMP        0.004     0  04:24              1.00
  PU002                PUMP        0.000     0  00:00              0.00
  PU003                PUMP        0.102     0  03:15              1.00
  PU004                PUMP        0.001     0  05:07              1.00
  PU005                PUMP        0.007     0  04:50              1.00
  PU006                PUMP        0.103     0  02:29              1.00
  PU007                PUMP        0.031     0  03:05              1.00
  PU008                PUMP        0.037     0  03:05              1.00
  PU009                PUMP        0.000     0  00:00              0.00
  PU010                PUMP        0.000     0  00:00              0.00
  PU011                PUMP        0.000     0  00:00              0.00
  PU012                PUMP        0.000     0  00:00              0.00
  PU013                PUMP        0.000     0  00:00              0.00
  PU014                PUMP        0.000     0  00:00              0.00
  PU015                PUMP        0.000     0  00:00              0.00
  PU016                PUMP        0.000     0  00:00              0.00
  PU017                PUMP        0.102     0  02:28              1.00
  PU018                PUMP        0.000     0  00:00              0.00
  PU019                PUMP        0.023     0  03:39              1.00
  PU020                PUMP        0.000     0  00:00              0.00
  PU021                PUMP        0.000     0  00:00              0.00
  PU022                PUMP        0.024     0  03:03              1.00
  PU023                PUMP        0.000     0  00:00              0.00
  PU024                PUMP        0.000     0  00:00              0.00
  PU025                PUMP        0.000     0  00:00              0.00
  
  
  ***************************
  Flow Classification Summary
  ***************************
  
  -------------------------------------------------------------------------------------
                      Adjusted    ---------- Fraction of Time in Flow Class ---------- 
                       /Actual         Up    Down  Sub   Sup   Up    Down  Norm  Inlet 
  Conduit               Length    Dry  Dry   Dry   Crit  Crit  Crit  Crit  Ltd   Ctrl  
  -------------------------------------------------------------------------------------
  SC0001                  1.00   0.00  0.00  0.00  0.81  0.18  0.00  0.00  0.70  0.00
  SC0002                  1.00   0.00  0.01  0.00  0.99  0.00  0.00  0.00  0.40  0.00
  SC0003                  1.00   0.00  0.00  0.00  0.02  0.98  0.00  0.00  0.92  0.00
  SC0004                  1.00   0.00  0.00  0.00  0.02  0.98  0.00  0.00  0.00  0.00
  SC0005                  1.00   0.00  0.00  0.00  0.96  0.04  0.00  0.00  0.94  0.00
  SC0006                  1.00   0.00  0.00  0.00  0.10  0.89  0.00  0.00  0.90  0.00
  SC0007                  1.00   0.00  0.00  0.00  0.92  0.08  0.00  0.00  0.84  0.00
  SC0008                  1.00   0.00  0.00  0.00  0.11  0.89  0.00  0.00  1.00  0.00
  SC0009                  1.00   0.00  0.00  0.00  1.00  0.00  0.00  0.00  0.97  0.00
  SC0010                  1.00   0.00  0.00  0.00  0.97  0.03  0.00  0.00  0.00  0.00
  SC0011                  1.00   0.00  0.00  0.00  0.91  0.09  0.00  0.00  0.93  0.00
  SC0012                  1.00   0.00  0.00  0.00  1.00  0.00  0.00  0.00  0.00  0.00
  SC0013                  1.00   0.00  0.00  0.00  1.00  0.00  0.00  0.00  0.00  0.00
  SC0014                  1.00   0.00  0.00  0.00  0.97  0.03  0.00  0.00  0.97  0.00
  SC0015                  1.00   0.00  0.00  0.00  1.00  0.00  0.00  0.00  1.00  0.00
  SC0016                  1.00   0.00  0.00  0.00  1.00  0.00  0.00  0.00  1.00  0.00
  SC0017                  1.00   0.00  0.00  0.00  1.00  0.00  0.00  0.00  1.00  0.00
  SC0018                  1.00   0.00  0.00  0.00  0.92  0.08  0.00  0.00  0.91  0.00
  SC0019                  1.00   0.00  0.00  0.00  1.00  0.00  0.00  0.00  0.95  0.00
  SC0020                  1.00   0.00  0.00  0.00  0.98  0.02  0.00  0.00  0.98  0.00
  SC0021                  1.00   0.00  0.00  0.00  1.00  0.00  0.00  0.00  1.00  0.00
  SC0022                  1.00   0.00  0.00  0.00  1.00  0.00  0.00  0.00  0.96  0.00
  SC0023                  1.00   0.00  0.00  0.00  1.00  0.00  0.00  0.00  0.00  0.00
  SC0024                  1.00   0.00  0.02  0.00  0.97  0.00  0.00  0.00  0.67  0.00
  SC0025                  1.00   0.00  0.00  0.00  1.00  0.00  0.00  0.00  0.13  0.00
  SC0026                  1.00   0.00  0.00  0.00  0.99  0.01  0.00  0.00  0.97  0.00
  SC0027                  1.00   0.00  0.00  0.00  1.00  0.00  0.00  0.00  1.00  0.00
  SC0028                  1.00   0.00  0.00  0.00  1.00  0.00  0.00  0.00  0.07  0.00
  SC0029                  1.00   0.00  0.00  0.00  1.00  0.00  0.00  0.00  0.14  0.00
  SC0030                  1.00   0.00  0.00  0.00  0.91  0.09  0.00  0.00  0.91  0.00
  SC0031                  1.00   0.00  0.00  0.00  0.79  0.21  0.00  0.00  0.82  0.00
  SC0032                  1.00   0.00  0.00  0.00  1.00  0.00  0.00  0.00  0.03  0.00
  SC0033                  1.00   0.00  0.00  0.00  1.00  0.00  0.00  0.00  0.00  0.00
  SC0034                  1.00   0.00  0.00  0.00  1.00  0.00  0.00  0.00  0.58  0.00
  SC0035                  1.00   0.00  0.00  0.00  1.00  0.00  0.00  0.00  0.99  0.00
  SC0036                  1.00   0.00  0.00  0.00  1.00  0.00  0.00  0.00  0.00  0.00
  SC0037                  1.00   0.00  0.00  0.00  0.95  0.05  0.00  0.00  0.91  0.00
  SC0038                  1.00   0.00  0.00  0.00  0.75  0.25  0.00  0.00  0.71  0.00
  SC0039                  1.00   0.01  0.00  0.00  0.99  0.00  0.00  0.00  0.35  0.00
  SC0040                  1.00   0.00  0.00  0.00  1.00  0.00  0.00  0.00  0.65  0.00
  SC0041                  1.00   0.00  0.00  0.00  1.00  0.00  0.00  0.00  0.09  0.00
  SC0042                  1.00   0.00  0.00  0.00  0.96  0.04  0.00  0.00  0.91  0.00
  SC0043                  1.00   0.00  0.00  0.00  0.99  0.01  0.00  0.00  0.97  0.00
  SC0044                  1.00   0.00  0.00  0.00  0.94  0.06  0.00  0.00  0.94  0.00
  SC0045                  1.00   0.00  0.00  0.00  0.93  0.07  0.00  0.00  0.93  0.00
  SC0046                  1.00   0.00  0.00  0.00  0.92  0.08  0.00  0.00  0.95  0.00
  SC0047                  1.00   0.00  0.00  0.00  0.94  0.06  0.00  0.00  0.93  0.00
  SC0048                  1.00   0.00  0.00  0.00  1.00  0.00  0.00  0.00  0.00  0.00
  SC0049                  1.00   0.00  0.00  0.00  1.00  0.00  0.00  0.00  0.99  0.00
  SC0050                  1.00   0.00  0.00  0.00  1.00  0.00  0.00  0.00  0.04  0.00
  SC0051                  1.00   0.00  0.00  0.00  1.00  0.00  0.00  0.00  0.16  0.00
  SC0052                  1.00   0.02  0.00  0.00  0.98  0.00  0.00  0.00  0.36  0.00
  SC0053                  1.00   0.01  0.02  0.00  0.97  0.00  0.00  0.00  0.32  0.00
  SC0054                  1.00   0.00  0.00  0.00  0.01  0.99  0.00  0.00  0.96  0.00
  SC0055                  1.00   0.00  0.00  0.00  0.86  0.14  0.00  0.00  0.90  0.00
  SC0056                  1.00   0.00  0.00  0.00  0.04  0.96  0.00  0.00  0.97  0.00
  SC0057                  1.00   0.00  0.00  0.00  0.84  0.16  0.00  0.00  0.85  0.00
  SC0058                  1.00   0.00  0.01  0.00  0.99  0.00  0.00  0.00  0.02  0.00
  SC0059                  1.00   0.00  0.00  0.00  1.00  0.00  0.00  0.00  0.00  0.00
  SC0060                  1.00   0.00  0.00  0.00  1.00  0.00  0.00  0.00  0.08  0.00
  SC0061                  1.00   0.00  0.00  0.00  0.16  0.84  0.00  0.00  1.00  0.00
  SC0062                  1.00   0.00  0.00  0.00  1.00  0.00  0.00  0.00  0.02  0.00
  SC0063                  1.00   0.00  0.00  0.00  1.00  0.00  0.00  0.00  0.00  0.00
  SC0064                  1.00   0.00  0.00  0.00  1.00  0.00  0.00  0.00  0.11  0.00
  SC0065                  1.00   0.00  0.00  0.00  0.06  0.94  0.00  0.00  0.99  0.00
  SC0066                  1.00   0.00  0.00  0.00  0.00  1.00  0.00  0.00  0.89  0.00
  SC0067                  1.00   0.00  0.00  0.00  1.00  0.00  0.00  0.00  0.00  0.00
  SC0068                  1.00   0.00  0.00  0.00  1.00  0.00  0.00  0.00  0.00  0.00
  SC0069                  1.00   0.00  0.00  0.00  0.03  0.96  0.00  0.00  0.80  0.00
  SC0070                  1.00   0.00  0.00  0.00  0.02  0.98  0.00  0.00  0.69  0.00
  SC0071                  1.00   0.00  0.00  0.00  1.00  0.00  0.00  0.00  0.07  0.00
  SC0072                  1.00   0.00  0.00  0.00  1.00  0.00  0.00  0.00  0.17  0.00
  SC0073                  1.00   0.00  0.00  0.00  1.00  0.00  0.00  0.00  0.02  0.00
  SC0074                  1.00   0.00  0.00  0.00  1.00  0.00  0.00  0.00  0.93  0.00
  SC0075                  1.00   0.00  0.00  0.00  1.00  0.00  0.00  0.00  0.01  0.00
  SC0076                  1.00   0.00  0.00  0.00  1.00  0.00  0.00  0.00  0.10  0.00
  SC0077                  1.00   0.00  0.00  0.00  0.98  0.02  0.00  0.00  0.89  0.00
  SC0078                  1.00   0.00  0.00  0.00  1.00  0.00  0.00  0.00  0.09  0.00
  SC0079                  1.00   0.00  0.00  0.00  0.76  0.24  0.00  0.00  0.53  0.00
  SC0080                  1.00   0.00  0.00  0.00  0.90  0.10  0.00  0.00  0.64  0.00
  SC0081                  1.00   0.00  0.00  0.00  0.99  0.00  0.00  0.00  0.96  0.00
  SC0082                  1.00   0.00  0.00  0.00  0.98  0.02  0.00  0.00  0.82  0.00
  SC0083                  1.00   0.00  0.00  0.00  1.00  0.00  0.00  0.00  1.00  0.00
  SC0084                  1.00   0.00  0.00  0.00  1.00  0.00  0.00  0.00  0.05  0.00
  SC0085                  1.00   0.00  0.00  0.00  1.00  0.00  0.00  0.00  0.47  0.00
  SC0086                  1.00   0.00  0.00  0.00  1.00  0.00  0.00  0.00  0.00  0.00
  SC0087                  1.00   0.00  0.00  0.00  1.00  0.00  0.00  0.00  0.00  0.00
  SC0088                  1.00   0.00  0.00  0.00  1.00  0.00  0.00  0.00  1.00  0.00
  SC0089                  1.00   0.00  0.00  0.00  1.00  0.00  0.00  0.00  0.00  0.00
  SC0090                  1.00   0.00  0.00  0.00  1.00  0.00  0.00  0.00  1.00  0.00
  SC0091                  1.00   0.00  0.00  0.00  1.00  0.00  0.00  0.00  0.11  0.00
  SC0092                  1.00   0.00  0.00  0.00  1.00  0.00  0.00  0.00  0.38  0.00
  SC0093                  1.00   0.00  0.00  0.00  0.22  0.78  0.00  0.00  0.13  0.00
  SC0094                  1.00   0.00  0.00  0.00  0.06  0.94  0.00  0.00  0.15  0.00
  SC0095                  1.00   0.01  0.00  0.00  0.99  0.00  0.00  0.00  0.68  0.00
  SC0096                  1.00   0.00  0.03  0.00  0.97  0.00  0.00  0.00  0.00  0.00
  SC0097                  1.00   0.00  0.00  0.00  1.00  0.00  0.00  0.00  0.98  0.00
  SC0098                  1.00   0.00  0.00  0.00  1.00  0.00  0.00  0.00  0.00  0.00
  SC0099                  1.00   0.00  0.00  0.00  1.00  0.00  0.00  0.00  0.06  0.00
  SC0100                  1.00   0.02  0.00  0.00  0.85  0.13  0.00  0.00  0.71  0.00
  SC0101                  1.00   0.02  0.01  0.00  0.95  0.03  0.00  0.00  0.00  0.00
  SC0102                  1.00   0.00  0.02  0.00  0.98  0.00  0.00  0.00  0.67  0.00
  SC0103                  1.00   0.00  0.00  0.00  1.00  0.00  0.00  0.00  0.00  0.00
  SC0104                  1.00   0.00  0.00  0.00  1.00  0.00  0.00  0.00  0.13  0.00
  SC0105                  1.00   0.00  0.00  0.00  1.00  0.00  0.00  0.00  0.04  0.00
  SC0106                  1.00   0.00  0.00  0.00  1.00  0.00  0.00  0.00  0.05  0.00
  SC0107                  1.00   0.04  0.01  0.00  0.95  0.00  0.00  0.00  0.60  0.00
  SC0108                  1.00   0.00  0.04  0.00  0.96  0.00  0.00  0.00  0.64  0.00
  SC0109                  1.00   0.00  0.00  0.00  0.95  0.05  0.00  0.00  0.95  0.00
  SC0110                  1.00   0.00  0.00  0.00  0.92  0.08  0.00  0.00  0.97  0.00
  SC0111                  1.00   0.00  0.00  0.00  0.03  0.97  0.00  0.00  0.99  0.00
  SC0112                  1.00   0.00  0.00  0.00  0.99  0.01  0.00  0.00  0.99  0.00
  SC0113                  1.00   0.00  0.00  0.00  0.98  0.02  0.00  0.00  0.98  0.00
  SC0114                  1.00   0.00  0.00  0.00  0.98  0.02  0.00  0.00  0.95  0.00
  SC0115                  1.00   0.00  0.00  0.00  0.02  0.98  0.00  0.00  0.82  0.00
  SC0116                  1.00   0.00  0.00  0.00  1.00  0.00  0.00  0.00  0.83  0.00
  SC0117                  1.00   0.00  0.00  0.00  1.00  0.00  0.00  0.00  0.87  0.00
  SC0118                  1.00   0.00  0.00  0.00  1.00  0.00  0.00  0.00  0.00  0.00
  SC0119                  1.00   0.00  0.00  0.00  0.03  0.96  0.00  0.00  0.92  0.00
  SC0120                  1.00   0.00  0.00  0.00  0.96  0.04  0.00  0.00  0.15  0.00
  SC0121                  1.00   0.01  0.00  0.00  0.92  0.07  0.00  0.00  0.89  0.00
  SC0122                  1.00   0.00  0.00  0.00  1.00  0.00  0.00  0.00  0.04  0.00
  SC0123                  1.00   0.00  0.00  0.00  1.00  0.00  0.00  0.00  0.02  0.00
  SC0124                  1.00   0.00  0.00  0.00  1.00  0.00  0.00  0.00  0.04  0.00
  SC0125                  1.00   0.00  0.00  0.00  1.00  0.00  0.00  0.00  0.00  0.00
  SC0126                  1.00   0.00  0.00  0.00  1.00  0.00  0.00  0.00  1.00  0.00
  SC0127                  1.00   0.00  0.00  0.00  1.00  0.00  0.00  0.00  0.85  0.00
  SC0128                  1.00   0.00  0.00  0.00  0.09  0.91  0.00  0.00  1.00  0.00
  SC0129                  1.00   0.00  0.00  0.00  0.90  0.10  0.00  0.00  0.95  0.00
  SC0130                  1.00   0.00  0.00  0.00  1.00  0.00  0.00  0.00  0.00  0.00
  SC0131                  1.00   0.00  0.00  0.00  1.00  0.00  0.00  0.00  0.01  0.00
  SC0132                  1.00   0.00  0.00  0.00  1.00  0.00  0.00  0.00  0.89  0.00
  SC0133                  1.00   0.00  0.00  0.00  0.98  0.02  0.00  0.00  0.93  0.00
  SC0134                  1.00   0.00  0.00  0.00  1.00  0.00  0.00  0.00  0.07  0.00
  SC0135                  1.00   0.00  0.00  0.00  1.00  0.00  0.00  0.00  1.00  0.00
  SC0136                  1.00   0.00  0.00  0.00  1.00  0.00  0.00  0.00  0.83  0.00
  SC0137                  1.00   0.00  0.00  0.00  0.08  0.91  0.00  0.00  0.22  0.00
  SC0138                  1.00   0.00  0.00  0.00  1.00  0.00  0.00  0.00  0.00  0.00
  SC0139                  1.00   0.00  0.05  0.00  0.95  0.00  0.00  0.00  0.14  0.00
  SC0140                  1.00   0.00  0.00  0.00  0.98  0.02  0.00  0.00  0.00  0.00
  SC0141                  1.00   0.00  0.00  0.00  1.00  0.00  0.00  0.00  0.87  0.00
  SC0142                  1.00   0.00  0.00  0.00  1.00  0.00  0.00  0.00  0.00  0.00
  SC0143                  1.00   0.00  0.00  0.00  0.00  0.99  0.00  0.00  0.73  0.00
  SC0144                  1.00   0.00  0.00  0.00  0.98  0.02  0.00  0.00  0.97  0.00
  SC0145                  1.00   0.00  0.00  0.00  0.96  0.04  0.00  0.00  0.95  0.00
  SC0146                  1.00   0.00  0.00  0.00  1.00  0.00  0.00  0.00  0.99  0.00
  SC0147                  1.00   0.00  0.00  0.00  1.00  0.00  0.00  0.00  0.82  0.00
  SC0148                  1.00   0.00  0.01  0.00  0.98  0.00  0.00  0.00  0.36  0.00
  SC0149                  1.00   0.00  0.00  0.00  1.00  0.00  0.00  0.00  0.87  0.00
  SC0150                  1.00   0.00  0.00  0.00  1.00  0.00  0.00  0.00  1.00  0.00
  SC0151                  1.00   0.00  0.00  0.00  1.00  0.00  0.00  0.00  0.12  0.00
  SC0152                  1.00   0.00  0.00  0.00  1.00  0.00  0.00  0.00  1.00  0.00
  SC0153                  1.00   0.00  0.00  0.00  1.00  0.00  0.00  0.00  0.00  0.00
  SC0154                  1.00   0.00  0.00  0.00  1.00  0.00  0.00  0.00  0.97  0.00
  SC0155                  1.00   0.00  0.00  0.00  0.95  0.05  0.00  0.00  0.84  0.00
  SC0156                  1.00   0.01  0.00  0.00  0.87  0.12  0.00  0.00  0.73  0.00
  SC0157                  1.00   0.00  0.00  0.00  1.00  0.00  0.00  0.00  0.00  0.00
  SC0158                  1.00   0.00  0.00  0.00  0.02  0.98  0.00  0.00  0.53  0.00
  SC0159                  1.00   0.00  0.00  0.00  0.95  0.05  0.00  0.00  0.93  0.00
  SC0160                  1.00   0.00  0.00  0.00  1.00  0.00  0.00  0.00  0.06  0.00
  SC0161                  1.00   0.00  0.00  0.00  1.00  0.00  0.00  0.00  0.72  0.00
  SC0162                  1.00   0.00  0.00  0.00  1.00  0.00  0.00  0.00  0.17  0.00
  SC0163                  1.00   0.00  0.00  0.00  1.00  0.00  0.00  0.00  0.42  0.00
  SC0164                  1.00   0.00  0.01  0.00  0.99  0.00  0.00  0.00  0.97  0.00
  SC0165                  1.00   0.00  0.00  0.00  1.00  0.00  0.00  0.00  0.83  0.00
  SC0166                  1.00   0.01  0.00  0.00  0.99  0.00  0.00  0.00  0.33  0.00
  SC0167                  1.00   0.00  0.00  0.00  1.00  0.00  0.00  0.00  0.00  0.00
  SC0168                  1.00   0.00  0.00  0.00  1.00  0.00  0.00  0.00  0.97  0.00
  SC0169                  1.00   0.00  0.00  0.00  1.00  0.00  0.00  0.00  0.10  0.00
  SC0170                  1.00   0.00  0.01  0.00  0.99  0.00  0.00  0.00  0.11  0.00
  SC0171                  1.00   0.00  0.00  0.00  1.00  0.00  0.00  0.00  0.00  0.00
  SC0172                  1.00   0.00  0.00  0.00  0.94  0.06  0.00  0.00  0.93  0.00
  SC0173                  1.00   0.00  0.00  0.00  1.00  0.00  0.00  0.00  0.10  0.00
  SC0174                  1.00   0.00  0.00  0.00  1.00  0.00  0.00  0.00  0.19  0.00
  SC0175                  1.00   0.00  0.00  0.00  1.00  0.00  0.00  0.00  1.00  0.00
  SC0176                  1.00   0.00  0.00  0.00  1.00  0.00  0.00  0.00  0.01  0.00
  SC0177                  1.00   0.00  0.00  0.00  1.00  0.00  0.00  0.00  0.33  0.00
  SC0178                  1.00   0.00  0.00  0.00  1.00  0.00  0.00  0.00  0.78  0.00
  SC0179                  1.00   0.00  0.00  0.00  0.02  0.98  0.00  0.00  0.74  0.00
  SC0180                  1.00   0.01  0.00  0.00  0.99  0.00  0.00  0.00  0.97  0.00
  SC0181                  1.00   0.00  0.00  0.00  1.00  0.00  0.00  0.00  0.00  0.00
  SC0182                  1.00   0.00  0.02  0.00  0.98  0.00  0.00  0.00  0.30  0.00
  SC0183                  1.00   0.00  0.00  0.00  1.00  0.00  0.00  0.00  0.31  0.00
  SC0184                  1.00   0.00  0.00  0.00  1.00  0.00  0.00  0.00  0.04  0.00
  SC0185                  1.00   0.01  0.00  0.00  0.99  0.00  0.00  0.00  0.22  0.00
  SC0186                  1.00   0.05  0.00  0.00  0.95  0.00  0.00  0.00  0.31  0.00
  SC0187                  1.00   0.00  0.00  0.00  1.00  0.00  0.00  0.00  0.00  0.00
  SC0188                  1.00   0.00  0.00  0.00  1.00  0.00  0.00  0.00  0.00  0.00
  SC0189                  1.00   0.00  0.00  0.00  0.00  1.00  0.00  0.00  0.00  0.00
  SC0190                  1.00   0.00  0.00  0.00  1.00  0.00  0.00  0.00  0.00  0.00
  SC0191                  1.00   0.00  0.00  0.00  1.00  0.00  0.00  0.00  0.01  0.00
  SC0192                  1.00   0.00  0.00  0.00  1.00  0.00  0.00  0.00  1.00  0.00
  SC0193                  1.00   0.00  0.00  0.00  1.00  0.00  0.00  0.00  0.00  0.00
  SC0194                  1.00   0.00  0.00  0.00  1.00  0.00  0.00  0.00  0.01  0.00
  SC0195                  1.00   0.00  0.00  0.00  0.93  0.07  0.00  0.00  0.92  0.00
  SC0196                  1.00   0.00  0.00  0.00  1.00  0.00  0.00  0.00  0.04  0.00
  SC0197                  1.00   0.00  0.00  0.00  1.00  0.00  0.00  0.00  0.97  0.00
  SC0198                  1.00   0.00  0.00  0.00  1.00  0.00  0.00  0.00  0.00  0.00
  SC0199                  1.00   0.00  0.00  0.00  1.00  0.00  0.00  0.00  0.90  0.00
  SC0200                  1.00   0.00  0.00  0.00  0.10  0.90  0.00  0.00  0.94  0.00
  SC0201                  1.00   0.00  0.00  0.00  1.00  0.00  0.00  0.00  0.99  0.00
  SC0202                  1.00   0.00  0.00  0.00  0.01  0.99  0.00  0.00  0.89  0.00
  SC0203                  1.00   0.00  0.00  0.00  0.98  0.02  0.00  0.00  0.09  0.00
  SC0204                  1.00   0.00  0.00  0.00  0.05  0.95  0.00  0.00  0.62  0.00
  SC0205                  1.00   0.00  0.00  0.00  1.00  0.00  0.00  0.00  0.03  0.00
  SC0206                  1.00   0.02  0.01  0.00  0.97  0.00  0.00  0.00  0.00  0.00
  SC0207                  1.00   0.00  0.00  0.00  0.94  0.06  0.00  0.00  0.94  0.00
  SC0208                  1.00   0.00  0.00  0.00  1.00  0.00  0.00  0.00  1.00  0.00
  SC0209                  1.00   0.00  0.00  0.00  1.00  0.00  0.00  0.00  0.01  0.00
  SC0210                  1.00   0.00  0.00  0.00  1.00  0.00  0.00  0.00  0.38  0.00
  SC0211                  1.00   0.00  0.01  0.00  0.99  0.00  0.00  0.00  0.45  0.00
  SC0212                  1.00   0.00  0.00  0.00  1.00  0.00  0.00  0.00  0.01  0.00
  SC0213                  1.00   0.00  0.00  0.00  1.00  0.00  0.00  0.00  0.88  0.00
  SC0214                  1.00   0.00  0.00  0.00  1.00  0.00  0.00  0.00  0.00  0.00
  SC0215                  1.00   0.00  0.00  0.00  1.00  0.00  0.00  0.00  0.03  0.00
  SC0216                  1.00   0.00  0.00  0.00  0.98  0.02  0.00  0.00  0.97  0.00
  SC0217                  1.00   0.00  0.00  0.00  1.00  0.00  0.00  0.00  0.94  0.00
  SC0218                  1.00   0.00  0.00  0.00  1.00  0.00  0.00  0.00  1.00  0.00
  SC0219                  1.00   0.00  0.00  0.00  1.00  0.00  0.00  0.00  1.00  0.00
  SC0220                  1.00   0.00  0.00  0.00  1.00  0.00  0.00  0.00  1.00  0.00
  SC0221                  1.00   0.00  0.00  0.00  1.00  0.00  0.00  0.00  0.96  0.00
  SC0222                  1.00   0.00  0.00  0.00  0.95  0.05  0.00  0.00  0.94  0.00
  SC0223                  1.00   0.00  0.00  0.00  0.17  0.82  0.00  0.00  0.96  0.00
  SC0224                  1.00   0.00  0.00  0.00  1.00  0.00  0.00  0.00  0.06  0.00
  SC0225                  1.00   0.00  0.00  0.00  0.91  0.09  0.00  0.00  0.90  0.00
  SC0226                  1.00   0.00  0.00  0.00  1.00  0.00  0.00  0.00  0.16  0.00
  SC0227                  1.00   0.00  0.00  0.00  1.00  0.00  0.00  0.00  0.00  0.00
  SC0228                  1.00   0.00  0.00  0.00  1.00  0.00  0.00  0.00  1.00  0.00
  SC0229                  1.00   0.00  0.00  0.00  0.98  0.02  0.00  0.00  0.95  0.00
  SC0230                  1.00   0.00  0.00  0.00  1.00  0.00  0.00  0.00  0.95  0.00
  SC0231                  1.00   0.00  0.00  0.00  1.00  0.00  0.00  0.00  0.89  0.00
  SC0232                  1.00   0.00  0.00  0.00  0.96  0.04  0.00  0.00  0.96  0.00
  SC0233                  1.00   0.00  0.00  0.00  0.10  0.90  0.00  0.00  0.84  0.00
  SC0234                  1.00   0.00  0.00  0.00  0.03  0.97  0.00  0.00  0.78  0.00
  SC0235                  1.00   0.00  0.00  0.00  1.00  0.00  0.00  0.00  0.92  0.00
  SC0236                  1.00   0.00  0.00  0.00  1.00  0.00  0.00  0.00  0.00  0.00
  SC0237                  1.00   0.00  0.00  0.00  1.00  0.00  0.00  0.00  0.08  0.00
  SC0238                  1.00   0.00  0.00  0.00  0.11  0.89  0.00  0.00  0.95  0.00
  SC0239                  1.00   0.00  0.00  0.00  1.00  0.00  0.00  0.00  1.00  0.00
  SC0240                  1.00   0.00  0.00  0.00  1.00  0.00  0.00  0.00  0.79  0.00
  SC0241                  1.00   0.00  0.00  0.00  1.00  0.00  0.00  0.00  0.09  0.00
  SC0242                  1.00   0.00  0.00  0.00  1.00  0.00  0.00  0.00  1.00  0.00
  SC0243                  1.00   0.00  0.00  0.00  0.93  0.07  0.00  0.00  0.93  0.00
  SC0244                  1.00   0.00  0.00  0.00  0.97  0.03  0.00  0.00  0.96  0.00
  SC0245                  1.00   0.00  0.00  0.00  1.00  0.00  0.00  0.00  0.89  0.00
  SC0246                  1.00   0.00  0.00  0.00  1.00  0.00  0.00  0.00  0.00  0.00
  SC0247                  1.00   0.00  0.00  0.00  1.00  0.00  0.00  0.00  0.71  0.00
  SC0248                  1.00   0.00  0.00  0.00  1.00  0.00  0.00  0.00  0.00  0.00
  SC0249                  1.00   0.00  0.00  0.00  1.00  0.00  0.00  0.00  0.76  0.00
  SC0250                  1.00   0.00  0.00  0.00  1.00  0.00  0.00  0.00  0.20  0.00
  SC0251                  1.00   0.00  0.04  0.00  0.96  0.00  0.00  0.00  0.00  0.00
  SC0252                  1.00   0.00  0.00  0.00  1.00  0.00  0.00  0.00  0.00  0.00
  SC0253                  1.00   0.00  0.00  0.00  0.96  0.04  0.00  0.00  0.91  0.00
  SC0254                  1.00   0.00  0.00  0.00  0.97  0.03  0.00  0.00  0.96  0.00
  SC0255                  1.00   0.00  0.00  0.00  1.00  0.00  0.00  0.00  0.00  0.00
  SC0256                  1.00   0.00  0.00  0.00  0.95  0.05  0.00  0.00  0.95  0.00
  SC0257                  1.00   0.00  0.00  0.00  1.00  0.00  0.00  0.00  0.74  0.00
  SC0258                  1.00   0.00  0.00  0.00  0.95  0.05  0.00  0.00  0.90  0.00
  SC0259                  1.00   0.00  0.00  0.00  1.00  0.00  0.00  0.00  0.96  0.00
  SC0260                  1.00   0.00  0.00  0.00  1.00  0.00  0.00  0.00  0.00  0.00
  SC0261                  1.00   0.00  0.03  0.00  0.97  0.00  0.00  0.00  0.97  0.00
  SC0262                  1.00   0.00  0.00  0.00  1.00  0.00  0.00  0.00  0.71  0.00
  SC0263                  1.00   0.00  0.00  0.00  1.00  0.00  0.00  0.00  0.84  0.00
  SC0264                  1.00   0.00  0.00  0.00  1.00  0.00  0.00  0.00  1.00  0.00
  SC0265                  1.00   0.00  0.00  0.00  0.97  0.03  0.00  0.00  0.84  0.00
  SC0266                  1.00   0.00  0.01  0.00  0.99  0.00  0.00  0.00  0.97  0.00
  SC0267                  1.00   0.00  0.00  0.00  1.00  0.00  0.00  0.00  0.37  0.00
  SC0268                  1.00   0.00  0.00  0.00  1.00  0.00  0.00  0.00  0.95  0.00
  SC0269                  1.00   0.00  0.00  0.00  0.99  0.01  0.00  0.00  0.00  0.00
  SC0270                  1.00   0.00  0.00  0.00  0.99  0.01  0.00  0.00  0.96  0.00
  SC0271                  1.00   0.00  0.00  0.00  1.00  0.00  0.00  0.00  1.00  0.00
  SC0272                  1.00   0.00  0.00  0.00  0.96  0.04  0.00  0.00  0.94  0.00
  SC0273                  1.00   0.00  0.00  0.00  1.00  0.00  0.00  0.00  0.00  0.00
  SC0274                  1.00   0.00  0.00  0.00  1.00  0.00  0.00  0.00  0.17  0.00
  SC0275                  1.00   0.00  0.00  0.00  0.91  0.09  0.00  0.00  0.92  0.00
  SC0276                  1.00   0.00  0.00  0.00  1.00  0.00  0.00  0.00  0.15  0.00
  SC0277                  1.00   0.00  0.00  0.00  1.00  0.00  0.00  0.00  0.58  0.00
  SC0278                  1.00   0.00  0.00  0.00  1.00  0.00  0.00  0.00  1.00  0.00
  SC0279                  1.00   0.01  0.00  0.00  0.99  0.00  0.00  0.00  0.86  0.00
  SC0280                  1.00   0.00  0.00  0.00  1.00  0.00  0.00  0.00  0.01  0.00
  SC0281                  1.00   0.00  0.00  0.00  1.00  0.00  0.00  0.00  0.02  0.00
  SC0282                  1.00   0.00  0.00  0.00  1.00  0.00  0.00  0.00  0.00  0.00
  SC0283                  1.00   0.00  0.00  0.00  0.94  0.06  0.00  0.00  0.93  0.00
  SC0284                  1.00   0.00  0.00  0.00  1.00  0.00  0.00  0.00  0.00  0.00
  SC0285                  1.00   0.00  0.00  0.00  1.00  0.00  0.00  0.00  0.46  0.00
  SC0286                  1.00   0.00  0.00  0.00  1.00  0.00  0.00  0.00  0.32  0.00
  SC0287                  1.00   0.00  0.00  0.00  1.00  0.00  0.00  0.00  0.08  0.00
  SC0288                  1.00   0.00  0.00  0.00  1.00  0.00  0.00  0.00  1.00  0.00
  SC0289                  1.00   0.00  0.00  0.00  0.97  0.03  0.00  0.00  0.94  0.00
  SC0290                  1.00   0.00  0.00  0.00  1.00  0.00  0.00  0.00  0.91  0.00
  SC0291                  1.00   0.03  0.00  0.00  0.97  0.00  0.00  0.00  0.83  0.00
  SC0292                  1.00   0.00  0.00  0.00  1.00  0.00  0.00  0.00  0.01  0.00
  SC0293                  1.00   0.01  0.00  0.00  0.99  0.00  0.00  0.00  0.00  0.00
  SC0294                  1.00   0.00  0.00  0.00  1.00  0.00  0.00  0.00  1.00  0.00
  SC0295                  1.00   0.00  0.00  0.00  1.00  0.00  0.00  0.00  0.96  0.00
  SC0296                  1.00   0.00  0.00  0.00  1.00  0.00  0.00  0.00  0.00  0.00
  SC0297                  1.00   0.00  0.00  0.00  0.99  0.01  0.00  0.00  0.00  0.00
  SC0298                  1.00   0.00  0.00  0.00  1.00  0.00  0.00  0.00  0.95  0.00
  SC0299                  1.00   0.00  0.00  0.00  0.06  0.94  0.00  0.00  1.00  0.00
  SC0300                  1.00   0.01  0.00  0.00  0.90  0.09  0.00  0.00  0.83  0.00
  SC0301                  1.00   0.00  0.05  0.00  0.95  0.00  0.00  0.00  0.95  0.00
  SC0302                  1.00   0.00  0.00  0.00  1.00  0.00  0.00  0.00  0.86  0.00
  SC0303                  1.00   0.00  0.00  0.00  1.00  0.00  0.00  0.00  0.03  0.00
  SC0304                  1.00   0.00  0.00  0.00  0.97  0.03  0.00  0.00  0.95  0.00
  SC0305                  1.00   0.00  0.00  0.00  1.00  0.00  0.00  0.00  0.04  0.00
  SC0306                  1.00   0.00  0.00  0.00  0.93  0.07  0.00  0.00  0.92  0.00
  SC0307                  1.00   0.00  0.00  0.00  0.99  0.01  0.00  0.00  0.95  0.00
  SC0308                  1.00   0.00  0.00  0.00  0.91  0.09  0.00  0.00  0.76  0.00
  SC0309                  1.00   0.00  0.00  0.00  1.00  0.00  0.00  0.00  0.21  0.00
  SC0310                  1.00   0.00  0.00  0.00  1.00  0.00  0.00  0.00  0.08  0.00
  SC0311                  1.00   0.00  0.00  0.00  1.00  0.00  0.00  0.00  0.20  0.00
  SC0312                  1.00   0.00  0.01  0.00  0.99  0.00  0.00  0.00  0.99  0.00
  SC0313                  1.00   0.00  0.00  0.00  1.00  0.00  0.00  0.00  0.01  0.00
  SC0315                  1.00   0.00  0.00  0.00  0.99  0.01  0.00  0.00  0.97  0.00
  SC0316                  1.00   0.00  0.00  0.00  1.00  0.00  0.00  0.00  1.00  0.00
  SC0317                  1.00   0.00  0.00  0.00  1.00  0.00  0.00  0.00  0.00  0.00
  SC0318                  1.00   0.00  0.00  0.00  0.84  0.16  0.00  0.00  0.83  0.00
  SC0319                  1.00   0.00  0.00  0.00  0.04  0.96  0.00  0.00  0.98  0.00
  SC0321                  1.00   0.01  0.00  0.00  0.99  0.00  0.00  0.00  0.00  0.00
  SC0322                  1.00   0.00  0.00  0.00  0.99  0.01  0.00  0.00  0.96  0.00
  SC0323                  1.00   0.00  0.00  0.00  1.00  0.00  0.00  0.00  0.87  0.00
  SC0324                  1.00   0.00  0.00  0.00  0.94  0.06  0.00  0.00  0.91  0.00
  SC0325                  1.00   0.00  0.00  0.00  1.00  0.00  0.00  0.00  0.99  0.00
  SC0326                  1.00   0.00  0.00  0.00  1.00  0.00  0.00  0.00  1.00  0.00
  SC0327                  1.00   0.00  0.00  0.00  1.00  0.00  0.00  0.00  1.00  0.00
  SC0328                  1.00   0.00  0.00  0.00  1.00  0.00  0.00  0.00  1.00  0.00
  SC0329                  1.00   0.00  0.00  0.00  0.97  0.03  0.00  0.00  0.94  0.00
  SC0330                  1.00   0.00  0.00  0.00  1.00  0.00  0.00  0.00  0.03  0.00
  SC0331                  1.00   0.00  0.00  0.00  1.00  0.00  0.00  0.00  0.00  0.00
  SC0332                  1.00   0.00  0.00  0.00  1.00  0.00  0.00  0.00  0.79  0.00
  SC0333                  1.00   0.02  0.00  0.00  0.98  0.00  0.00  0.00  0.52  0.00
  SC0334                  1.00   0.00  0.00  0.00  1.00  0.00  0.00  0.00  0.04  0.00
  SC0335                  1.00   0.00  0.00  0.00  0.80  0.20  0.00  0.00  0.73  0.00
  SC0337                  1.00   0.00  0.00  0.00  1.00  0.00  0.00  0.00  0.98  0.00
  SC0338                  1.00   0.00  0.00  0.00  1.00  0.00  0.00  0.00  1.00  0.00
  SC0339                  1.00   0.00  0.00  0.00  0.57  0.43  0.00  0.00  0.65  0.00
  SC0340                  1.00   0.00  0.00  0.00  0.99  0.00  0.00  0.00  0.79  0.00
  SC0341                  1.00   0.00  0.00  0.00  1.00  0.00  0.00  0.00  0.14  0.00
  SC0342                  1.00   0.00  0.00  0.00  1.00  0.00  0.00  0.00  0.46  0.00
  SC0344                  1.00   0.03  0.15  0.00  0.81  0.00  0.00  0.00  0.00  0.00
  SC0345                  1.00   0.00  0.00  0.00  1.00  0.00  0.00  0.00  0.00  0.00
  SC0346                  1.00   0.00  0.00  0.00  1.00  0.00  0.00  0.00  0.00  0.00
  SC0347                  1.00   0.00  0.00  0.00  0.98  0.02  0.00  0.00  0.95  0.00
  SC0348                  1.00   0.00  0.00  0.00  0.97  0.03  0.00  0.00  0.97  0.00
  SC0349                  1.00   0.00  0.00  0.00  0.91  0.09  0.00  0.00  0.91  0.00
  SC0350                  1.00   0.04  0.04  0.00  0.92  0.00  0.00  0.00  0.90  0.00
  SC0352                  1.00   0.00  0.00  0.00  1.00  0.00  0.00  0.00  0.00  0.00
  SC0353                  1.00   0.00  0.00  0.00  1.00  0.00  0.00  0.00  1.00  0.00
  SC0354                  1.00   0.00  0.00  0.00  1.00  0.00  0.00  0.00  0.83  0.00
  SC0355                  1.00   0.00  0.00  0.00  1.00  0.00  0.00  0.00  0.95  0.00
  SC0356                  1.00   0.00  0.00  0.00  0.00  0.99  0.00  0.00  0.92  0.00
  SC0357                  1.00   0.00  0.00  0.00  1.00  0.00  0.00  0.00  0.33  0.00
  SC0358                  1.00   0.00  0.00  0.00  1.00  0.00  0.00  0.00  0.00  0.00
  SC0359                  1.00   0.00  0.00  0.00  1.00  0.00  0.00  0.00  0.18  0.00
  SC0360                  1.00   0.00  0.00  0.00  1.00  0.00  0.00  0.00  1.00  0.00
  SC0361                  1.00   0.00  0.00  0.00  0.85  0.15  0.00  0.00  0.45  0.00
  SC0362                  1.00   0.00  0.00  0.00  0.97  0.03  0.00  0.00  0.95  0.00
  SC0363                  1.00   0.00  0.00  0.00  1.00  0.00  0.00  0.00  0.00  0.00
  SC0364                  1.00   0.00  0.00  0.00  1.00  0.00  0.00  0.00  0.10  0.00
  SC0365                  1.00   0.00  0.00  0.00  0.98  0.02  0.00  0.00  0.97  0.00
  SC0366                  1.00   0.00  0.00  0.00  0.97  0.03  0.00  0.00  0.96  0.00
  SC0367                  1.00   0.00  0.00  0.00  1.00  0.00  0.00  0.00  0.00  0.00
  SC0368                  1.00   0.00  0.00  0.00  1.00  0.00  0.00  0.00  0.02  0.00
  SC0369                  1.00   0.00  0.00  0.00  1.00  0.00  0.00  0.00  0.10  0.00
  SC0370                  1.00   0.00  0.00  0.00  1.00  0.00  0.00  0.00  0.05  0.00
  SC0371                  1.00   0.00  0.00  0.00  0.99  0.01  0.00  0.00  0.91  0.00
  SC0372                  1.00   0.00  0.00  0.00  0.10  0.90  0.00  0.00  0.09  0.00
  SC0373                  1.00   0.00  0.00  0.00  1.00  0.00  0.00  0.00  0.00  0.00
  SC0374                  1.00   0.00  0.00  0.00  1.00  0.00  0.00  0.00  0.01  0.00
  SC0376                  1.00   0.00  0.00  0.00  0.94  0.06  0.00  0.00  0.94  0.00
  SC0377                  1.00   0.00  0.00  0.00  1.00  0.00  0.00  0.00  0.97  0.00
  SC0378                  1.00   0.00  0.00  0.00  1.00  0.00  0.00  0.00  0.09  0.00
  SC0379                  1.00   0.00  0.00  0.00  0.99  0.01  0.00  0.00  0.97  0.00
  SC0380                  1.00   0.00  0.00  0.00  0.95  0.05  0.00  0.00  0.95  0.00
  SC0381                  1.00   0.00  0.00  0.00  1.00  0.00  0.00  0.00  0.98  0.00
  SC0382                  1.00   0.00  0.00  0.00  0.97  0.02  0.00  0.00  0.83  0.00
  SC0383                  1.00   0.00  0.00  0.00  1.00  0.00  0.00  0.00  0.58  0.00
  SC0384                  1.00   0.00  0.00  0.00  1.00  0.00  0.00  0.00  0.99  0.00
  SC0385                  1.00   0.00  0.00  0.00  0.00  1.00  0.00  0.00  0.95  0.00
  SC0386                  1.00   0.00  0.00  0.00  0.07  0.93  0.00  0.00  1.00  0.00
  SC0387                  1.00   0.00  0.00  0.00  0.96  0.04  0.00  0.00  0.95  0.00
  SC0388                  1.00   0.00  0.00  0.00  0.92  0.07  0.00  0.00  0.90  0.00
  SC0389                  1.00   0.00  0.00  0.00  0.96  0.04  0.00  0.00  0.96  0.00
  SC0390                  1.00   0.00  0.00  0.00  1.00  0.00  0.00  0.00  0.03  0.00
  SC0391                  1.00   0.00  0.00  0.00  1.00  0.00  0.00  0.00  0.00  0.00
  SC0392                  1.00   0.00  0.00  0.00  1.00  0.00  0.00  0.00  0.33  0.00
  SC0393                  1.00   0.00  0.00  0.00  0.97  0.03  0.00  0.00  0.93  0.00
  SC0394                  1.00   0.00  0.00  0.00  1.00  0.00  0.00  0.00  0.10  0.00
  SC0395                  1.00   0.00  0.02  0.00  0.98  0.00  0.00  0.00  0.17  0.00
  SC0396                  1.00   0.00  0.00  0.00  1.00  0.00  0.00  0.00  0.99  0.00
  SC0397                  1.00   0.00  0.00  0.00  1.00  0.00  0.00  0.00  0.32  0.00
  SC0398                  1.00   0.00  0.00  0.00  1.00  0.00  0.00  0.00  0.05  0.00
  SC0399                  1.00   0.00  0.00  0.00  0.93  0.07  0.00  0.00  0.94  0.00
  SC0400                  1.00   0.00  0.00  0.00  0.93  0.07  0.00  0.00  0.89  0.00
  SC0401                  1.00   0.00  0.00  0.00  1.00  0.00  0.00  0.00  1.00  0.00
  SC0402                  1.00   0.00  0.00  0.00  0.93  0.07  0.00  0.00  0.92  0.00
  SC0403                  1.00   0.00  0.00  0.00  1.00  0.00  0.00  0.00  0.09  0.00
  SC0404                  1.00   0.00  0.00  0.00  1.00  0.00  0.00  0.00  0.06  0.00
  SC0405                  1.00   0.00  0.00  0.00  0.98  0.02  0.00  0.00  0.96  0.00
  SC0406                  1.00   0.00  0.00  0.00  1.00  0.00  0.00  0.00  0.04  0.00
  SC0407                  1.00   0.00  0.00  0.00  1.00  0.00  0.00  0.00  0.39  0.00
  SC0408                  1.00   0.00  0.00  0.00  1.00  0.00  0.00  0.00  0.73  0.00
  SC0409                  1.00   0.00  0.00  0.00  1.00  0.00  0.00  0.00  0.70  0.00
  SC0410                  1.00   0.00  0.00  0.00  1.00  0.00  0.00  0.00  0.33  0.00
  SC0411                  1.00   0.00  0.00  0.00  1.00  0.00  0.00  0.00  0.95  0.00
  SC0412                  1.00   0.00  0.00  0.00  1.00  0.00  0.00  0.00  0.17  0.00
  SC0413                  1.00   0.00  0.00  0.00  1.00  0.00  0.00  0.00  0.00  0.00
  SC0414                  1.00   0.00  0.00  0.00  1.00  0.00  0.00  0.00  0.51  0.00
  SC0415                  1.00   0.00  0.00  0.00  1.00  0.00  0.00  0.00  0.13  0.00
  SC0416                  1.00   0.00  0.00  0.00  1.00  0.00  0.00  0.00  0.95  0.00
  SC0417                  1.00   0.00  0.00  0.00  0.91  0.08  0.00  0.00  0.89  0.00
  SC0418                  1.00   0.00  0.00  0.00  1.00  0.00  0.00  0.00  0.95  0.00
  SC0419                  1.00   0.00  0.00  0.00  1.00  0.00  0.00  0.00  0.00  0.00
  SC0420                  1.00   0.00  0.02  0.00  0.98  0.00  0.00  0.00  0.02  0.00
  SC0421                  1.00   0.00  0.00  0.00  0.06  0.94  0.00  0.00  1.00  0.00
  SC0422                  1.00   0.00  0.00  0.00  0.93  0.07  0.00  0.00  0.94  0.00
  SC0423                  1.00   0.00  0.00  0.00  0.06  0.94  0.00  0.00  1.00  0.00
  SC0424                  1.00   0.00  0.00  0.00  0.95  0.05  0.00  0.00  0.95  0.00
  SC0425                  1.00   0.00  0.00  0.00  1.00  0.00  0.00  0.00  0.01  0.00
  SC0426                  1.00   0.00  0.00  0.00  1.00  0.00  0.00  0.00  0.01  0.00
  SC0427                  1.00   0.00  0.00  0.00  1.00  0.00  0.00  0.00  0.00  0.00
  SC0428                  1.00   0.00  0.00  0.00  0.94  0.06  0.00  0.00  0.87  0.00
  SC0429                  1.00   0.00  0.00  0.00  1.00  0.00  0.00  0.00  0.01  0.00
  SC0430                  1.00   0.00  0.00  0.00  0.29  0.71  0.00  0.00  0.44  0.00
  SC0431                  1.00   0.00  0.00  0.00  1.00  0.00  0.00  0.00  0.00  0.00
  SC0432                  1.00   0.00  0.00  0.00  1.00  0.00  0.00  0.00  0.06  0.00
  SC0433                  1.00   0.00  0.00  0.00  1.00  0.00  0.00  0.00  0.00  0.00
  SC0434                  1.00   0.00  0.00  0.00  1.00  0.00  0.00  0.00  0.09  0.00
  SC0435                  1.00   0.00  0.00  0.00  1.00  0.00  0.00  0.00  0.00  0.00
  SC0436                  1.00   0.00  0.00  0.00  1.00  0.00  0.00  0.00  0.00  0.00
  SC0437                  1.00   0.01  0.00  0.00  0.81  0.19  0.00  0.00  0.83  0.00
  SC0438                  1.00   0.00  0.02  0.00  0.98  0.00  0.00  0.00  0.13  0.00
  SC0439                  1.00   0.00  0.00  0.00  1.00  0.00  0.00  0.00  0.02  0.00
  SC0440                  1.00   0.00  0.00  0.00  0.91  0.08  0.00  0.00  0.88  0.00
  SC0441                  1.00   0.00  0.00  0.00  0.90  0.10  0.00  0.00  0.86  0.00
  SC0442                  1.00   0.00  0.00  0.00  1.00  0.00  0.00  0.00  1.00  0.00
  SC0443                  1.00   0.00  0.00  0.00  1.00  0.00  0.00  0.00  0.00  0.00
  SC0444                  1.00   0.00  0.00  0.00  1.00  0.00  0.00  0.00  1.00  0.00
  SC0445                  1.00   0.00  0.00  0.00  1.00  0.00  0.00  0.00  0.08  0.00
  SC0446                  1.00   0.00  0.00  0.00  1.00  0.00  0.00  0.00  0.93  0.00
  SC0447                  1.00   0.00  0.00  0.00  1.00  0.00  0.00  0.00  0.30  0.00
  SC0448                  1.00   0.00  0.00  0.00  1.00  0.00  0.00  0.00  0.01  0.00
  SC0449                  1.00   0.00  0.00  0.00  0.92  0.08  0.00  0.00  0.93  0.00
  SC0450                  1.00   0.00  0.00  0.00  0.96  0.04  0.00  0.00  0.00  0.00
  SC0451                  1.00   0.00  0.00  0.00  1.00  0.00  0.00  0.00  0.00  0.00
  SC0452                  1.00   0.00  0.00  0.00  1.00  0.00  0.00  0.00  0.64  0.00
  SC0453                  1.00   0.00  0.00  0.00  1.00  0.00  0.00  0.00  0.02  0.00
  SC0454                  1.00   0.00  0.00  0.00  1.00  0.00  0.00  0.00  0.00  0.00
  SC0455                  1.00   0.00  0.00  0.00  0.99  0.01  0.00  0.00  0.97  0.00
  SC0456                  1.00   0.00  0.00  0.00  1.00  0.00  0.00  0.00  0.74  0.00
  SC0457                  1.00   0.00  0.00  0.00  1.00  0.00  0.00  0.00  0.82  0.00
  SC0458                  1.00   0.00  0.00  0.00  1.00  0.00  0.00  0.00  0.50  0.00
  SC0459                  1.00   0.00  0.00  0.00  1.00  0.00  0.00  0.00  0.00  0.00
  SC0460                  1.00   0.00  0.00  0.00  0.93  0.07  0.00  0.00  0.88  0.00
  SC0461                  1.00   0.00  0.00  0.00  0.90  0.10  0.00  0.00  0.81  0.00
  SC0462                  1.00   0.00  0.00  0.00  0.99  0.00  0.00  0.00  0.86  0.00
  SC0463                  1.00   0.00  0.00  0.00  1.00  0.00  0.00  0.00  0.00  0.00
  SC0464                  1.00   0.00  0.00  0.00  0.99  0.01  0.00  0.00  0.67  0.00
  SC0465                  1.00   0.00  0.00  0.00  1.00  0.00  0.00  0.00  0.99  0.00
  SC0466                  1.00   0.00  0.00  0.00  0.15  0.85  0.00  0.00  0.95  0.00
  SC0467                  1.00   0.00  0.00  0.00  0.96  0.04  0.00  0.00  0.92  0.00
  SC0468                  1.00   0.00  0.00  0.00  1.00  0.00  0.00  0.00  0.39  0.00
  SC0469                  1.00   0.00  0.00  0.00  0.97  0.03  0.00  0.00  0.89  0.00
  SC0470                  1.00   0.00  0.00  0.00  1.00  0.00  0.00  0.00  0.94  0.00
  SC0471                  1.00   0.00  0.00  0.00  0.99  0.01  0.00  0.00  0.95  0.00
  SC0472                  1.00   0.00  0.00  0.00  0.97  0.03  0.00  0.00  0.97  0.00
  SC0473                  1.00   0.00  0.00  0.00  1.00  0.00  0.00  0.00  0.22  0.00
  SC0474                  1.00   0.00  0.00  0.00  1.00  0.00  0.00  0.00  0.00  0.00
  SC0475                  1.00   0.00  0.00  0.00  1.00  0.00  0.00  0.00  0.98  0.00
  SC0478                  1.00   0.00  0.00  0.00  0.98  0.02  0.00  0.00  0.97  0.00
  SC0479                  1.00   0.00  0.00  0.00  1.00  0.00  0.00  0.00  0.63  0.00
  SC0480                  1.00   0.00  0.00  0.00  1.00  0.00  0.00  0.00  0.00  0.00
  SC0481                  1.00   0.00  0.00  0.00  1.00  0.00  0.00  0.00  0.03  0.00
  SC0482                  1.00   0.00  0.00  0.00  1.00  0.00  0.00  0.00  0.15  0.00
  SC0483                  1.00   0.00  0.00  0.00  1.00  0.00  0.00  0.00  0.13  0.00
  SC0484                  1.00   0.00  0.00  0.00  1.00  0.00  0.00  0.00  0.35  0.00
  SC0486                  1.00   0.00  0.00  0.00  1.00  0.00  0.00  0.00  0.06  0.00
  SC0487                  1.00   0.00  0.00  0.00  0.98  0.02  0.00  0.00  0.98  0.00
  SC0488                  1.00   0.00  0.00  0.00  1.00  0.00  0.00  0.00  0.94  0.00
  SC0489                  1.00   0.00  0.00  0.00  1.00  0.00  0.00  0.00  1.00  0.00
  SC0490                  1.00   0.00  0.00  0.00  1.00  0.00  0.00  0.00  0.08  0.00
  SC0491                  1.00   0.00  0.00  0.00  1.00  0.00  0.00  0.00  0.21  0.00
  SC0492                  1.00   0.01  0.00  0.00  0.99  0.00  0.00  0.00  0.00  0.00
  SC0493                  1.00   0.00  0.00  0.00  1.00  0.00  0.00  0.00  0.43  0.00
  SC0494                  1.00   0.00  0.00  0.00  0.04  0.96  0.00  0.00  0.05  0.00
  SC0495                  1.00   0.00  0.00  0.00  1.00  0.00  0.00  0.00  0.00  0.00
  SC0496                  1.00   0.00  0.00  0.00  1.00  0.00  0.00  0.00  0.15  0.00
  SC0497                  1.00   0.00  0.00  0.00  0.97  0.03  0.00  0.00  0.96  0.00
  SC0498                  1.00   0.00  0.00  0.00  1.00  0.00  0.00  0.00  0.45  0.00
  SC0499                  1.00   0.00  0.00  0.00  1.00  0.00  0.00  0.00  0.00  0.00
  SC0500                  1.00   0.00  0.00  0.00  1.00  0.00  0.00  0.00  0.99  0.00
  SC0501                  1.00   0.00  0.00  0.00  1.00  0.00  0.00  0.00  0.13  0.00
  SC0502                  1.00   0.00  0.00  0.00  1.00  0.00  0.00  0.00  0.61  0.00
  SC0503                  1.00   0.00  0.00  0.00  1.00  0.00  0.00  0.00  0.19  0.00
  SC0504                  1.00   0.00  0.00  0.00  1.00  0.00  0.00  0.00  0.44  0.00
  SC0505                  1.00   0.00  0.00  0.00  0.99  0.00  0.00  0.00  0.08  0.00
  SC0506                  1.00   0.00  0.00  0.00  0.05  0.95  0.00  0.00  0.97  0.00
  SC0507                  1.00   0.00  0.00  0.00  0.97  0.03  0.00  0.00  0.95  0.00
  SC0508                  1.00   0.00  0.00  0.00  1.00  0.00  0.00  0.00  0.16  0.00
  SC0509                  1.00   0.00  0.00  0.00  0.96  0.04  0.00  0.00  0.17  0.00
  SC0510                  1.00   0.00  0.00  0.00  0.96  0.04  0.00  0.00  0.96  0.00
  SC0511                  1.00   0.00  0.00  0.00  0.95  0.05  0.00  0.00  0.93  0.00
  SC0512                  1.00   0.00  0.00  0.00  0.81  0.19  0.00  0.00  0.79  0.00
  SC0513                  1.00   0.00  0.00  0.00  1.00  0.00  0.00  0.00  0.00  0.00
  SC0514                  1.00   0.00  0.00  0.00  1.00  0.00  0.00  0.00  1.00  0.00
  SC0515                  1.00   0.00  0.00  0.00  0.97  0.03  0.00  0.00  0.97  0.00
  SC0516                  1.00   0.00  0.00  0.00  1.00  0.00  0.00  0.00  1.00  0.00
  SC0517                  1.00   0.00  0.00  0.00  0.74  0.26  0.00  0.00  0.58  0.00
  SC0518                  1.00   0.00  0.00  0.00  1.00  0.00  0.00  0.00  0.99  0.00
  SC0519                  1.00   0.00  0.00  0.00  1.00  0.00  0.00  0.00  0.16  0.00
  SC0520                  1.00   0.00  0.00  0.00  1.00  0.00  0.00  0.00  0.99  0.00
  SC0521                  1.00   0.00  0.00  0.00  1.00  0.00  0.00  0.00  0.00  0.00
  SC0522                  1.00   0.00  0.01  0.00  0.99  0.00  0.00  0.00  0.01  0.00
  SC0523                  1.00   0.00  0.00  0.00  1.00  0.00  0.00  0.00  0.01  0.00
  SC0524                  1.00   0.00  0.00  0.00  1.00  0.00  0.00  0.00  1.00  0.00
  SC0525                  1.00   0.02  0.58  0.00  0.40  0.00  0.00  0.00  0.00  0.00
  SC0526                  1.00   0.00  0.00  0.00  1.00  0.00  0.00  0.00  0.71  0.00
  SC0527                  1.00   0.00  0.00  0.00  1.00  0.00  0.00  0.00  0.77  0.00
  SC0528                  1.00   0.00  0.00  0.00  0.85  0.15  0.00  0.00  0.37  0.00
  SC0529                  1.00   0.00  0.00  0.00  1.00  0.00  0.00  0.00  0.93  0.00
  SC0530                  1.00   0.00  0.00  0.00  1.00  0.00  0.00  0.00  0.00  0.00
  SC0531                  1.00   0.00  0.00  0.00  1.00  0.00  0.00  0.00  0.95  0.00
  SC0532                  1.00   0.00  0.00  0.00  0.97  0.02  0.00  0.00  0.94  0.00
  SC0533                  1.00   0.00  0.00  0.00  1.00  0.00  0.00  0.00  1.00  0.00
  SC0534                  1.00   0.00  0.00  0.00  0.95  0.05  0.00  0.00  0.96  0.00
  SC0535                  1.00   0.00  0.00  0.00  1.00  0.00  0.00  0.00  0.49  0.00
  SC0536                  1.00   0.00  0.00  0.00  1.00  0.00  0.00  0.00  0.11  0.00
  SC0537                  1.00   0.00  0.00  0.00  1.00  0.00  0.00  0.00  0.79  0.00
  SC0538                  1.00   0.00  0.00  0.00  1.00  0.00  0.00  0.00  0.59  0.00
  SC0539                  1.00   0.00  0.00  0.00  1.00  0.00  0.00  0.00  0.04  0.00
  SC0540                  1.00   0.00  0.00  0.00  0.97  0.03  0.00  0.00  0.90  0.00
  SC0541                  1.00   0.00  0.00  0.00  1.00  0.00  0.00  0.00  0.00  0.00
  SC0542                  1.00   0.00  0.00  0.00  1.00  0.00  0.00  0.00  1.00  0.00
  SC0543                  1.00   0.00  0.00  0.00  0.97  0.03  0.00  0.00  0.97  0.00
  SC0544                  1.00   0.00  0.00  0.00  1.00  0.00  0.00  0.00  0.01  0.00
  SC0546                  1.00   0.00  0.00  0.00  0.04  0.96  0.00  0.00  0.74  0.00
  SC0547                  1.00   0.00  0.00  0.00  0.87  0.13  0.00  0.00  0.88  0.00
  SC0548                  1.00   0.00  0.00  0.00  0.06  0.94  0.00  0.00  0.06  0.00
  SC0549                  1.00   0.00  0.00  0.00  0.00  1.00  0.00  0.00  0.90  0.00
  SC0550                  1.00   0.00  0.00  0.00  0.95  0.05  0.00  0.00  0.94  0.00
  SC0551                  1.00   0.00  0.00  0.00  0.97  0.03  0.00  0.00  0.89  0.00
  SC0552                  1.00   0.00  0.00  0.00  0.91  0.09  0.00  0.00  0.00  0.00
  SC0553                  1.00   0.00  0.00  0.00  0.97  0.03  0.00  0.00  0.97  0.00
  SC0554                  1.00   0.00  0.00  0.00  1.00  0.00  0.00  0.00  0.99  0.00
  SC0555                  1.00   0.00  0.00  0.00  1.00  0.00  0.00  0.00  0.48  0.00
  SC0556                  1.00   0.00  0.00  0.00  1.00  0.00  0.00  0.00  0.02  0.00
  SC0557                  1.00   0.00  0.00  0.00  1.00  0.00  0.00  0.00  0.00  0.00
  SC0558                  1.00   0.00  0.00  0.00  1.00  0.00  0.00  0.00  0.41  0.00
  SC0559                  1.00   0.00  0.00  0.00  1.00  0.00  0.00  0.00  0.57  0.00
  SC0560                  1.00   0.00  0.00  0.00  0.97  0.03  0.00  0.00  0.97  0.00
  SC0561                  1.00   0.00  0.00  0.00  1.00  0.00  0.00  0.00  0.90  0.00
  SC0562                  1.00   0.00  0.00  0.00  0.99  0.01  0.00  0.00  0.63  0.00
  SC0563                  1.00   0.00  0.00  0.00  1.00  0.00  0.00  0.00  0.00  0.00
  SC0564                  1.00   0.00  0.00  0.00  0.95  0.05  0.00  0.00  0.94  0.00
  SC0565                  1.00   0.00  0.00  0.00  0.02  0.98  0.00  0.00  0.84  0.00
  SC0566                  1.00   0.00  0.00  0.00  0.86  0.14  0.00  0.00  0.80  0.00
  SC0567                  1.00   0.00  0.00  0.00  0.96  0.04  0.00  0.00  0.95  0.00
  SC0568                  1.00   0.00  0.00  0.00  1.00  0.00  0.00  0.00  0.14  0.00
  SC0569                  1.00   0.00  0.00  0.00  1.00  0.00  0.00  0.00  1.00  0.00
  SC0570                  1.00   0.00  0.00  0.00  1.00  0.00  0.00  0.00  0.98  0.00
  SC0571                  1.00   0.00  0.00  0.00  1.00  0.00  0.00  0.00  0.00  0.00
  SC0572                  1.00   0.00  0.00  0.00  1.00  0.00  0.00  0.00  0.04  0.00
  SC0573                  1.00   0.00  0.00  0.00  0.04  0.96  0.00  0.00  0.86  0.00
  SC0574                  1.00   0.00  0.00  0.00  1.00  0.00  0.00  0.00  0.98  0.00
  SC0575                  1.00   0.00  0.00  0.00  0.97  0.03  0.00  0.00  0.93  0.00
  SC0576                  1.00   0.00  0.00  0.00  0.94  0.06  0.00  0.00  0.94  0.00
  SC0577                  1.00   0.00  0.00  0.00  1.00  0.00  0.00  0.00  0.92  0.00
  SC0578                  1.00   0.00  0.00  0.00  1.00  0.00  0.00  0.00  0.01  0.00
  SC0579                  1.00   0.00  0.00  0.00  1.00  0.00  0.00  0.00  1.00  0.00
  SC0580                  1.00   0.00  0.00  0.00  1.00  0.00  0.00  0.00  0.95  0.00
  SC0581                  1.00   0.00  0.00  0.00  1.00  0.00  0.00  0.00  0.05  0.00
  SC0582                  1.00   0.00  0.00  0.00  1.00  0.00  0.00  0.00  0.94  0.00
  SC0583                  1.00   0.00  0.00  0.00  1.00  0.00  0.00  0.00  0.10  0.00
  SC0584                  1.00   0.00  0.00  0.00  1.00  0.00  0.00  0.00  0.06  0.00
  SC0585                  1.00   0.00  0.00  0.00  1.00  0.00  0.00  0.00  0.94  0.00
  SC0586                  1.00   0.00  0.00  0.00  1.00  0.00  0.00  0.00  0.79  0.00
  SC0587                  1.00   0.00  0.00  0.00  1.00  0.00  0.00  0.00  0.02  0.00
  SC0588                  1.00   0.00  0.00  0.00  1.00  0.00  0.00  0.00  0.05  0.00
  SC0589                  1.00   0.00  0.00  0.00  1.00  0.00  0.00  0.00  0.02  0.00
  SC0590                  1.00   0.00  0.00  0.00  0.99  0.01  0.00  0.00  0.92  0.00
  SC0591                  1.00   0.00  0.00  0.00  1.00  0.00  0.00  0.00  0.99  0.00
  SC0592                  1.00   0.00  0.00  0.00  0.96  0.04  0.00  0.00  0.94  0.00
  SC0593                  1.00   0.00  0.00  0.00  1.00  0.00  0.00  0.00  0.11  0.00
  SC0594                  1.00   0.00  0.00  0.00  1.00  0.00  0.00  0.00  0.00  0.00
  SC0595                  1.00   0.00  0.00  0.00  1.00  0.00  0.00  0.00  0.02  0.00
  SC0596                  1.00   0.00  0.00  0.00  1.00  0.00  0.00  0.00  0.23  0.00
  SC0597                  1.00   0.00  0.00  0.00  0.98  0.02  0.00  0.00  0.97  0.00
  SC0598                  1.00   0.00  0.00  0.00  0.00  1.00  0.00  0.00  0.91  0.00
  SC0599                  1.00   0.00  0.00  0.00  0.98  0.02  0.00  0.00  0.98  0.00
  SC0600                  1.00   0.00  0.00  0.00  1.00  0.00  0.00  0.00  0.95  0.00
  SC0601                  1.00   0.00  0.00  0.00  1.00  0.00  0.00  0.00  0.94  0.00
  SC0602                  1.00   0.00  0.00  0.00  1.00  0.00  0.00  0.00  1.00  0.00
  SC0603                  1.00   0.00  0.00  0.00  0.94  0.06  0.00  0.00  0.89  0.00
  SC0604                  1.00   0.00  0.00  0.00  0.03  0.97  0.00  0.00  0.00  0.00
  SC0605                  1.00   0.00  0.00  0.00  1.00  0.00  0.00  0.00  0.93  0.00
  SC0606                  1.00   0.00  0.00  0.00  1.00  0.00  0.00  0.00  0.21  0.00
  SC0607                  1.00   0.00  0.00  0.00  1.00  0.00  0.00  0.00  0.06  0.00
  SC0608                  1.00   0.00  0.00  0.00  1.00  0.00  0.00  0.00  0.00  0.00
  SC0609                  1.00   0.00  0.00  0.00  1.00  0.00  0.00  0.00  0.99  0.00
  SC0610                  1.00   0.00  0.00  0.00  0.05  0.95  0.00  0.00  0.89  0.00
  SC0611                  1.00   0.00  0.00  0.00  1.00  0.00  0.00  0.00  0.90  0.00
  SC0612                  1.00   0.00  0.01  0.00  0.98  0.00  0.00  0.00  0.82  0.00
  SC0613                  1.00   0.00  0.00  0.00  0.96  0.04  0.00  0.00  0.96  0.00
  SC0614                  1.00   0.00  0.00  0.00  1.00  0.00  0.00  0.00  0.98  0.00
  SC0615                  1.00   0.00  0.00  0.00  1.00  0.00  0.00  0.00  0.99  0.00
  SC0616                  1.00   0.03  0.03  0.00  0.94  0.00  0.00  0.00  0.00  0.00
  SC0617                  1.00   0.00  0.00  0.00  0.94  0.06  0.00  0.00  0.93  0.00
  SC0618                  1.00   0.00  0.00  0.00  0.98  0.02  0.00  0.00  0.95  0.00
  SC0619                  1.00   0.00  0.00  0.00  0.95  0.05  0.00  0.00  0.94  0.00
  SC0620                  1.00   0.00  0.00  0.00  0.99  0.01  0.00  0.00  0.90  0.00
  SC0621                  1.00   0.00  0.00  0.00  0.93  0.07  0.00  0.00  0.93  0.00
  SC0622                  1.00   0.00  0.00  0.00  1.00  0.00  0.00  0.00  0.98  0.00
  SC0623                  1.00   0.00  0.00  0.00  0.93  0.07  0.00  0.00  0.88  0.00
  SC0624                  1.00   0.00  0.00  0.00  1.00  0.00  0.00  0.00  0.00  0.00
  SC0625                  1.00   0.00  0.00  0.00  1.00  0.00  0.00  0.00  0.00  0.00
  SC0626                  1.00   0.00  0.00  0.00  1.00  0.00  0.00  0.00  0.80  0.00
  SC0627                  1.00   0.00  0.00  0.00  1.00  0.00  0.00  0.00  0.00  0.00
  SC0628                  1.00   0.00  0.00  0.00  1.00  0.00  0.00  0.00  0.37  0.00
  SC0629                  1.00   0.00  0.00  0.00  1.00  0.00  0.00  0.00  0.01  0.00
  SC0630                  1.00   0.01  0.00  0.00  0.73  0.27  0.00  0.00  0.62  0.00
  SC0631                  1.00   0.00  0.00  0.00  1.00  0.00  0.00  0.00  0.00  0.00
  SC0632                  1.00   0.00  0.00  0.00  0.79  0.21  0.00  0.00  0.90  0.00
  SC0633                  1.00   0.00  0.00  0.00  0.99  0.01  0.00  0.00  0.98  0.00
  SC0634                  1.00   0.00  0.00  0.00  0.03  0.97  0.00  0.00  0.80  0.00
  SC0635                  1.00   0.00  0.00  0.00  0.10  0.90  0.00  0.00  1.00  0.00
  SC0636                  1.00   0.00  0.00  0.00  1.00  0.00  0.00  0.00  0.96  0.00
  SC0637                  1.00   0.00  0.00  0.00  1.00  0.00  0.00  0.00  0.98  0.00
  SC0638                  1.00   0.00  0.00  0.00  1.00  0.00  0.00  0.00  0.51  0.00
  SC0640                  1.00   0.00  0.00  0.00  1.00  0.00  0.00  0.00  0.95  0.00
  SC0641                  1.00   0.00  0.00  0.00  1.00  0.00  0.00  0.00  1.00  0.00
  SC0642                  1.00   0.00  0.00  0.00  1.00  0.00  0.00  0.00  0.40  0.00
  SC0643                  1.00   0.00  0.00  0.00  0.95  0.05  0.00  0.00  0.93  0.00
  SC0644                  1.00   0.00  0.00  0.00  1.00  0.00  0.00  0.00  0.73  0.00
  SC0645                  1.00   0.00  0.00  0.00  1.00  0.00  0.00  0.00  0.09  0.00
  SC0646                  1.00   0.00  0.00  0.00  1.00  0.00  0.00  0.00  0.18  0.00
  SC0647                  1.00   0.00  0.00  0.00  1.00  0.00  0.00  0.00  0.00  0.00
  SC0648                  1.00   0.00  0.00  0.00  1.00  0.00  0.00  0.00  1.00  0.00
  SC0649                  1.00   0.00  0.00  0.00  0.99  0.01  0.00  0.00  0.98  0.00
  SC0650                  1.00   0.00  0.00  0.00  1.00  0.00  0.00  0.00  0.04  0.00
  SC0651                  1.00   0.00  0.00  0.00  1.00  0.00  0.00  0.00  1.00  0.00
  SC0652                  1.00   0.00  0.00  0.00  1.00  0.00  0.00  0.00  0.69  0.00
  SC0653                  1.00   0.01  0.00  0.00  0.04  0.94  0.00  0.00  0.32  0.00
  SC0654                  1.00   0.01  0.03  0.00  0.72  0.24  0.00  0.00  0.85  0.00
  SC0655                  1.00   0.00  0.00  0.00  1.00  0.00  0.00  0.00  0.00  0.00
  SC0656                  1.00   0.00  0.00  0.00  1.00  0.00  0.00  0.00  0.00  0.00
  SC0657                  1.00   0.00  0.00  0.00  1.00  0.00  0.00  0.00  0.97  0.00
  SC0658                  1.00   0.00  0.00  0.00  1.00  0.00  0.00  0.00  0.00  0.00
  SC0659                  1.00   0.00  0.00  0.00  1.00  0.00  0.00  0.00  0.99  0.00
  SC0660                  1.00   0.00  0.00  0.00  0.94  0.06  0.00  0.00  0.93  0.00
  SC0661                  1.00   0.00  0.00  0.00  1.00  0.00  0.00  0.00  0.98  0.00
  SC0662                  1.00   0.00  0.00  0.00  1.00  0.00  0.00  0.00  0.26  0.00
  SC0663                  1.00   0.00  0.00  0.00  1.00  0.00  0.00  0.00  1.00  0.00
  SC0664                  1.00   0.00  0.00  0.00  1.00  0.00  0.00  0.00  0.00  0.00
  SC0665                  1.00   0.00  0.00  0.00  1.00  0.00  0.00  0.00  0.88  0.00
  SC0666                  1.00   0.00  0.00  0.00  1.00  0.00  0.00  0.00  0.52  0.00
  SC0667                  1.00   0.00  0.03  0.00  0.97  0.00  0.00  0.00  0.97  0.00
  SC0668                  1.00   0.00  0.00  0.00  1.00  0.00  0.00  0.00  0.67  0.00
  SC0669                  1.00   0.00  0.00  0.00  1.00  0.00  0.00  0.00  0.00  0.00
  SC0670                  1.00   0.00  0.00  0.00  0.90  0.10  0.00  0.00  0.91  0.00
  SC0671                  1.00   0.00  0.00  0.00  1.00  0.00  0.00  0.00  0.01  0.00
  SC0672                  1.00   0.00  0.00  0.00  1.00  0.00  0.00  0.00  0.84  0.00
  SC0673                  1.00   0.00  0.00  0.00  0.08  0.92  0.00  0.00  0.84  0.00
  SC0674                  1.00   0.00  0.00  0.00  1.00  0.00  0.00  0.00  0.18  0.00
  SC0675                  1.00   0.00  0.00  0.00  1.00  0.00  0.00  0.00  0.79  0.00
  SC0676                  1.00   0.00  0.00  0.00  0.05  0.95  0.00  0.00  0.89  0.00
  SC0677                  1.00   0.00  0.00  0.00  1.00  0.00  0.00  0.00  0.30  0.00
  SC0678                  1.00   0.00  0.00  0.00  1.00  0.00  0.00  0.00  0.51  0.00
  SC0679                  1.00   0.00  0.00  0.00  1.00  0.00  0.00  0.00  0.92  0.00
  SC0680                  1.00   0.00  0.00  0.00  1.00  0.00  0.00  0.00  0.01  0.00
  SC0681                  1.00   0.00  0.00  0.00  1.00  0.00  0.00  0.00  0.00  0.00
  SC0682                  1.00   0.00  0.00  0.00  0.88  0.12  0.00  0.00  0.89  0.00
  SC0685                  1.00   0.00  0.00  0.00  1.00  0.00  0.00  0.00  1.00  0.00
  SC0686                  1.00   0.00  0.00  0.00  1.00  0.00  0.00  0.00  0.65  0.00
  SC0687                  1.00   0.00  0.00  0.00  1.00  0.00  0.00  0.00  0.90  0.00
  SC0688                  1.00   0.00  0.00  0.00  0.00  1.00  0.00  0.00  0.95  0.00
  SC0689                  1.00   0.00  0.00  0.00  0.07  0.93  0.00  0.00  1.00  0.00
  SC0690                  1.00   0.00  0.00  0.00  1.00  0.00  0.00  0.00  0.76  0.00
  SC0691                  1.00   0.00  0.00  0.00  1.00  0.00  0.00  0.00  0.90  0.00
  SC0692                  1.00   0.00  0.00  0.00  1.00  0.00  0.00  0.00  0.00  0.00
  SC0693                  1.00   0.00  0.00  0.00  0.98  0.02  0.00  0.00  0.98  0.00
  SC0694                  1.00   0.00  0.00  0.00  1.00  0.00  0.00  0.00  0.00  0.00
  SC0695                  1.00   0.00  0.00  0.00  0.95  0.05  0.00  0.00  0.97  0.00
  SC0696                  1.00   0.00  0.00  0.00  0.96  0.04  0.00  0.00  0.95  0.00
  SC0697                  1.00   0.00  0.00  0.00  0.97  0.03  0.00  0.00  0.97  0.00
  SC0698                  1.00   0.00  0.00  0.00  0.94  0.06  0.00  0.00  0.91  0.00
  SC0699                  1.00   0.00  0.00  0.00  0.04  0.96  0.00  0.00  0.76  0.00
  SC0700                  1.00   0.00  0.00  0.00  1.00  0.00  0.00  0.00  0.00  0.00
  SC0701                  1.00   0.00  0.00  0.00  1.00  0.00  0.00  0.00  0.41  0.00
  SC0702                  1.00   0.00  0.00  0.00  1.00  0.00  0.00  0.00  0.27  0.00
  SC0703                  1.00   0.00  0.00  0.00  1.00  0.00  0.00  0.00  0.93  0.00
  SC0704                  1.00   0.00  0.00  0.00  0.99  0.01  0.00  0.00  0.91  0.00
  SC0705                  1.00   0.00  0.00  0.00  0.94  0.06  0.00  0.00  0.94  0.00
  SC0706                  1.00   0.00  0.00  0.00  0.98  0.02  0.00  0.00  0.96  0.00
  SC0707                  1.00   0.00  0.00  0.00  1.00  0.00  0.00  0.00  0.97  0.00
  SC0708                  1.00   0.00  0.00  0.00  0.96  0.04  0.00  0.00  0.95  0.00
  SC0709                  1.00   0.00  0.00  0.00  1.00  0.00  0.00  0.00  0.98  0.00
  SC0710                  1.00   0.00  0.00  0.00  1.00  0.00  0.00  0.00  0.01  0.00
  SC0711                  1.00   0.00  0.00  0.00  1.00  0.00  0.00  0.00  0.00  0.00
  SC0712                  1.00   0.00  0.00  0.00  1.00  0.00  0.00  0.00  1.00  0.00
  SC0713                  1.00   0.00  0.00  0.00  0.96  0.04  0.00  0.00  0.96  0.00
  SC0714                  1.00   0.00  0.00  0.00  1.00  0.00  0.00  0.00  0.00  0.00
  SC0715                  1.00   0.00  0.00  0.00  1.00  0.00  0.00  0.00  0.71  0.00
  SC0716                  1.00   0.00  0.01  0.00  0.99  0.00  0.00  0.00  0.99  0.00
  SC0717                  1.00   0.00  0.00  0.00  1.00  0.00  0.00  0.00  0.00  0.00
  SC0718                  1.00   0.00  0.00  0.00  1.00  0.00  0.00  0.00  0.82  0.00
  SC0719                  1.00   0.00  0.00  0.00  1.00  0.00  0.00  0.00  0.96  0.00
  SC0720                  1.00   0.00  0.00  0.00  0.95  0.05  0.00  0.00  0.90  0.00
  SC0721                  1.00   0.00  0.00  0.00  1.00  0.00  0.00  0.00  1.00  0.00
  SC0722                  1.00   0.00  0.00  0.00  1.00  0.00  0.00  0.00  0.98  0.00
  SC0723                  1.00   0.00  0.00  0.00  0.96  0.03  0.00  0.00  0.95  0.00
  SC0724                  1.00   0.00  0.00  0.00  1.00  0.00  0.00  0.00  1.00  0.00
  SC0725                  1.00   0.00  0.00  0.00  1.00  0.00  0.00  0.00  0.00  0.00
  SC0726                  1.00   0.00  0.00  0.00  1.00  0.00  0.00  0.00  0.00  0.00
  SC0727                  1.00   0.00  0.00  0.00  1.00  0.00  0.00  0.00  0.04  0.00
  SC0729                  1.00   0.00  0.00  0.00  0.96  0.04  0.00  0.00  0.96  0.00
  SC0730                  1.00   0.00  0.00  0.00  1.00  0.00  0.00  0.00  0.00  0.00
  SC0731                  1.00   0.00  0.00  0.00  1.00  0.00  0.00  0.00  0.24  0.00
  SC0732                  1.00   0.01  0.00  0.00  0.99  0.00  0.00  0.00  0.04  0.00
  SC0733                  1.00   0.00  0.00  0.00  0.99  0.01  0.00  0.00  0.97  0.00
  SC0734                  1.00   0.00  0.00  0.00  1.00  0.00  0.00  0.00  0.94  0.00
  SC0735                  1.00   0.00  0.00  0.00  1.00  0.00  0.00  0.00  0.00  0.00
  SC0736                  1.00   0.00  0.00  0.00  0.96  0.04  0.00  0.00  0.89  0.00
  SC0737                  1.00   0.00  0.00  0.00  1.00  0.00  0.00  0.00  0.14  0.00
  SC0738                  1.00   0.00  0.00  0.00  1.00  0.00  0.00  0.00  0.00  0.00
  SC0739                  1.00   0.00  0.00  0.00  1.00  0.00  0.00  0.00  0.00  0.00
  SC0740                  1.00   0.00  0.00  0.00  0.92  0.08  0.00  0.00  0.00  0.00
  SC0741                  1.00   0.00  0.00  0.00  1.00  0.00  0.00  0.00  0.54  0.00
  SC0742                  1.00   0.01  0.00  0.00  0.99  0.00  0.00  0.00  0.29  0.00
  SC0743                  1.00   0.00  0.00  0.00  1.00  0.00  0.00  0.00  0.00  0.00
  SC0744                  1.00   0.00  0.00  0.00  0.84  0.16  0.00  0.00  0.00  0.00
  SC0745                  1.00   0.00  0.02  0.00  0.07  0.90  0.00  0.00  0.93  0.00
  SC0746                  1.00   0.00  0.00  0.00  1.00  0.00  0.00  0.00  0.00  0.00
  SC0749                  1.00   0.00  0.00  0.00  0.96  0.04  0.00  0.00  0.95  0.00
  SC0750                  1.00   0.00  0.00  0.00  0.94  0.06  0.00  0.00  0.93  0.00
  SC0751                  1.00   0.00  0.00  0.00  0.99  0.01  0.00  0.00  0.98  0.00
  SC0752                  1.00   0.00  0.00  0.00  0.83  0.17  0.00  0.00  0.83  0.00
  SC0753                  1.00   0.00  0.00  0.00  1.00  0.00  0.00  0.00  0.93  0.00
  SC0754                  1.00   0.00  0.00  0.00  1.00  0.00  0.00  0.00  0.88  0.00
  SC0755                  1.00   0.00  0.00  0.00  1.00  0.00  0.00  0.00  0.00  0.00
  SC0756                  1.00   0.00  0.00  0.00  1.00  0.00  0.00  0.00  0.01  0.00
  SC0757                  1.00   0.00  0.00  0.00  1.00  0.00  0.00  0.00  0.59  0.00
  SC0758                  1.00   0.00  0.00  0.00  0.97  0.02  0.00  0.00  0.75  0.00
  SC0760                  1.00   0.00  0.00  0.00  1.00  0.00  0.00  0.00  0.46  0.00
  SC0761                  1.00   0.00  0.00  0.00  1.00  0.00  0.00  0.00  0.18  0.00
  SC0762                  1.00   0.00  0.00  0.00  1.00  0.00  0.00  0.00  0.97  0.00
  SC0763                  1.00   0.00  0.00  0.00  0.97  0.03  0.00  0.00  0.93  0.00
  SC0764                  1.00   0.00  0.00  0.00  0.94  0.06  0.00  0.00  0.93  0.00
  SC0765                  1.00   0.00  0.00  0.00  0.99  0.01  0.00  0.00  0.90  0.00
  SC0766                  1.00   0.00  0.00  0.00  1.00  0.00  0.00  0.00  0.99  0.00
  SC0767                  1.00   0.00  0.00  0.00  1.00  0.00  0.00  0.00  0.19  0.00
  SC0768                  1.00   0.00  0.00  0.00  0.99  0.00  0.00  0.00  0.97  0.00
  SC0769                  1.00   0.00  0.00  0.00  1.00  0.00  0.00  0.00  0.00  0.00
  SC0770                  1.00   0.00  0.00  0.00  1.00  0.00  0.00  0.00  0.09  0.00
  SC0771                  1.00   0.00  0.00  0.00  1.00  0.00  0.00  0.00  0.17  0.00
  SC0772                  1.00   0.00  0.00  0.00  1.00  0.00  0.00  0.00  0.00  0.00
  SC0773                  1.00   0.00  0.00  0.00  1.00  0.00  0.00  0.00  0.92  0.00
  SC0774                  1.00   0.00  0.00  0.00  1.00  0.00  0.00  0.00  0.16  0.00
  SC0775                  1.00   0.00  0.00  0.00  0.92  0.08  0.00  0.00  0.81  0.00
  SC0776                  1.00   0.00  0.00  0.00  0.85  0.15  0.00  0.00  0.74  0.00
  SC0777                  1.00   0.00  0.00  0.00  1.00  0.00  0.00  0.00  0.00  0.00
  SC0778                  1.00   0.00  0.00  0.00  0.93  0.06  0.00  0.00  0.89  0.00
  SC0779                  1.00   0.00  0.00  0.00  1.00  0.00  0.00  0.00  0.97  0.00
  SC0780                  1.00   0.00  0.00  0.00  1.00  0.00  0.00  0.00  1.00  0.00
  SC0781                  1.00   0.00  0.00  0.00  0.98  0.02  0.00  0.00  0.75  0.00
  SC0782                  1.00   0.00  0.00  0.00  1.00  0.00  0.00  0.00  0.00  0.00
  SC0783                  1.00   0.00  0.00  0.00  1.00  0.00  0.00  0.00  0.98  0.00
  SC0784                  1.00   0.00  0.00  0.00  1.00  0.00  0.00  0.00  0.85  0.00
  SC0785                  1.00   0.00  0.00  0.00  1.00  0.00  0.00  0.00  0.00  0.00
  SC0786                  1.00   0.00  0.00  0.00  1.00  0.00  0.00  0.00  0.02  0.00
  SC0787                  1.00   0.00  0.00  0.00  1.00  0.00  0.00  0.00  0.51  0.00
  SC0788                  1.00   0.00  0.00  0.00  1.00  0.00  0.00  0.00  0.00  0.00
  SC0789                  1.00   0.00  0.00  0.00  0.97  0.03  0.00  0.00  0.96  0.00
  SC0790                  1.00   0.00  0.00  0.00  0.98  0.02  0.00  0.00  0.00  0.00
  SC0791                  1.00   0.00  0.00  0.00  1.00  0.00  0.00  0.00  0.09  0.00
  SC0792                  1.00   0.00  0.00  0.00  1.00  0.00  0.00  0.00  0.27  0.00
  SC0793                  1.00   0.00  0.00  0.00  1.00  0.00  0.00  0.00  0.70  0.00
  SC0794                  1.00   0.00  0.00  0.00  0.96  0.04  0.00  0.00  0.97  0.00
  SC0795                  1.00   0.00  0.00  0.00  1.00  0.00  0.00  0.00  0.03  0.00
  SC0796                  1.00   0.00  0.00  0.00  0.12  0.88  0.00  0.00  0.11  0.00
  SC0797                  1.00   0.00  0.00  0.00  1.00  0.00  0.00  0.00  0.78  0.00
  SC0798                  1.00   0.00  0.00  0.00  0.97  0.03  0.00  0.00  0.97  0.00
  SC0799                  1.00   0.00  0.00  0.00  1.00  0.00  0.00  0.00  0.99  0.00
  SC0800                  1.00   0.00  0.00  0.00  1.00  0.00  0.00  0.00  0.87  0.00
  SC0801                  1.00   0.00  0.00  0.00  1.00  0.00  0.00  0.00  0.94  0.00
  SC0802                  1.00   0.00  0.00  0.00  0.13  0.87  0.00  0.00  0.91  0.00
  SC0803                  1.00   0.00  0.00  0.00  0.98  0.02  0.00  0.00  0.98  0.00
  SC0804                  1.00   0.00  0.00  0.00  1.00  0.00  0.00  0.00  1.00  0.00
  SC0805                  1.00   0.00  0.00  0.00  1.00  0.00  0.00  0.00  0.92  0.00
  SC0806                  1.00   0.00  0.00  0.00  1.00  0.00  0.00  0.00  0.03  0.00
  SC0807                  1.00   0.00  0.00  0.00  1.00  0.00  0.00  0.00  0.65  0.00
  SC0808                  1.00   0.00  0.00  0.00  1.00  0.00  0.00  0.00  0.68  0.00
  SC0809                  1.00   0.00  0.00  0.00  1.00  0.00  0.00  0.00  0.89  0.00
  SC0810                  1.00   0.00  0.00  0.00  1.00  0.00  0.00  0.00  1.00  0.00
  SC0811                  1.00   0.00  0.00  0.00  0.12  0.88  0.00  0.00  0.94  0.00
  SC0812                  1.00   0.00  0.00  0.00  1.00  0.00  0.00  0.00  0.90  0.00
  SC0813                  1.00   0.00  0.00  0.00  1.00  0.00  0.00  0.00  0.89  0.00
  SC0814                  1.00   0.00  0.00  0.00  1.00  0.00  0.00  0.00  0.03  0.00
  SC0815                  1.00   0.00  0.00  0.00  0.98  0.02  0.00  0.00  0.97  0.00
  SC0816                  1.00   0.00  0.00  0.00  1.00  0.00  0.00  0.00  1.00  0.00
  SC0817                  1.00   0.01  0.00  0.00  0.29  0.70  0.00  0.00  0.96  0.00
  SC0818                  1.00   0.00  0.02  0.00  0.05  0.93  0.00  0.00  0.92  0.00
  SC0819                  1.00   0.01  0.22  0.00  0.77  0.00  0.00  0.00  0.00  0.00
  SC0820                  1.00   0.00  0.00  0.00  1.00  0.00  0.00  0.00  0.00  0.00
  SC0821                  1.00   0.00  0.00  0.00  1.00  0.00  0.00  0.00  0.04  0.00
  SC0822                  1.00   0.00  0.06  0.00  0.94  0.00  0.00  0.00  0.38  0.00
  SC0824                  1.00   0.00  0.00  0.00  1.00  0.00  0.00  0.00  0.00  0.00
  SC0825                  1.00   0.00  0.00  0.00  1.00  0.00  0.00  0.00  1.00  0.00
  SC0826                  1.00   0.00  0.00  0.00  0.97  0.03  0.00  0.00  0.96  0.00
  SC0827                  1.00   0.00  0.00  0.00  1.00  0.00  0.00  0.00  1.00  0.00
  SC0828                  1.00   0.00  0.00  0.00  0.99  0.01  0.00  0.00  0.99  0.00
  SC0829                  1.00   0.00  0.00  0.00  1.00  0.00  0.00  0.00  0.80  0.00
  SC0830                  1.00   0.00  0.00  0.00  0.94  0.06  0.00  0.00  0.94  0.00
  SC0831                  1.00   0.00  0.00  0.00  1.00  0.00  0.00  0.00  1.00  0.00
  SC0832                  1.00   0.00  0.00  0.00  1.00  0.00  0.00  0.00  0.00  0.00
  SC0833                  1.00   0.00  0.00  0.00  1.00  0.00  0.00  0.00  0.00  0.00
  SC0834                  1.00   0.00  0.00  0.00  1.00  0.00  0.00  0.00  0.07  0.00
  SC0835                  1.00   0.00  0.00  0.00  0.93  0.07  0.00  0.00  0.92  0.00
  SC0836                  1.00   0.00  0.00  0.00  1.00  0.00  0.00  0.00  0.81  0.00
  SC0837                  1.00   0.00  0.00  0.00  1.00  0.00  0.00  0.00  0.27  0.00
  SC0838                  1.00   0.00  0.00  0.00  1.00  0.00  0.00  0.00  0.85  0.00
  SC0839                  1.00   0.00  0.00  0.00  1.00  0.00  0.00  0.00  1.00  0.00
  SC0840                  1.00   0.00  0.00  0.00  0.98  0.02  0.00  0.00  0.98  0.00
  SC0841                  1.00   0.00  0.00  0.00  1.00  0.00  0.00  0.00  0.67  0.00
  SC0842                  1.00   0.00  0.00  0.00  0.92  0.08  0.00  0.00  0.92  0.00
  SC0843                  1.00   0.00  0.00  0.00  1.00  0.00  0.00  0.00  0.99  0.00
  SC0844                  1.00   0.00  0.00  0.00  1.00  0.00  0.00  0.00  1.00  0.00
  SC0845                  1.00   0.00  0.00  0.00  1.00  0.00  0.00  0.00  0.00  0.00
  SC0846                  1.00   0.00  0.00  0.00  0.00  1.00  0.00  0.00  0.89  0.00
  SC0847                  1.00   0.00  0.00  0.00  0.06  0.94  0.00  0.00  0.76  0.00
  SC0848                  1.00   0.00  0.00  0.00  1.00  0.00  0.00  0.00  0.04  0.00
  SC0849                  1.00   0.00  0.00  0.00  1.00  0.00  0.00  0.00  0.22  0.00
  SC0851                  1.00   0.00  0.00  0.00  1.00  0.00  0.00  0.00  0.82  0.00
  SC0852                  1.00   0.00  0.00  0.00  0.96  0.04  0.00  0.00  0.94  0.00
  SC0853                  1.00   0.00  0.00  0.00  1.00  0.00  0.00  0.00  1.00  0.00
  SC0854                  1.00   0.00  0.00  0.00  0.04  0.96  0.00  0.00  0.98  0.00
  SC0855                  1.00   0.00  0.00  0.00  0.01  0.99  0.00  0.00  0.85  0.00
  SC0856                  1.00   0.00  0.01  0.00  0.99  0.00  0.00  0.00  0.00  0.00
  SC0857                  1.00   0.00  0.00  0.00  0.96  0.04  0.00  0.00  0.93  0.00
  SC0858                  1.00   0.00  0.00  0.00  1.00  0.00  0.00  0.00  1.00  0.00
  SC0859                  1.00   0.00  0.00  0.00  0.70  0.30  0.00  0.00  0.72  0.00
  SC0860                  1.00   0.00  0.00  0.00  1.00  0.00  0.00  0.00  0.13  0.00
  SC0861                  1.00   0.00  0.00  0.00  0.96  0.04  0.00  0.00  0.96  0.00
  SC0862                  1.00   0.03  0.00  0.00  0.97  0.00  0.00  0.00  0.00  0.00
  SC0864                  1.00   0.00  0.00  0.00  0.98  0.02  0.00  0.00  0.96  0.00
  SC0865                  1.00   0.00  0.00  0.00  0.92  0.08  0.00  0.00  0.88  0.00
  SC0866                  1.00   0.00  0.00  0.00  0.94  0.06  0.00  0.00  0.94  0.00
  SC0867                  1.00   0.00  0.00  0.00  1.00  0.00  0.00  0.00  1.00  0.00
  SC0868                  1.00   0.00  0.00  0.00  1.00  0.00  0.00  0.00  0.14  0.00
  SC0869                  1.00   0.00  0.00  0.00  1.00  0.00  0.00  0.00  0.08  0.00
  SC0870                  1.00   0.00  0.01  0.00  0.99  0.00  0.00  0.00  0.38  0.00
  SC0871                  1.00   0.00  0.00  0.00  0.00  1.00  0.00  0.00  0.89  0.00
  SC0872                  1.00   0.00  0.00  0.00  0.06  0.94  0.00  0.00  0.96  0.00
  SC0873                  1.00   0.00  0.00  0.00  0.97  0.03  0.00  0.00  0.94  0.00
  SC0874                  1.00   0.00  0.00  0.00  1.00  0.00  0.00  0.00  0.90  0.00
  SC0875                  1.00   0.00  0.00  0.00  0.98  0.02  0.00  0.00  0.97  0.00
  SC0876                  1.00   0.00  0.00  0.00  1.00  0.00  0.00  0.00  0.03  0.00
  SC0877                  1.00   0.00  0.00  0.00  0.96  0.04  0.00  0.00  0.95  0.00
  SC0878                  1.00   0.00  0.00  0.00  1.00  0.00  0.00  0.00  0.00  0.00
  SC0879                  1.00   0.00  0.00  0.00  1.00  0.00  0.00  0.00  0.02  0.00
  SC0880                  1.00   0.00  0.00  0.00  1.00  0.00  0.00  0.00  0.05  0.00
  SC0881                  1.00   0.00  0.00  0.00  1.00  0.00  0.00  0.00  0.75  0.00
  SC0882                  1.00   0.00  0.00  0.00  1.00  0.00  0.00  0.00  0.38  0.00
  SC0883                  1.00   0.00  0.00  0.00  1.00  0.00  0.00  0.00  0.17  0.00
  SC0884                  1.00   0.00  0.00  0.00  1.00  0.00  0.00  0.00  0.00  0.00
  SC0885                  1.00   0.00  0.00  0.00  1.00  0.00  0.00  0.00  0.96  0.00
  SC0886                  1.00   0.00  0.00  0.00  0.90  0.10  0.00  0.00  0.82  0.00
  SC0887                  1.00   0.00  0.00  0.00  1.00  0.00  0.00  0.00  0.24  0.00
  SC0888                  1.00   0.00  0.00  0.00  1.00  0.00  0.00  0.00  0.14  0.00
  SC0889                  1.00   0.00  0.00  0.00  1.00  0.00  0.00  0.00  0.00  0.00
  SC0890                  1.00   0.00  0.00  0.00  1.00  0.00  0.00  0.00  0.68  0.00
  SC0891                  1.00   0.00  0.00  0.00  1.00  0.00  0.00  0.00  0.71  0.00
  SC0892                  1.00   0.00  0.00  0.00  1.00  0.00  0.00  0.00  0.33  0.00
  SC0893                  1.00   0.00  0.00  0.00  1.00  0.00  0.00  0.00  0.02  0.00
  SC0894                  1.00   0.00  0.00  0.00  0.29  0.71  0.00  0.00  0.79  0.00
  SC0895                  1.00   0.00  0.00  0.00  1.00  0.00  0.00  0.00  0.90  0.00
  SC0896                  1.00   0.00  0.00  0.00  1.00  0.00  0.00  0.00  0.94  0.00
  SC0897                  1.00   0.00  0.00  0.00  0.96  0.04  0.00  0.00  0.95  0.00
  SC0898                  1.00   0.00  0.00  0.00  1.00  0.00  0.00  0.00  0.00  0.00
  SC0899                  1.00   0.00  0.00  0.00  1.00  0.00  0.00  0.00  0.91  0.00
  SC0900                  1.00   0.00  0.00  0.00  0.98  0.02  0.00  0.00  0.98  0.00
  SC0901                  1.00   0.00  0.00  0.00  1.00  0.00  0.00  0.00  0.99  0.00
  SC0902                  1.00   0.00  0.00  0.00  1.00  0.00  0.00  0.00  0.66  0.00
  SC0903                  1.00   0.00  0.00  0.00  1.00  0.00  0.00  0.00  1.00  0.00
  SC0904                  1.00   0.00  0.00  0.00  1.00  0.00  0.00  0.00  0.35  0.00
  SC0905                  1.00   0.00  0.00  0.00  1.00  0.00  0.00  0.00  0.05  0.00
  SC0906                  1.00   0.00  0.00  0.00  1.00  0.00  0.00  0.00  1.00  0.00
  SC0907                  1.00   0.00  0.00  0.00  1.00  0.00  0.00  0.00  0.00  0.00
  SC0908                  1.00   0.00  0.00  0.00  1.00  0.00  0.00  0.00  0.00  0.00
  SC0909                  1.00   0.00  0.00  0.00  0.97  0.03  0.00  0.00  0.95  0.00
  SC0910                  1.00   0.00  0.00  0.00  1.00  0.00  0.00  0.00  0.00  0.00
  SC0911                  1.00   0.00  0.00  0.00  1.00  0.00  0.00  0.00  0.01  0.00
  SC0912                  1.00   0.00  0.00  0.00  0.97  0.03  0.00  0.00  0.84  0.00
  SC0913                  1.00   0.00  0.00  0.00  0.82  0.17  0.00  0.00  0.72  0.00
  SC0914                  1.00   0.00  0.00  0.00  0.94  0.06  0.00  0.00  0.92  0.00
  SC0915                  1.00   0.00  0.00  0.00  1.00  0.00  0.00  0.00  0.83  0.00
  SC0916                  1.00   0.00  0.00  0.00  0.89  0.11  0.00  0.00  0.90  0.00
  SC0917                  1.00   0.00  0.00  0.00  0.91  0.08  0.00  0.00  0.93  0.00
  SC0918                  1.00   0.00  0.00  0.00  0.10  0.90  0.00  0.00  0.99  0.00
  SC0919                  1.00   0.00  0.00  0.00  0.00  1.00  0.00  0.00  0.86  0.00
  SC0920                  1.00   0.00  0.00  0.00  0.96  0.04  0.00  0.00  0.94  0.00
  SC0921                  1.00   0.00  0.00  0.00  1.00  0.00  0.00  0.00  0.97  0.00
  SC0922                  1.00   0.00  0.00  0.00  1.00  0.00  0.00  0.00  0.51  0.00
  SC0923                  1.00   0.00  0.00  0.00  1.00  0.00  0.00  0.00  0.76  0.00
  SC0924                  1.00   0.00  0.00  0.00  1.00  0.00  0.00  0.00  0.77  0.00
  SC0925                  1.00   0.00  0.00  0.00  1.00  0.00  0.00  0.00  0.59  0.00
  SC0926                  1.00   0.00  0.00  0.00  1.00  0.00  0.00  0.00  0.00  0.00
  SC0927                  1.00   0.01  0.00  0.00  0.05  0.94  0.00  0.00  0.87  0.00
  SC0928                  1.00   0.00  0.00  0.00  1.00  0.00  0.00  0.00  0.90  0.00
  SC0929                  1.00   0.00  0.00  0.00  1.00  0.00  0.00  0.00  0.77  0.00
  SC0930                  1.00   0.00  0.00  0.00  1.00  0.00  0.00  0.00  0.00  0.00
  SC0931                  1.00   0.00  0.00  0.00  1.00  0.00  0.00  0.00  0.00  0.00
  SC0932                  1.00   0.00  0.00  0.00  0.96  0.04  0.00  0.00  0.96  0.00
  SC0933                  1.00   0.00  0.00  0.00  1.00  0.00  0.00  0.00  0.87  0.00
  SC0934                  1.00   0.00  0.00  0.00  1.00  0.00  0.00  0.00  0.01  0.00
  SC0935                  1.00   0.00  0.00  0.00  1.00  0.00  0.00  0.00  0.00  0.00
  SC0936                  1.00   0.00  0.00  0.00  1.00  0.00  0.00  0.00  1.00  0.00
  SC0937                  1.00   0.00  0.00  0.00  1.00  0.00  0.00  0.00  0.00  0.00
  SC0938                  1.00   0.00  0.00  0.00  0.96  0.04  0.00  0.00  0.96  0.00
  SC0939                  1.00   0.00  0.00  0.00  1.00  0.00  0.00  0.00  0.98  0.00
  SC0940                  1.00   0.00  0.00  0.00  1.00  0.00  0.00  0.00  0.00  0.00
  SC0941                  1.00   0.00  0.00  0.00  1.00  0.00  0.00  0.00  0.55  0.00
  SC0942                  1.00   0.00  0.00  0.00  1.00  0.00  0.00  0.00  0.22  0.00
  SC0943                  1.00   0.00  0.00  0.00  1.00  0.00  0.00  0.00  1.00  0.00
  SC0944                  1.00   0.00  0.00  0.00  1.00  0.00  0.00  0.00  0.32  0.00
  SC0945                  1.00   0.00  0.00  0.00  1.00  0.00  0.00  0.00  0.02  0.00
  SC0946                  1.00   0.00  0.00  0.00  1.00  0.00  0.00  0.00  0.02  0.00
  SC0947                  1.00   0.00  0.00  0.00  1.00  0.00  0.00  0.00  0.00  0.00
  SC0948                  1.00   0.00  0.00  0.00  0.96  0.04  0.00  0.00  0.90  0.00
  SC0949                  1.00   0.00  0.00  0.00  1.00  0.00  0.00  0.00  0.00  0.00
  SC0950                  1.00   0.00  0.00  0.00  1.00  0.00  0.00  0.00  0.00  0.00
  SC0951                  1.00   0.00  0.00  0.00  1.00  0.00  0.00  0.00  0.97  0.00
  SC0952                  1.00   0.00  0.00  0.00  1.00  0.00  0.00  0.00  0.83  0.00
  SC0953                  1.00   0.00  0.00  0.00  1.00  0.00  0.00  0.00  0.16  0.00
  SC0954                  1.00   0.00  0.00  0.00  0.93  0.07  0.00  0.00  0.76  0.00
  SC0955                  1.00   0.00  0.00  0.00  1.00  0.00  0.00  0.00  0.66  0.00
  SC0956                  1.00   0.00  0.00  0.00  1.00  0.00  0.00  0.00  0.98  0.00
  SC0957                  1.00   0.00  0.00  0.00  1.00  0.00  0.00  0.00  0.00  0.00
  SC0958                  1.00   0.00  0.00  0.00  0.98  0.02  0.00  0.00  0.93  0.00
  SC0959                  1.00   0.00  0.00  0.00  0.92  0.08  0.00  0.00  0.89  0.00
  SC0960                  1.00   0.00  0.00  0.00  1.00  0.00  0.00  0.00  0.11  0.00
  SC0961                  1.00   0.00  0.00  0.00  1.00  0.00  0.00  0.00  0.91  0.00
  SC0962                  1.00   0.00  0.00  0.00  1.00  0.00  0.00  0.00  0.95  0.00
  SC0963                  1.00   0.00  0.00  0.00  1.00  0.00  0.00  0.00  0.00  0.00
  SC0964                  1.00   0.00  0.00  0.00  0.97  0.03  0.00  0.00  0.97  0.00
  SC0965                  1.00   0.00  0.00  0.00  0.96  0.04  0.00  0.00  0.96  0.00
  SC0966                  1.00   0.00  0.00  0.00  1.00  0.00  0.00  0.00  0.82  0.00
  SC0967                  1.00   0.00  0.00  0.00  1.00  0.00  0.00  0.00  1.00  0.00
  SC0968                  1.00   0.00  0.00  0.00  0.99  0.01  0.00  0.00  0.96  0.00
  SC0969                  1.00   0.00  0.00  0.00  0.96  0.04  0.00  0.00  0.95  0.00
  SC0971                  1.00   0.00  0.00  0.00  0.87  0.13  0.00  0.00  0.00  0.00
  SC0972                  1.00   0.00  0.00  0.00  0.01  0.99  0.00  0.00  0.78  0.00
  SC0973                  1.00   0.00  0.00  0.00  1.00  0.00  0.00  0.00  0.00  0.00
  SC0974                  1.00   0.00  0.00  0.00  1.00  0.00  0.00  0.00  0.78  0.00
  SC0975                  1.00   0.00  0.00  0.00  0.02  0.98  0.00  0.00  0.83  0.00
  SC0976                  1.00   0.00  0.00  0.00  1.00  0.00  0.00  0.00  0.99  0.00
  SC0977                  1.00   0.00  0.00  0.00  1.00  0.00  0.00  0.00  1.00  0.00
  SC0978                  1.00   0.00  0.00  0.00  0.97  0.03  0.00  0.00  0.91  0.00
  SC0979                  1.00   0.00  0.00  0.00  0.09  0.91  0.00  0.00  0.72  0.00
  SC0980                  1.00   0.00  0.00  0.00  1.00  0.00  0.00  0.00  1.00  0.00
  SC0981                  1.00   0.00  0.00  0.00  1.00  0.00  0.00  0.00  0.45  0.00
  SC0982                  1.00   0.00  0.00  0.00  0.45  0.55  0.00  0.00  0.02  0.00
  SC0983                  1.00   0.00  0.00  0.00  0.94  0.06  0.00  0.00  0.95  0.00
  SC0984                  1.00   0.00  0.01  0.00  0.99  0.00  0.00  0.00  0.06  0.00
  SC0985                  1.00   0.00  0.02  0.00  0.98  0.00  0.00  0.00  0.14  0.00
  SC0986                  1.00   0.00  0.00  0.00  1.00  0.00  0.00  0.00  0.00  0.00
  SC0987                  1.00   0.00  0.00  0.00  1.00  0.00  0.00  0.00  0.33  0.00
  SC0988                  1.00   0.00  0.00  0.00  0.98  0.02  0.00  0.00  0.96  0.00
  SC0989                  1.00   0.00  0.00  0.00  0.98  0.02  0.00  0.00  0.96  0.00
  SC0990                  1.00   0.00  0.00  0.00  1.00  0.00  0.00  0.00  0.02  0.00
  SC0991                  1.00   0.00  0.00  0.00  1.00  0.00  0.00  0.00  0.00  0.00
  SC0992                  1.00   0.00  0.00  0.00  0.00  1.00  0.00  0.00  0.93  0.00
  SC0993                  1.00   0.00  0.00  0.00  1.00  0.00  0.00  0.00  0.01  0.00
  SC0994                  1.00   0.00  0.00  0.00  1.00  0.00  0.00  0.00  0.00  0.00
  SC0995                  1.00   0.00  0.00  0.00  1.00  0.00  0.00  0.00  0.25  0.00
  SC0996                  1.00   0.00  0.00  0.00  1.00  0.00  0.00  0.00  0.75  0.00
  SC0997                  1.00   0.00  0.00  0.00  1.00  0.00  0.00  0.00  0.58  0.00
  SC0998                  1.00   0.00  0.00  0.00  1.00  0.00  0.00  0.00  0.12  0.00
  SC0999                  1.00   0.00  0.00  0.00  1.00  0.00  0.00  0.00  0.92  0.00
  SC1000                  1.00   0.00  0.00  0.00  1.00  0.00  0.00  0.00  0.07  0.00
  SC1001                  1.00   0.00  0.00  0.00  1.00  0.00  0.00  0.00  0.00  0.00
  SC1002                  1.00   0.00  0.00  0.00  1.00  0.00  0.00  0.00  0.00  0.00
  SC1003                  1.00   0.00  0.00  0.00  1.00  0.00  0.00  0.00  0.70  0.00
  SC1004                  1.00   0.00  0.00  0.00  1.00  0.00  0.00  0.00  0.96  0.00
  SC1005                  1.00   0.00  0.00  0.00  1.00  0.00  0.00  0.00  0.04  0.00
  SC1006                  1.00   0.00  0.00  0.00  1.00  0.00  0.00  0.00  0.78  0.00
  SC1007                  1.00   0.00  0.00  0.00  1.00  0.00  0.00  0.00  0.96  0.00
  SC1008                  1.00   0.00  0.00  0.00  1.00  0.00  0.00  0.00  0.00  0.00
  SC1009                  1.00   0.00  0.00  0.00  1.00  0.00  0.00  0.00  0.00  0.00
  SC1010                  1.00   0.00  0.00  0.00  1.00  0.00  0.00  0.00  0.20  0.00
  SC1011                  1.00   0.00  0.00  0.00  0.99  0.01  0.00  0.00  0.92  0.00
  SC1012                  1.00   0.00  0.00  0.00  0.97  0.03  0.00  0.00  0.93  0.00
  SC1013                  1.00   0.00  0.00  0.00  1.00  0.00  0.00  0.00  0.96  0.00
  SC1014                  1.00   0.00  0.00  0.00  1.00  0.00  0.00  0.00  0.12  0.00
  SC1015                  1.00   0.00  0.00  0.00  1.00  0.00  0.00  0.00  0.91  0.00
  SC1016                  1.00   0.00  0.00  0.00  0.96  0.04  0.00  0.00  0.93  0.00
  SC1017                  1.00   0.00  0.00  0.00  1.00  0.00  0.00  0.00  0.00  0.00
  SC1018                  1.00   0.00  0.00  0.00  1.00  0.00  0.00  0.00  0.00  0.00
  SC1019                  1.00   0.00  0.00  0.00  1.00  0.00  0.00  0.00  0.67  0.00
  SC1020                  1.00   0.00  0.00  0.00  1.00  0.00  0.00  0.00  0.06  0.00
  SC1021                  1.00   0.00  0.00  0.00  1.00  0.00  0.00  0.00  1.00  0.00
  SC1022                  1.00   0.00  0.00  0.00  1.00  0.00  0.00  0.00  0.14  0.00
  SC1023                  1.00   0.00  0.00  0.00  1.00  0.00  0.00  0.00  0.00  0.00
  SC1024                  1.00   0.00  0.00  0.00  1.00  0.00  0.00  0.00  0.97  0.00
  SC1025                  1.00   0.00  0.00  0.00  1.00  0.00  0.00  0.00  0.31  0.00
  SC1026                  1.00   0.00  0.00  0.00  1.00  0.00  0.00  0.00  0.07  0.00
  SC1028                  1.00   0.00  0.00  0.00  1.00  0.00  0.00  0.00  0.84  0.00
  SC1029                  1.00   0.00  0.00  0.00  0.93  0.07  0.00  0.00  0.94  0.00
  SC1030                  1.00   0.00  0.00  0.00  1.00  0.00  0.00  0.00  0.00  0.00
  SC1031                  1.00   0.00  0.00  0.00  1.00  0.00  0.00  0.00  0.00  0.00
  SC1032                  1.00   0.00  0.00  0.00  0.87  0.13  0.00  0.00  0.76  0.00
  SC1033                  1.00   0.00  0.00  0.00  1.00  0.00  0.00  0.00  0.62  0.00
  SC1034                  1.00   0.00  0.00  0.00  1.00  0.00  0.00  0.00  0.98  0.00
  SC1035                  1.00   0.00  0.00  0.00  1.00  0.00  0.00  0.00  0.11  0.00
  SC1036                  1.00   0.00  0.00  0.00  1.00  0.00  0.00  0.00  0.21  0.00
  SC1037                  1.00   0.00  0.00  0.00  0.96  0.04  0.00  0.00  0.93  0.00
  SC1038                  1.00   0.00  0.00  0.00  1.00  0.00  0.00  0.00  1.00  0.00
  SC1039                  1.00   0.00  0.00  0.00  1.00  0.00  0.00  0.00  0.86  0.00
  SC1040                  1.00   0.00  0.00  0.00  1.00  0.00  0.00  0.00  0.19  0.00
  SC1041                  1.00   0.00  0.00  0.00  1.00  0.00  0.00  0.00  0.04  0.00
  SC1042                  1.00   0.00  0.00  0.00  1.00  0.00  0.00  0.00  0.92  0.00
  SC1043                  1.00   0.00  0.00  0.00  1.00  0.00  0.00  0.00  0.10  0.00
  SC1044                  1.00   0.00  0.00  0.00  1.00  0.00  0.00  0.00  1.00  0.00
  SC1045                  1.00   0.00  0.00  0.00  1.00  0.00  0.00  0.00  0.76  0.00
  SC1046                  1.00   0.00  0.00  0.00  0.97  0.03  0.00  0.00  0.91  0.00
  SC1047                  1.00   0.00  0.00  0.00  0.97  0.03  0.00  0.00  0.95  0.00
  SC1048                  1.00   0.00  0.00  0.00  1.00  0.00  0.00  0.00  0.86  0.00
  SC1049                  1.00   0.00  0.00  0.00  1.00  0.00  0.00  0.00  0.86  0.00
  SC1050                  1.00   0.00  0.00  0.00  1.00  0.00  0.00  0.00  0.00  0.00
  SC1051                  1.00   0.00  0.00  0.00  1.00  0.00  0.00  0.00  1.00  0.00
  SC1052                  1.00   0.00  0.00  0.00  0.97  0.03  0.00  0.00  0.96  0.00
  SC1053                  1.00   0.00  0.02  0.00  0.98  0.00  0.00  0.00  0.53  0.00
  SC1054                  1.00   0.00  0.00  0.00  0.06  0.94  0.00  0.00  0.96  0.00
  SC1055                  1.00   0.00  0.00  0.00  1.00  0.00  0.00  0.00  0.28  0.00
  SC1056                  1.00   0.00  0.00  0.00  1.00  0.00  0.00  0.00  0.94  0.00
  SC1057                  1.00   0.00  0.00  0.00  1.00  0.00  0.00  0.00  0.68  0.00
  SC1058                  1.00   0.00  0.00  0.00  0.96  0.04  0.00  0.00  0.95  0.00
  SC1059                  1.00   0.00  0.00  0.00  1.00  0.00  0.00  0.00  0.00  0.00
  SC1060                  1.00   0.00  0.00  0.00  0.96  0.04  0.00  0.00  0.94  0.00
  SC1061                  1.00   0.00  0.00  0.00  1.00  0.00  0.00  0.00  0.10  0.00
  SC1062                  1.00   0.00  0.00  0.00  1.00  0.00  0.00  0.00  0.87  0.00
  SC1063                  1.00   0.00  0.00  0.00  1.00  0.00  0.00  0.00  0.00  0.00
  SC1064                  1.00   0.00  0.00  0.00  1.00  0.00  0.00  0.00  0.93  0.00
  SC1065                  1.00   0.00  0.00  0.00  1.00  0.00  0.00  0.00  0.00  0.00
  SC1066                  1.00   0.00  0.00  0.00  0.94  0.06  0.00  0.00  0.00  0.00
  SC1067                  1.00   0.00  0.00  0.00  1.00  0.00  0.00  0.00  0.00  0.00
  SC1068                  1.00   0.00  0.00  0.00  1.00  0.00  0.00  0.00  0.00  0.00
  SC1069                  1.00   0.00  0.00  0.00  1.00  0.00  0.00  0.00  0.96  0.00
  SC1070                  1.00   0.00  0.00  0.00  1.00  0.00  0.00  0.00  0.00  0.00
  SC1071                  1.00   0.00  0.00  0.00  1.00  0.00  0.00  0.00  0.05  0.00
  SC1072                  1.00   0.00  0.00  0.00  1.00  0.00  0.00  0.00  0.00  0.00
  SC1073                  1.00   0.00  0.00  0.00  1.00  0.00  0.00  0.00  1.00  0.00
  SC1075                  1.00   0.00  0.00  0.00  0.88  0.12  0.00  0.00  0.90  0.00
  SC1076                  1.00   0.00  0.00  0.00  1.00  0.00  0.00  0.00  0.00  0.00
  SC1077                  1.00   0.00  0.00  0.00  0.99  0.01  0.00  0.00  0.95  0.00
  SC1078                  1.00   0.00  0.00  0.00  1.00  0.00  0.00  0.00  0.00  0.00
  SC1079                  1.00   0.00  0.00  0.00  0.97  0.03  0.00  0.00  0.95  0.00
  SC1080                  1.00   0.00  0.00  0.00  1.00  0.00  0.00  0.00  0.00  0.00
  SC1081                  1.00   0.00  0.00  0.00  1.00  0.00  0.00  0.00  0.87  0.00
  SC1082                  1.00   0.00  0.00  0.00  1.00  0.00  0.00  0.00  0.21  0.00
  SC1083                  1.00   0.00  0.00  0.00  1.00  0.00  0.00  0.00  0.00  0.00
  SC1084                  1.00   0.00  0.00  0.00  0.98  0.02  0.00  0.00  0.97  0.00
  SC1085                  1.00   0.00  0.00  0.00  1.00  0.00  0.00  0.00  0.81  0.00
  SC1086                  1.00   0.00  0.00  0.00  1.00  0.00  0.00  0.00  0.10  0.00
  SC1087                  1.00   0.00  0.00  0.00  0.99  0.01  0.00  0.00  0.79  0.00
  SC1088                  1.00   0.00  0.00  0.00  0.97  0.03  0.00  0.00  0.93  0.00
  SC1089                  1.00   0.00  0.00  0.00  1.00  0.00  0.00  0.00  1.00  0.00
  SC1090                  1.00   0.00  0.00  0.00  0.89  0.11  0.00  0.00  0.81  0.00
  SC1091                  1.00   0.00  0.00  0.00  1.00  0.00  0.00  0.00  0.95  0.00
  SC1092                  1.00   0.00  0.00  0.00  1.00  0.00  0.00  0.00  0.03  0.00
  SC1093                  1.00   0.00  0.00  0.00  1.00  0.00  0.00  0.00  0.00  0.00
  SC1094                  1.00   0.00  0.00  0.00  1.00  0.00  0.00  0.00  0.86  0.00
  SC1095                  1.00   0.00  0.00  0.00  0.98  0.02  0.00  0.00  0.98  0.00
  SC1096                  1.00   0.00  0.00  0.00  0.96  0.04  0.00  0.00  0.96  0.00
  SC1097                  1.00   0.00  0.00  0.00  0.99  0.01  0.00  0.00  0.84  0.00
  SC1098                  1.00   0.00  0.00  0.00  1.00  0.00  0.00  0.00  1.00  0.00
  SC1099                  1.00   0.00  0.00  0.00  1.00  0.00  0.00  0.00  0.16  0.00
  SC1100                  1.00   0.00  0.00  0.00  1.00  0.00  0.00  0.00  0.00  0.00
  SC1101                  1.00   0.00  0.00  0.00  0.99  0.01  0.00  0.00  0.92  0.00
  SC1102                  1.00   0.00  0.00  0.00  0.92  0.08  0.00  0.00  0.92  0.00
  SC1103                  1.00   0.00  0.00  0.00  0.98  0.02  0.00  0.00  0.97  0.00
  SC1104                  1.00   0.00  0.00  0.00  0.03  0.97  0.00  0.00  0.94  0.00
  SC1105                  1.00   0.00  0.00  0.00  0.92  0.08  0.00  0.00  0.95  0.00
  SC1106                  1.00   0.00  0.00  0.00  1.00  0.00  0.00  0.00  0.95  0.00
  SC1107                  1.00   0.00  0.00  0.00  1.00  0.00  0.00  0.00  0.62  0.00
  SC1108                  1.00   0.00  0.00  0.00  1.00  0.00  0.00  0.00  0.57  0.00
  SC1109                  1.00   0.00  0.00  0.00  1.00  0.00  0.00  0.00  0.18  0.00
  SC1110                  1.00   0.00  0.00  0.00  1.00  0.00  0.00  0.00  1.00  0.00
  SC1111                  1.00   0.00  0.00  0.00  0.05  0.95  0.00  0.00  0.94  0.00
  SC1112                  1.00   0.00  0.00  0.00  0.97  0.03  0.00  0.00  0.94  0.00
  SC1113                  1.00   0.00  0.00  0.00  1.00  0.00  0.00  0.00  0.00  0.00
  SC1114                  1.00   0.00  0.00  0.00  1.00  0.00  0.00  0.00  0.00  0.00
  SC1115                  1.00   0.00  0.00  0.00  0.90  0.10  0.00  0.00  0.87  0.00
  SC1116                  1.00   0.00  0.00  0.00  1.00  0.00  0.00  0.00  0.90  0.00
  SC1117                  1.00   0.00  0.00  0.00  1.00  0.00  0.00  0.00  0.03  0.00
  SC1118                  1.00   0.00  0.00  0.00  1.00  0.00  0.00  0.00  0.00  0.00
  SC1119                  1.00   0.00  0.00  0.00  1.00  0.00  0.00  0.00  0.00  0.00
  SC1120                  1.00   0.00  0.00  0.00  1.00  0.00  0.00  0.00  0.00  0.00
  SC1121                  1.00   0.00  0.00  0.00  1.00  0.00  0.00  0.00  0.00  0.00
  SC1122                  1.00   0.00  0.00  0.00  1.00  0.00  0.00  0.00  0.83  0.00
  SC1123                  1.00   0.00  0.00  0.00  1.00  0.00  0.00  0.00  0.89  0.00
  SC1124                  1.00   0.00  0.00  0.00  0.95  0.05  0.00  0.00  0.91  0.00
  SC1125                  1.00   0.00  0.00  0.00  1.00  0.00  0.00  0.00  0.14  0.00
  SC1126                  1.00   0.00  0.00  0.00  0.98  0.02  0.00  0.00  0.90  0.00
  SC1127                  1.00   0.00  0.00  0.00  0.88  0.11  0.00  0.00  0.69  0.00
  SC1128                  1.00   0.00  0.00  0.00  1.00  0.00  0.00  0.00  0.00  0.00
  SC1129                  1.00   0.00  0.00  0.00  0.95  0.05  0.00  0.00  0.93  0.00
  SC1130                  1.00   0.00  0.00  0.00  1.00  0.00  0.00  0.00  0.14  0.00
  SC1131                  1.00   0.00  0.00  0.00  1.00  0.00  0.00  0.00  1.00  0.00
  SC1132                  1.00   0.00  0.00  0.00  1.00  0.00  0.00  0.00  0.00  0.00
  SC1133                  1.00   0.00  0.00  0.00  1.00  0.00  0.00  0.00  0.83  0.00
  SC1134                  1.00   0.00  0.00  0.00  1.00  0.00  0.00  0.00  0.77  0.00
  SC1135                  1.00   0.00  0.00  0.00  1.00  0.00  0.00  0.00  0.02  0.00
  SC1136                  1.00   0.00  0.00  0.00  1.00  0.00  0.00  0.00  0.00  0.00
  SC1137                  1.00   0.00  0.00  0.00  1.00  0.00  0.00  0.00  0.09  0.00
  SC1138                  1.00   0.00  0.00  0.00  1.00  0.00  0.00  0.00  0.92  0.00
  SC1139                  1.00   0.00  0.00  0.00  1.00  0.00  0.00  0.00  0.08  0.00
  SC1140                  1.00   0.00  0.00  0.00  0.97  0.03  0.00  0.00  0.94  0.00
  SC1141                  1.00   0.00  0.00  0.00  1.00  0.00  0.00  0.00  0.28  0.00
  SC1143                  1.00   0.00  0.00  0.00  1.00  0.00  0.00  0.00  0.00  0.00
  SC1144                  1.00   0.00  0.00  0.00  1.00  0.00  0.00  0.00  0.07  0.00
  SC1145                  1.00   0.00  0.00  0.00  1.00  0.00  0.00  0.00  0.00  0.00
  SC1146                  1.00   0.00  0.00  0.00  1.00  0.00  0.00  0.00  0.95  0.00
  SC1147                  1.00   0.00  0.00  0.00  0.95  0.05  0.00  0.00  0.94  0.00
  SC1148                  1.00   0.00  0.00  0.00  1.00  0.00  0.00  0.00  0.00  0.00
  SC1149                  1.00   0.00  0.00  0.00  0.97  0.03  0.00  0.00  0.97  0.00
  SC1150                  1.00   0.00  0.00  0.00  0.95  0.05  0.00  0.00  0.96  0.00
  SC1151                  1.00   0.00  0.00  0.00  1.00  0.00  0.00  0.00  0.00  0.00
  SC1152                  1.00   0.00  0.00  0.00  0.97  0.03  0.00  0.00  0.95  0.00
  SC1153                  1.00   0.00  0.00  0.00  1.00  0.00  0.00  0.00  0.81  0.00
  SC1154                  1.00   0.00  0.00  0.00  0.12  0.87  0.00  0.00  1.00  0.00
  SC1155                  1.00   0.00  0.00  0.00  0.97  0.03  0.00  0.00  0.95  0.00
  SC1156                  1.00   0.00  0.00  0.00  1.00  0.00  0.00  0.00  0.32  0.00
  SC1157                  1.00   0.00  0.00  0.00  0.99  0.01  0.00  0.00  0.97  0.00
  SC1158                  1.00   0.00  0.00  0.00  1.00  0.00  0.00  0.00  0.00  0.00
  SC1159                  1.00   0.00  0.00  0.00  1.00  0.00  0.00  0.00  0.00  0.00
  SC1160                  1.00   0.00  0.00  0.00  1.00  0.00  0.00  0.00  0.92  0.00
  SC1161                  1.00   0.00  0.00  0.00  1.00  0.00  0.00  0.00  0.00  0.00
  SC1162                  1.00   0.00  0.00  0.00  1.00  0.00  0.00  0.00  1.00  0.00
  SC1163                  1.00   0.00  0.00  0.00  1.00  0.00  0.00  0.00  0.94  0.00
  SC1164                  1.00   0.00  0.00  0.00  1.00  0.00  0.00  0.00  0.51  0.00
  SC1165                  1.00   0.00  0.00  0.00  1.00  0.00  0.00  0.00  0.01  0.00
  SC1166                  1.00   0.00  0.00  0.00  0.96  0.04  0.00  0.00  0.92  0.00
  SC1167                  1.00   0.00  0.00  0.00  0.97  0.03  0.00  0.00  0.97  0.00
  SC1168                  1.00   0.00  0.00  0.00  0.96  0.04  0.00  0.00  0.94  0.00
  SC1169                  1.00   0.00  0.00  0.00  0.95  0.05  0.00  0.00  0.95  0.00
  SC1170                  1.00   0.00  0.00  0.00  0.96  0.04  0.00  0.00  0.95  0.00
  SC1171                  1.00   0.00  0.00  0.00  1.00  0.00  0.00  0.00  0.01  0.00
  SC1172                  1.00   0.00  0.00  0.00  1.00  0.00  0.00  0.00  0.00  0.00
  SC1173                  1.00   0.00  0.00  0.00  1.00  0.00  0.00  0.00  0.00  0.00
  SC1174                  1.00   0.00  0.00  0.00  0.97  0.03  0.00  0.00  0.97  0.00
  SC1175                  1.00   0.00  0.00  0.00  1.00  0.00  0.00  0.00  0.00  0.00
  SC1176                  1.00   0.00  0.00  0.00  1.00  0.00  0.00  0.00  0.00  0.00
  SC1177                  1.00   0.00  0.00  0.00  1.00  0.00  0.00  0.00  0.00  0.00
  SC1178                  1.00   0.00  0.00  0.00  0.97  0.03  0.00  0.00  0.93  0.00
  SC1179                  1.00   0.00  0.00  0.00  1.00  0.00  0.00  0.00  0.76  0.00
  SC1180                  1.00   0.00  0.00  0.00  1.00  0.00  0.00  0.00  0.06  0.00
  SC1181                  1.00   0.00  0.00  0.00  1.00  0.00  0.00  0.00  0.89  0.00
  SC1182                  1.00   0.00  0.00  0.00  1.00  0.00  0.00  0.00  0.00  0.00
  SC1183                  1.00   0.00  0.00  0.00  0.99  0.01  0.00  0.00  0.96  0.00
  SC1184                  1.00   0.00  0.00  0.00  1.00  0.00  0.00  0.00  1.00  0.00
  SC1185                  1.00   0.00  0.00  0.00  1.00  0.00  0.00  0.00  0.19  0.00
  SC1186                  1.00   0.00  0.00  0.00  1.00  0.00  0.00  0.00  0.00  0.00
  SC1187                  1.00   0.00  0.00  0.00  0.95  0.05  0.00  0.00  0.94  0.00
  SC1188                  1.00   0.00  0.00  0.00  1.00  0.00  0.00  0.00  0.89  0.00
  SC1189                  1.00   0.00  0.00  0.00  1.00  0.00  0.00  0.00  0.00  0.00
  SC1190                  1.00   0.00  0.00  0.00  1.00  0.00  0.00  0.00  0.04  0.00
  SC1191                  1.00   0.00  0.00  0.00  1.00  0.00  0.00  0.00  0.00  0.00
  SC1192                  1.00   0.00  0.00  0.00  1.00  0.00  0.00  0.00  0.94  0.00
  SC1193                  1.00   0.00  0.00  0.00  1.00  0.00  0.00  0.00  0.04  0.00
  SC1194                  1.00   0.00  0.00  0.00  1.00  0.00  0.00  0.00  0.94  0.00
  SC1195                  1.00   0.00  0.00  0.00  1.00  0.00  0.00  0.00  0.87  0.00
  SC1196                  1.00   0.00  0.00  0.00  1.00  0.00  0.00  0.00  0.00  0.00
  SC1197                  1.00   0.00  0.00  0.00  1.00  0.00  0.00  0.00  0.98  0.00
  SC1198                  1.00   0.00  0.00  0.00  1.00  0.00  0.00  0.00  1.00  0.00
  SC1199                  1.00   0.00  0.00  0.00  1.00  0.00  0.00  0.00  0.00  0.00
  SC1200                  1.00   0.00  0.00  0.00  1.00  0.00  0.00  0.00  0.97  0.00
  SC1201                  1.00   0.00  0.00  0.00  1.00  0.00  0.00  0.00  0.38  0.00
  SC1202                  1.00   0.00  0.00  0.00  1.00  0.00  0.00  0.00  1.00  0.00
  SC1203                  1.00   0.00  0.00  0.00  1.00  0.00  0.00  0.00  0.99  0.00
  SC1204                  1.00   0.00  0.00  0.00  1.00  0.00  0.00  0.00  0.00  0.00
  SC1205                  1.00   0.00  0.00  0.00  1.00  0.00  0.00  0.00  0.85  0.00
  SC1206                  1.00   0.00  0.00  0.00  1.00  0.00  0.00  0.00  0.87  0.00
  SC1207                  1.00   0.00  0.00  0.00  1.00  0.00  0.00  0.00  0.14  0.00
  SC1209                  1.00   0.00  0.00  0.00  1.00  0.00  0.00  0.00  0.93  0.00
  SC1210                  1.00   0.00  0.00  0.00  1.00  0.00  0.00  0.00  0.00  0.00
  SC1211                  1.00   0.00  0.00  0.00  0.98  0.02  0.00  0.00  0.96  0.00
  SC1212                  1.00   0.00  0.00  0.00  1.00  0.00  0.00  0.00  1.00  0.00
  SC1213                  1.00   0.00  0.00  0.00  1.00  0.00  0.00  0.00  0.06  0.00
  SC1214                  1.00   0.00  0.00  0.00  1.00  0.00  0.00  0.00  0.00  0.00
  SC1215                  1.00   0.00  0.00  0.00  1.00  0.00  0.00  0.00  1.00  0.00
  SC1216                  1.00   0.00  0.00  0.00  0.98  0.02  0.00  0.00  0.98  0.00
  SC1217                  1.00   0.00  0.00  0.00  1.00  0.00  0.00  0.00  0.00  0.00
  SC1218                  1.00   0.00  0.00  0.00  1.00  0.00  0.00  0.00  0.01  0.00
  SC1219                  1.00   0.00  0.00  0.00  1.00  0.00  0.00  0.00  0.02  0.00
  SC1220                  1.00   0.00  0.00  0.00  0.99  0.01  0.00  0.00  0.95  0.00
  SC1221                  1.00   0.00  0.00  0.00  1.00  0.00  0.00  0.00  0.90  0.00
  SC1222                  1.00   0.00  0.00  0.00  1.00  0.00  0.00  0.00  0.68  0.00
  SC1223                  1.00   0.00  0.00  0.00  1.00  0.00  0.00  0.00  0.93  0.00
  SC1224                  1.00   0.00  0.00  0.00  1.00  0.00  0.00  0.00  0.00  0.00
  SC1225                  1.00   0.00  0.00  0.00  1.00  0.00  0.00  0.00  0.03  0.00
  SC1226                  1.00   0.00  0.00  0.00  1.00  0.00  0.00  0.00  0.00  0.00
  SC1227                  1.00   0.00  0.00  0.00  1.00  0.00  0.00  0.00  0.73  0.00
  SC1228                  1.00   0.00  0.00  0.00  0.98  0.02  0.00  0.00  0.96  0.00
  SC1229                  1.00   0.00  0.00  0.00  1.00  0.00  0.00  0.00  0.15  0.00
  SC1230                  1.00   0.00  0.00  0.00  1.00  0.00  0.00  0.00  0.00  0.00
  SC1231                  1.00   0.00  0.00  0.00  1.00  0.00  0.00  0.00  0.97  0.00
  SC1232                  1.00   0.00  0.00  0.00  1.00  0.00  0.00  0.00  0.21  0.00
  SC1233                  1.00   0.00  0.00  0.00  0.97  0.03  0.00  0.00  0.90  0.00
  SC1234                  1.00   0.00  0.00  0.00  1.00  0.00  0.00  0.00  0.91  0.00
  SC1235                  1.00   0.00  0.00  0.00  1.00  0.00  0.00  0.00  0.89  0.00
  SC1236                  1.00   0.00  0.00  0.00  1.00  0.00  0.00  0.00  0.01  0.00
  SC1237                  1.00   0.00  0.00  0.00  1.00  0.00  0.00  0.00  0.41  0.00
  SC1238                  1.00   0.01  0.00  0.00  0.98  0.00  0.00  0.00  0.00  0.00
  
  
  *************************
  Conduit Surcharge Summary
  *************************
  
  ----------------------------------------------------------------------------
                                                           Hours        Hours 
                         --------- Hours Full --------   Above Full   Capacity
  Conduit                Both Ends  Upstream  Dnstream   Normal Flow   Limited
  ----------------------------------------------------------------------------
  SC0032                      1.66      1.66      2.44      0.01         0.01
  SC0050                      0.25      0.25      0.88      0.01         0.01
  SC0075                      1.55      1.55      1.81      0.01         0.01
  SC0076                      1.81      1.81      2.28      0.01         0.01
  SC0097                      0.01      0.01      0.11      0.01         0.01
  SC0098                      0.11      0.11      0.91      0.01         0.01
  SC0138                      2.79      2.79      3.31      0.01         0.01
  SC0139                      1.03      1.11      1.03      2.88         1.07
  SC0276                      2.08      2.08      3.00      0.01         0.01
  SC0293                      1.11      1.12      1.11      2.75         1.11
  SC0358                      1.00      1.03      1.00      2.70         1.02
  SC0359                      0.96      1.00      0.96      2.33         0.98
  SC0378                      2.00      2.00      2.87      0.01         0.01
  SC0388                      0.01      0.01      2.79      0.01         0.01
  SC0394                      0.01      0.01      3.64      0.01         0.01
  SC0395                      0.01      0.01      0.01      2.86         0.01
  SC0427                      0.01      0.01      0.01      0.01         0.01
  SC0467                      0.01      0.01      1.28      0.01         0.01
  SC0468                      1.28      1.28      1.96      0.01         0.01
  SC0519                      1.66      1.66      2.79      0.01         0.01
  SC0562                      0.01      0.01      2.15      0.01         0.01
  SC0583                      0.22      0.22      1.26      0.01         0.01
  SC0584                      1.26      1.26      1.81      0.01         0.01
  SC0593                      2.28      2.28      2.84      0.01         0.01
  SC0594                      0.59      0.79      0.59      2.09         0.72
  SC0595                      2.46      2.46      2.76      0.01         0.01
  SC0596                      0.79      0.96      0.79      1.87         0.90
  SC0607                      0.01      0.01      0.56      0.01         0.01
  SC0628                      1.40      1.40      2.47      0.01         0.01
  SC0629                      2.47      2.47      2.68      0.01         0.01
  SC0662                      0.74      0.74      1.28      0.01         0.01
  SC0711                      0.01      0.01      0.60      0.01         0.01
  SC0738                      0.01      0.01      0.01      0.03         0.01
  SC0739                      0.56      0.56      1.34      0.01         0.01
  SC0761                      0.62      0.62      3.40      0.01         0.01
  SC0869                      0.01      0.01      0.65      0.01         0.01
  SC0870                      0.65      0.65      2.08      0.01         0.01
  SC0873                      0.01      0.01      0.22      0.01         0.01
  SC0915                      0.01      0.01      0.22      0.01         0.01
  SC0937                      3.85      3.85      3.95      0.01         0.01
  SC0944                      1.87      1.87      2.51      0.01         0.01
  SC0945                      2.51      2.51      2.76      0.01         0.01
  SC0986                      2.57      2.59      2.65      0.03         0.41
  SC0987                      1.96      1.96      2.46      0.01         0.01
  SC1030                      0.51      0.51      0.83      0.01         0.01
  SC1093                      1.08      1.08      1.26      0.01         0.01
  SC1120                      0.68      0.68      0.87      0.01         0.01
  SC1128                      3.31      3.31      3.45      0.01         0.01
  SC1156                      0.01      0.01      0.65      0.01         0.01
  SC1217                      2.83      2.83      2.99      0.01         0.01
  SC1219                      0.01      0.01      0.47      0.01         0.01
  
  
  ***************
  Pumping Summary
  ***************
  
  ---------------------------------------------------------------------------------------------------------
                                                  Min       Avg       Max     Total     Power    % Time Off
                        Percent   Number of      Flow      Flow      Flow    Volume     Usage    Pump Curve
  Pump                 Utilized   Start-Ups       CMS       CMS       CMS  10^6 ltr     Kw-hr    Low   High
  ---------------------------------------------------------------------------------------------------------
  PU001                   26.60           1      0.00      0.00      0.00     0.021      0.04    0.0    0.0
  PU002                    0.00           0      0.00      0.00      0.00     0.000      0.00    0.0    0.0
  PU003                   41.83          13      0.00      0.05      0.10     0.458      3.95    0.0    0.0
  PU004                   14.69           1      0.00      0.00      0.00     0.003      0.01    0.0    0.0
  PU005                   19.38           1      0.00      0.01      0.01     0.024      0.22    0.0    0.0
  PU006                   39.55          13      0.00      0.05      0.10     0.454      1.81    0.0    0.0
  PU007                   48.52           1      0.00      0.02      0.03     0.189      0.57    0.0    0.0
  PU008                   48.43           1      0.00      0.02      0.04     0.223      0.77    0.0    0.0
  PU009                    0.00           0      0.00      0.00      0.00     0.000      0.00    0.0    0.0
  PU010                    0.00           0      0.00      0.00      0.00     0.000      0.00    0.0    0.0
  PU011                    0.00           0      0.00      0.00      0.00     0.000      0.00    0.0    0.0
  PU012                    0.00           0      0.00      0.00      0.00     0.000      0.00    0.0    0.0
  PU013                    0.00           0      0.00      0.00      0.00     0.000      0.00    0.0    0.0
  PU014                    0.00           0      0.00      0.00      0.00     0.000      0.00    0.0    0.0
  PU015                    0.00           0      0.00      0.00      0.00     0.000      0.00    0.0    0.0
  PU016                    0.00           0      0.00      0.00      0.00     0.000      0.00    0.0    0.0
  PU017                   40.47          13      0.00      0.05      0.10     0.456      2.30    0.0    0.0
  PU018                    0.00           0      0.00      0.00      0.00     0.000      0.00    0.0    0.0
  PU019                   39.13           1      0.00      0.01      0.02     0.087      0.15    0.0    0.0
  PU020                    0.00           0      0.00      0.00      0.00     0.000      0.00    0.0    0.0
  PU021                    0.00           0      0.00      0.00      0.00     0.000      0.00    0.0    0.0
  PU022                   49.11           1      0.00      0.02      0.02     0.164      1.53    0.0    0.0
  PU023                    0.00           0      0.00      0.00      0.00     0.000      0.00    0.0    0.0
  PU024                    0.00           0      0.00      0.00      0.00     0.000      0.00    0.0    0.0
  PU025                    0.00           0      0.00      0.00      0.00     0.000      0.00    0.0    0.0
  

  Analysis begun on:  Sun Aug  9 16:55:52 2026
  Analysis ended on:  Sun Aug  9 16:55:58 2026
  Total elapsed time: 00:00:06