source_id,edge_id,edge_kind,length_km,peak_inflow_kw,geometry_json,original_road_segments,building_id
H1,road::00151,road,0.05365655164570679,27.259729824957933,"[[10.2132017,50.0476039],[10.2135671,50.0475854],[10.2137792,50.0475746],[10.2138604,50.0475705],[10.2139493,50.047566]]",4,
H1,road::00192,road,0.11572422420460211,55.626050059192565,"[[10.2139493,50.047566],[10.2141921,50.0475537],[10.2144625,50.04754],[10.2144855,50.0475388],[10.214992,50.0475131],[10.215175,50.0475038],[10.2152056,50.0477526]]",6,
H1,road::00263,road,0.020725828555231696,82.5951082061042,"[[10.2152056,50.0477526],[10.215215,50.0478292],[10.2152285,50.0479384]]",2,
H1,road::00264,road,0.01846822601653314,26.514625446560526,"[[10.2152056,50.0477526],[10.2154632,50.0477421]]",1,
H1,road::00268,road,0.06617721448871022,84.04614576269093,"[[10.2152285,50.0479384],[10.2154517,50.0479289],[10.2161514,50.0478992]]",2,
H1,road::00302,road,0.06434619101825015,56.94227637114551,"[[10.2159059,50.0458611],[10.215927,50.0459767],[10.2159703,50.0462146],[10.2160158,50.0464354]]",3,
H1,road::00303,road,0.05816617547280613,58.21700629835389,"[[10.2159059,50.0458611],[10.2160038,50.0458689],[10.2160728,50.0458646],[10.2165732,50.0458211],[10.2166154,50.0458174],[10.2167121,50.0458097]]",5,
H1,road::00307,road,0.020809122287446767,55.532145134473026,"[[10.2160158,50.0464354],[10.2163049,50.046415]]",1,
H1,road::00321,road,0.0321208918489278,84.75045572400869,"[[10.2161514,50.0478992],[10.2161661,50.0479948],[10.2161932,50.0481868]]",2,
H1,road::00325,road,0.07824329688666133,191.42165283028172,"[[10.2161932,50.0481868],[10.2162652,50.0488889]]",1,
H1,road::00328,road,0.0380504866101146,270.62661430721244,"[[10.2162652,50.0488889],[10.216797,50.04889]]",1,
H1,road::00332,road,0.0883690158311245,55.076131003502034,"[[10.2163049,50.046415],[10.2163645,50.0469195],[10.2163985,50.0472074]]",2,
H1,road::00335,road,0.005986882151973126,26.465510894048506,"[[10.2163985,50.0472074],[10.2164088,50.047236],[10.2164326,50.0472551]]",2,
H1,road::00340,road,0.09177283698443524,60.22831698020426,"[[10.2167121,50.0458097],[10.2167319,50.0459137],[10.2167568,50.0460448],[10.2170483,50.0460292],[10.216947,50.0457901],[10.2167121,50.0458097]]",5,
H1,road::00344,road,0.02579418008669429,297.2687105968243,"[[10.216797,50.04889],[10.2171575,50.0488913]]",1,
H1,road::00377,road,0.06334841624558181,298.66363378712936,"[[10.2171575,50.0488913],[10.2180428,50.048884]]",1,
H1,road::00430,road,0.043138136227102386,567.9651499332695,"[[10.2176904,50.0505803],[10.2176974,50.0505189],[10.21771,50.0504091],[10.2177236,50.0503583],[10.2177343,50.0502931],[10.2177491,50.0501944]]",5,
H1,road::00431,road,0.07152794859700828,567.0102031147154,"[[10.2176904,50.0505803],[10.2178058,50.0505882],[10.2180544,50.0506052],[10.2182736,50.0506201],[10.2186828,50.0506571]]",4,
H1,road::00440,road,0.09502913411463389,570.0688921660536,"[[10.2177491,50.0501944],[10.2179408,50.0501254],[10.2181927,50.0500341],[10.2184284,50.0499437],[10.218508,50.0499084],[10.2185672,50.0498553],[10.2185892,50.0498122],[10.2185944,50.0497706],[10.2185843,50.0496771],[10.2185802,50.0496349]]",9,
H1,road::00442,road,0.019626177601061248,78.6131128821976,"[[10.2177753,50.0496483],[10.2180496,50.0496485]]",1,
H1,road::00465,road,0.08501384806542177,300.5356959290989,"[[10.2180428,50.048884],[10.2180491,50.0495811],[10.2180494,50.0495985],[10.2180496,50.0496485]]",3,
H1,road::00467,road,0.03799878997819792,432.0622571157841,"[[10.2180496,50.0496485],[10.2182508,50.0496455],[10.2184308,50.0496407],[10.2185802,50.0496349]]",3,
H1,road::00523,road,0.04800919473685773,1003.2030118134418,"[[10.2185802,50.0496349],[10.2187405,50.0496243],[10.2189524,50.0496107],[10.2192468,50.049586]]",3,
H1,road::00536,road,0.03558150419764331,396.7814600730401,"[[10.2186828,50.0506571],[10.2191695,50.0507228]]",1,
H1,road::00589,road,0.0335278597099157,58.413838608369765,"[[10.2191695,50.0507228],[10.2196221,50.0508009]]",1,
H1,road::00594,road,0.014012638814070577,78.59958751368272,"[[10.2192468,50.049586],[10.2193051,50.0497063]]",1,
H1,road::00595,road,0.03567666116292463,1082.600354966495,"[[10.2192468,50.049586],[10.2193756,50.0495656],[10.2194881,50.0495478],[10.2196535,50.049514],[10.2197255,50.0494972]]",4,
H1,road::00598,road,0.0038283180444591463,26.012483880220802,"[[10.2192879,50.0497389],[10.2193051,50.0497063]]",1,
H1,road::00602,road,0.0041018304363920535,52.27988808648005,"[[10.2193051,50.0497063],[10.219351,50.0497284]]",1,
H1,road::00608,road,0.018984603635665617,26.268422620961275,"[[10.219351,50.0497284],[10.2194149,50.0498941]]",1,
H1,road::00638,road,0.06555470953775708,1.435033494812682,"[[10.2196221,50.0508009],[10.2198722,50.0508494],[10.2201871,50.0509167],[10.2204878,50.0509929]]",3,
H1,road::00643,road,0.00863141379576664,51.96121221744826,"[[10.2196451,50.049893],[10.2196615,50.0498161]]",1,
H1,road::00646,road,0.009462217611188319,104.14087860502427,"[[10.2196615,50.0498161],[10.2196795,50.0497318]]",1,
H1,road::00649,road,0.04948078554212592,131.75399265482667,"[[10.2196684,50.0421639],[10.2201909,50.0424554]]",1,
H1,road::00650,road,0.02629455399240279,130.5626840292139,"[[10.2196795,50.0497318],[10.2196871,50.0496959],[10.2197255,50.0494972]]",2,
H1,road::00651,road,0.07436289509539212,27.537847569631015,"[[10.2196834,50.0501948],[10.2200662,50.0497209],[10.2202134,50.0496252]]",2,
H1,road::00660,road,0.023143919614988462,1213.6818726479387,"[[10.2197255,50.0494972],[10.2199099,50.049454],[10.2200268,50.0494217]]",2,
H1,road::00670,road,0.08328171655627246,160.59498475317037,"[[10.2198195,50.0486974],[10.2208715,50.0483769]]",1,
H1,road::00676,road,0.02501238518415849,26.563743645416835,"[[10.2199291,50.0502338],[10.2200995,50.0500374]]",1,
H1,road::00689,road,0.0262742466142478,82.15907519942357,"[[10.2200268,50.0494217],[10.2200809,50.0494807],[10.2202134,50.0496252]]",2,
H1,road::00690,road,0.030454359946100126,1296.5247617914383,"[[10.2200268,50.0494217],[10.2201435,50.0493821],[10.2203635,50.0492569]]",2,
H1,road::00697,road,0.03719952684271439,53.431988073997665,"[[10.2200995,50.0500374],[10.2202135,50.0500396],[10.2202584,50.0500249],[10.2202953,50.0499883],[10.2203933,50.0498805],[10.2204423,50.0498292]]",5,
H1,road::00702,road,0.01937947013981173,26.528133371727733,"[[10.2201762,50.0476605],[10.2204461,50.0476459]]",1,
H1,road::00705,road,0.010157097426261278,158.20470989927264,"[[10.2201909,50.0424554],[10.2202978,50.0425155]]",1,
H1,road::00710,road,0.027980821931451735,54.045145782641114,"[[10.2202134,50.0496252],[10.2203168,50.0497197],[10.220377,50.0497722],[10.2204423,50.0498292]]",3,
H1,road::00713,road,0.03701227708182271,159.01746770286093,"[[10.2202978,50.0425155],[10.2206361,50.0422637]]",1,
H1,road::00714,road,0.026228155967667914,52.43342726290158,"[[10.2203076,50.0480275],[10.2206665,50.0479795]]",1,
H1,road::00719,road,0.016710012945416578,1375.3058318672286,"[[10.2203635,50.0492569],[10.220536,50.0491556]]",1,
H1,road::00720,road,0.02208141758917424,52.338054587346456,"[[10.2203635,50.0492569],[10.2204728,50.0493186],[10.2205015,50.049337],[10.2205883,50.0493928]]",3,
H1,road::00727,road,0.013448664577948972,79.11793033731838,"[[10.2204461,50.0476459],[10.2206337,50.0476384]]",1,
H1,road::00728,road,0.008874321294986649,110.6459784511761,"[[10.2204498,50.0408169],[10.2205506,50.0408634]]",1,
H1,road::00737,road,0.0736695897787161,1587.112308435333,"[[10.220536,50.0491556],[10.2212938,50.0487071]]",1,
H1,road::00738,road,0.0041789391486891795,163.22012050665464,"[[10.2205506,50.0408634],[10.2205802,50.0408653],[10.2206053,50.0408564]]",2,
H1,road::00747,road,0.02250974198120795,189.95503409593206,"[[10.2206053,50.0408564],[10.2208082,50.0407017]]",1,
H1,road::00752,road,0.010393805955830494,689.2843669695783,"[[10.2206337,50.0476384],[10.2206393,50.0477318]]",1,
H1,road::00753,road,0.022280247974108415,609.9358011874823,"[[10.2206337,50.0476384],[10.2209443,50.0476241]]",1,
H1,road::00754,road,0.04446019170406696,211.98456684202128,"[[10.2206361,50.0422637],[10.2210426,50.0419613]]",1,
H1,road::00756,road,0.027622199121881547,741.9396542718248,"[[10.2206393,50.0477318],[10.2206551,50.0479157],[10.2206665,50.0479795]]",2,
H1,road::00763,road,0.016685083895472776,846.8014854129872,"[[10.2206665,50.0479795],[10.220714,50.0481264]]",1,
H1,road::00766,road,0.010805090420268696,899.0399556352254,"[[10.220714,50.0481264],[10.2207612,50.0482187]]",1,
H1,road::00768,road,0.010580206630124558,925.3515052399374,"[[10.2207612,50.0482187],[10.2208178,50.0483066]]",1,
H1,road::00769,road,0.008963885647945527,300.53680985401155,"[[10.2208082,50.0407017],[10.2209278,50.0407257]]",1,
H1,road::00771,road,0.008710561817170276,1030.9204049787502,"[[10.2208178,50.0483066],[10.2208715,50.0483769]]",1,
H1,road::00774,road,0.006516460074047215,1217.7375054777347,"[[10.2208715,50.0483769],[10.220919,50.0484269]]",1,
H1,road::00777,road,0.008765172777030959,1323.1216970508522,"[[10.220919,50.0484269],[10.220992,50.0484902]]",1,
H1,road::00779,road,0.023839013046595164,353.9989143767659,"[[10.2209278,50.0407257],[10.2209517,50.0406913],[10.2210456,50.0406336],[10.2211413,50.0405637]]",3,
H1,road::00780,road,0.03147718979540446,52.93659925660016,"[[10.2209278,50.0407257],[10.2209003,50.0407651],[10.2208986,50.0407908],[10.2209187,50.0408152],[10.2209863,50.0408583],[10.2210235,50.0408701],[10.2210577,50.0408723],[10.2211102,50.0408729],[10.2211751,50.0408819]]",8,
H1,road::00781,road,0.04041092226031651,80.70189437089103,"[[10.2209443,50.0476241],[10.2209379,50.0475169],[10.220943,50.0474858],[10.2209554,50.0474546],[10.2209993,50.0474052],[10.2210483,50.0473574],[10.2211273,50.0472976]]",6,
H1,road::00782,road,0.022694523826363073,502.6268110315994,"[[10.2209443,50.0476241],[10.2212614,50.0476194]]",1,
H1,road::00784,road,0.009969223900551334,1402.1258234027762,"[[10.220992,50.0484902],[10.2210828,50.0485582]]",1,
H1,road::00787,road,0.05073329380241096,239.20030700227807,"[[10.2210426,50.0419613],[10.2215325,50.0422258],[10.2215738,50.0422618]]",2,
H1,road::00790,road,0.0224070900762534,1507.3463434414389,"[[10.2210828,50.0485582],[10.2212938,50.0487071]]",1,
H1,road::00794,road,0.030959607655017398,79.81588129633913,"[[10.2211273,50.0472976],[10.2214024,50.0470827]]",1,
H1,road::00795,road,0.04296979955727968,433.104048663333,"[[10.2211413,50.0405637],[10.2215928,50.0408185]]",1,
H1,road::00804,road,0.01363765342320184,26.34548631685328,"[[10.2211751,50.0408819],[10.2212195,50.0409199],[10.221246,50.040965],[10.2212493,50.0409918]]",3,
H1,road::00805,road,0.06189637749820161,106.84060193859368,"[[10.2211804,50.0413186],[10.2216088,50.0410017],[10.2217481,50.0408986]]",2,
H1,road::00808,road,0.01963235455531269,1004.2412699889936,"[[10.2212564,50.0589066],[10.2213005,50.0589264],[10.2213754,50.0589548],[10.2214357,50.0589725],[10.2214975,50.0589898]]",4,
H1,road::00809,road,0.1261942523713906,1007.0589187519893,"[[10.2212564,50.0589066],[10.2214261,50.0587437],[10.2215291,50.0586384],[10.2219901,50.0581715],[10.2221239,50.0580369],[10.2222088,50.0579515]]",5,
H1,road::00810,road,0.027225871219437973,110.86344964953649,"[[10.2212572,50.0606068],[10.2214515,50.0606084],[10.2215038,50.0605466],[10.2215406,50.0605032]]",3,
H1,road::00811,road,0.024394623358447807,476.0092095525192,"[[10.2212614,50.0476194],[10.2216022,50.047613]]",1,
H1,road::00812,road,0.02502589238101113,3200.518979429913,"[[10.2212938,50.0487071],[10.2215465,50.0485515]]",1,
H1,road::00820,road,0.03882264619535787,79.13710106424972,"[[10.2214024,50.0470827],[10.2216317,50.0472166],[10.2216553,50.047234],[10.2216615,50.0472497],[10.2216452,50.0472701],[10.2215606,50.0473388]]",5,
H1,road::00822,road,0.005135395113231584,82.85959066202739,"[[10.2214119,50.0494823],[10.2214662,50.0494521]]",1,
H1,road::00825,road,0.06953906493111985,333.2297199223821,"[[10.2214662,50.0494521],[10.2222184,50.0490561]]",1,
H1,road::00826,road,0.045345043537229304,221.61037792855822,"[[10.2214688,50.0599925],[10.2215012,50.0602231],[10.2215282,50.0602852],[10.2216726,50.0603473]]",3,
H1,road::00827,road,0.004462604241283327,1003.80294539591,"[[10.2214975,50.0589898],[10.2215564,50.059003]]",1,
H1,road::00834,road,0.019741837534613255,111.2965538150707,"[[10.2215406,50.0605032],[10.2215758,50.0604616],[10.2216726,50.0603473]]",2,
H1,road::00836,road,0.00794450438181332,3410.613548562544,"[[10.2215465,50.0485515],[10.2216192,50.0486055]]",1,
H1,road::00837,road,0.01949277207514982,183.84834433922,"[[10.2215465,50.0485515],[10.2217606,50.0484431]]",1,
H1,road::00840,road,0.08267024092096785,893.0414874785494,"[[10.2215564,50.059003],[10.2216176,50.0590133],[10.2217057,50.0590201],[10.2217706,50.0590189],[10.2218539,50.0590091],[10.2220938,50.0589698],[10.2222813,50.0589355],[10.2225326,50.0588966],[10.222683,50.058879]]",8,
H1,road::00841,road,0.0045278654004726835,52.27843085702648,"[[10.2215606,50.0473388],[10.2215519,50.0473449],[10.2215505,50.0473566],[10.2215579,50.0473661],[10.2215696,50.0473728]]",4,
H1,road::00842,road,0.007903135689345194,26.116796565224295,"[[10.2215696,50.0473728],[10.2216012,50.0473839],[10.2216187,50.0473849],[10.2216361,50.0473822],[10.2216615,50.0473839],[10.2216738,50.0473874]]",5,
H1,road::00843,road,0.005195345775972604,2839.564682472883,"[[10.2215738,50.0422618],[10.2216169,50.0422994]]",1,
H1,road::00844,road,0.04361078880787011,2600.244234955708,"[[10.2215738,50.0422618],[10.2219695,50.0419635]]",1,
H1,road::00846,road,0.014241032158345133,486.0434171406411,"[[10.2215928,50.0408185],[10.2217481,50.0408986]]",1,
H1,road::00848,road,0.044140909249028144,423.16049530289126,"[[10.2216022,50.047613],[10.2217389,50.0476147],[10.2219324,50.0476184],[10.2222183,50.0476314]]",3,
H1,road::00851,road,0.02291481081547937,2862.6263968277235,"[[10.2216169,50.0422994],[10.221861,50.0424328]]",1,
H1,road::00852,road,0.06594510549846613,3519.8691574908435,"[[10.2216192,50.0486055],[10.2222184,50.0490561]]",1,
H1,road::00853,road,0.014692400779850758,333.23067715952345,"[[10.2216726,50.0603473],[10.2217602,50.0602278]]",1,
H1,road::00856,road,0.04230554901252626,332.4417268830728,"[[10.2217146,50.0597059],[10.2217321,50.0599205],[10.221921,50.0600329]]",2,
H1,road::00858,road,0.018083272618623338,672.2859379096719,"[[10.2217481,50.0408986],[10.2219399,50.0410045]]",1,
H1,road::00861,road,0.024543780928148608,333.7715024120016,"[[10.2217602,50.0602278],[10.2219043,50.0600566],[10.221921,50.0600329]]",2,
H1,road::00872,road,0.011788694845578379,2937.7270424124426,"[[10.221861,50.0424328],[10.2219582,50.0425184]]",1,
H1,road::00876,road,0.014804005041425646,666.5415793478692,"[[10.221921,50.0600329],[10.2220165,50.0599148]]",1,
H1,road::00877,road,0.0698210581347397,752.4324734311176,"[[10.2219399,50.0410045],[10.2226963,50.0414012]]",1,
H1,road::00878,road,0.04560226644066388,221.85007047047256,"[[10.2219534,50.0594066],[10.2219711,50.0596256],[10.2219857,50.059692],[10.2220333,50.0597439],[10.222116,50.0597785]]",4,
H1,road::00879,road,0.03202866036893673,2987.341383340557,"[[10.2219582,50.0425184],[10.2223111,50.0426956]]",1,
H1,road::00880,road,0.007709820825809184,2572.808091675297,"[[10.2219695,50.0419635],[10.2220386,50.0419103]]",1,
H1,road::00887,road,0.0167485453930929,666.913061645872,"[[10.2220165,50.0599148],[10.222076,50.0598299],[10.222116,50.0597785]]",2,
H1,road::00889,road,0.01790631752902418,159.2812775800365,"[[10.2220386,50.0419103],[10.2222311,50.0420132]]",1,
H1,road::00890,road,0.029978622651958615,2387.2556490188917,"[[10.2220386,50.0419103],[10.2223074,50.0417035]]",1,
H1,road::00893,road,0.022678565380462166,889.2683346676396,"[[10.222116,50.0597785],[10.2222581,50.0595962]]",1,
H1,road::00899,road,0.013057187303514637,1007.35045957761,"[[10.2222088,50.0579515],[10.2223057,50.057852]]",1,
H1,road::00901,road,0.02091534312061245,369.8193460190462,"[[10.2222183,50.0476314],[10.2225085,50.047654]]",1,
H1,road::00902,road,0.004292819829162356,4007.622947939435,"[[10.2222184,50.0490561],[10.2222571,50.0490856]]",1,
H1,road::00904,road,0.01695265508901497,4145.409959390155,"[[10.2222571,50.0490856],[10.2224452,50.0489929]]",1,
H1,road::00905,road,0.02437106935470469,137.38536195418072,"[[10.2222571,50.0490856],[10.2224715,50.0492559]]",1,
H1,road::00906,road,0.03952018319030689,890.1487272376406,"[[10.2222581,50.0595962],[10.2224833,50.0593221],[10.2225144,50.0592814]]",2,
H1,road::00908,road,0.020207144339574407,1007.801648579364,"[[10.2223057,50.057852],[10.22246,50.0576998]]",1,
H1,road::00909,road,0.020880009645532323,2086.6805084362504,"[[10.2223074,50.0417035],[10.222493,50.0415586]]",1,
H1,road::00910,road,0.0245487514407049,247.26997245272673,"[[10.2223074,50.0417035],[10.2225723,50.0418438]]",1,
H1,road::00911,road,0.06394912900004066,3033.7699326689667,"[[10.2223111,50.0426956],[10.2230097,50.0430543]]",1,
H1,road::00913,road,0.01563556650613589,131.60410698287225,"[[10.2223244,50.0481067],[10.2224826,50.0480097]]",1,
H1,road::00914,road,0.019631917659956248,4256.267287264998,"[[10.2224452,50.0489929],[10.222679,50.0489005]]",1,
H1,road::00915,road,0.07048631620221585,1009.3755288273688,"[[10.22246,50.0576998],[10.2225079,50.0576522],[10.2228251,50.0573309],[10.2228521,50.0573038],[10.2229929,50.0571667]]",4,
H1,road::00917,road,0.018033269378930305,110.64082660068354,"[[10.2224715,50.0492559],[10.2226752,50.0491604]]",1,
H1,road::00922,road,0.031420054519249556,132.293698841162,"[[10.2224826,50.0480097],[10.2227998,50.0478143]]",1,
H1,road::00923,road,0.006669990923607057,181.7137462183111,"[[10.222493,50.0415586],[10.222565,50.0415967]]",1,
H1,road::00924,road,0.01953589069398684,1852.4187923284003,"[[10.222493,50.0415586],[10.2226666,50.041423]]",1,
H1,road::00925,road,0.028919228969113274,369.3581455667146,"[[10.2225085,50.047654],[10.2226593,50.0476701],[10.2229048,50.0477047]]",2,
H1,road::00926,road,0.04717803039666438,891.1997355099891,"[[10.2225144,50.0592814],[10.2225387,50.0592514],[10.222651,50.0590677],[10.2226856,50.0590029],[10.2226939,50.0589511],[10.222683,50.058879]]",5,
H1,road::00931,road,0.021311853687524814,71.33978203569978,"[[10.222565,50.0415967],[10.2227951,50.0417184]]",1,
H1,road::00932,road,0.007402718115863903,136.40493654973992,"[[10.2225723,50.0418438],[10.2226369,50.0417918]]",1,
H1,road::00935,road,0.0032237129918789875,1825.6624076389705,"[[10.2226666,50.041423],[10.2226963,50.0414012]]",1,
H1,road::00938,road,0.035344939276209936,4343.157679647535,"[[10.222679,50.0489005],[10.222979,50.0487985],[10.2231185,50.0487555]]",2,
H1,road::00940,road,0.04819672039905055,372.4521077941812,"[[10.2226963,50.0414012],[10.2231439,50.0410773]]",1,
H1,road::00941,road,0.08547871820231545,700.7047003593061,"[[10.2226963,50.0414012],[10.2236086,50.0418975]]",1,
H1,road::00943,road,0.0028269058448701723,158.6650431766067,"[[10.2227998,50.0478143],[10.2228277,50.0477963]]",1,
H1,road::00944,road,0.04477274037771385,27.06335717836247,"[[10.2228026,50.0475112],[10.222968,50.0473632],[10.2231384,50.0472312],[10.2231868,50.0471937]]",3,
H1,road::00945,road,0.03805518198926149,79.77806123426782,"[[10.2228116,50.0408932],[10.2230333,50.0408569],[10.2232657,50.0409821]]",2,
H1,road::00946,road,0.011594941292800582,185.0655523725537,"[[10.2228277,50.0477963],[10.222853,50.0477706],[10.2229048,50.0477047]]",2,
H1,road::00950,road,0.039555335237341276,163.06545016197973,"[[10.2228874,50.0407182],[10.2233058,50.0409507]]",1,
H1,road::00951,road,0.009533264990950552,183.6549069328766,"[[10.2229048,50.0477047],[10.2230344,50.0477246]]",1,
H1,road::00954,road,0.012865468598147608,45.4028857502014,"[[10.2229807,50.0428016],[10.2231202,50.0428746]]",1,
H1,road::00956,road,0.22202573758531804,1014.3335927328553,"[[10.2229929,50.0571667],[10.2231205,50.0570536],[10.2233439,50.0568569],[10.2236705,50.0565748],[10.2240881,50.0562481],[10.2246495,50.0558152],[10.2249336,50.0556102]]",6,
H1,road::00957,road,0.02050610749235933,364.5966680627731,"[[10.2230097,50.0430543],[10.2231975,50.042915]]",1,
H1,road::00958,road,0.04320979279690393,3399.376329279665,"[[10.2230097,50.0430543],[10.2234682,50.0433072]]",1,
H1,road::00961,road,0.020201900297341965,157.43059779742245,"[[10.2230344,50.0477246],[10.2233073,50.0477712]]",1,
H1,road::00962,road,0.01564994045159209,402.3909723459905,"[[10.2230479,50.0420944],[10.2231887,50.0419867]]",1,
H1,road::00965,road,0.03186387572387813,4369.95581697711,"[[10.2231185,50.0487555],[10.2232784,50.0487136],[10.2235401,50.0486643]]",2,
H1,road::00966,road,0.007125467782364132,68.19378778946731,"[[10.2231202,50.0428746],[10.2231975,50.042915]]",1,
H1,road::00967,road,0.016875397169163555,26.469210017312925,"[[10.2231413,50.0412761],[10.2232898,50.0411582]]",1,
H1,road::00968,road,0.013711894182550194,269.24442113436754,"[[10.2231439,50.0410773],[10.2232657,50.0409821]]",1,
H1,road::00969,road,0.013780609699504402,75.96611293988937,"[[10.2231439,50.0410773],[10.2232898,50.0411582]]",1,
H1,road::00973,road,0.038394265942677815,27.904273488967736,"[[10.2231868,50.0471937],[10.223345,50.0472827],[10.223586,50.0474244]]",2,
H1,road::00974,road,0.004956667380959939,424.9119197843661,"[[10.2231887,50.0419867],[10.2232541,50.041972]]",1,
H1,road::00975,road,0.05247028696731568,295.95075081617756,"[[10.2231975,50.042915],[10.2236781,50.0425586]]",1,
H1,road::00977,road,0.013952005354176338,470.1311571295275,"[[10.2232541,50.041972],[10.2234038,50.0420524]]",1,
H1,road::00978,road,0.004519278662943296,189.16460131962376,"[[10.2232657,50.0409821],[10.2233058,50.0409507]]",1,
H1,road::00979,road,0.009451130907618791,134.53626838629103,"[[10.2232786,50.0421469],[10.2233845,50.0421977]]",1,
H1,road::00980,road,0.013808450655899009,157.2073426345611,"[[10.2232786,50.0421469],[10.2234038,50.0420524]]",1,
H1,road::00981,road,0.016671386702995908,26.52636236291196,"[[10.2232884,50.0413554],[10.2234362,50.0412395]]",1,
H1,road::00982,road,0.013836750851483306,49.1947902018077,"[[10.2232898,50.0411582],[10.2234362,50.0412395]]",1,
H1,road::00984,road,0.029473042764906046,104.79891441745805,"[[10.2233073,50.0477712],[10.223656,50.0478412],[10.2237004,50.0478504]]",2,
H1,road::00985,road,0.007296830034717307,159.459826138323,"[[10.2233092,50.0424039],[10.2233887,50.042445]]",1,
H1,road::00989,road,0.007296830035375587,22.547743946767824,"[[10.2233379,50.042381],[10.2234174,50.0424221]]",1,
H1,road::00991,road,0.003271293479965311,204.64446245890036,"[[10.2233887,50.042445],[10.2234174,50.0424221]]",1,
H1,road::00992,road,0.022614592520761218,650.1719678432105,"[[10.2234038,50.0420524],[10.2236086,50.0418975]]",1,
H1,road::00993,road,0.0024922208941446267,271.9888663658781,"[[10.2234174,50.0424221],[10.2234446,50.0424361]]",1,
H1,road::00998,road,0.021556446055348476,294.79542439011027,"[[10.2234446,50.0424361],[10.223584,50.0425093],[10.2236781,50.0425586]]",2,
H1,road::01003,road,0.01904373804145978,26.861055293829814,"[[10.2234677,50.0483013],[10.2235319,50.0481351]]",1,
H1,road::01004,road,0.019478890289771827,3399.831516794246,"[[10.2234682,50.0433072],[10.2236749,50.0434212]]",1,
H1,road::01007,road,0.033884746243947356,53.714987178128524,"[[10.2235319,50.0481351],[10.2236642,50.0479196],[10.2237004,50.0478504]]",2,
H1,road::01008,road,0.03367948745993468,4396.7822813895,"[[10.2235401,50.0486643],[10.2238152,50.0486192],[10.2239997,50.0486003]]",2,
H1,road::01009,road,0.03432035699442512,26.7694061755918,"[[10.2235416,50.0495104],[10.2238163,50.049472],[10.2240127,50.0494532]]",2,
H1,road::01010,road,0.0729684451987813,49.56724724268862,"[[10.223586,50.0474244],[10.223855,50.0476036],[10.224079,50.0477687],[10.2241791,50.047861],[10.2242375,50.0479263]]",4,
H1,road::01018,road,0.05669350828153309,3401.156377342783,"[[10.2236749,50.0434212],[10.2242765,50.043753]]",1,
H1,road::01023,road,0.03971225252951969,50.43741934779874,"[[10.2237004,50.0478504],[10.224023,50.0479176],[10.2241473,50.0479293],[10.2242375,50.0479263]]",3,
H1,road::01031,road,0.05159540033885616,4398.61639440269,"[[10.2239526,50.0492922],[10.2239568,50.0490541],[10.2239705,50.0488284]]",2,
H1,road::01032,road,0.01849143449468298,4399.056540651454,"[[10.2239526,50.0492922],[10.2239646,50.0493564],[10.2240127,50.0494532]]",2,
H1,road::01033,road,0.025460589162972704,4397.388293936341,"[[10.2239705,50.0488284],[10.223979,50.0487231],[10.2239997,50.0486003]]",2,
H1,road::01037,road,0.051434604756452486,4427.050855855231,"[[10.2240127,50.0494532],[10.2247303,50.0494258]]",1,
H1,road::01051,road,0.08741022796755923,3403.1991291071977,"[[10.2242765,50.043753],[10.2252064,50.0442628]]",1,
H1,road::01076,road,0.21076062988268562,39201.729685684564,"[[10.2246029,50.0331756],[10.2240025,50.0324963],[10.2241175,50.0324543],[10.2242241,50.0324165],[10.2248366,50.0330817],[10.2246029,50.0331756]]",5,
H1,road::01077,road,0.08114157101217091,39204.88903707996,"[[10.2246029,50.0331756],[10.2248918,50.0335025],[10.2249897,50.0336132],[10.2251635,50.0338099]]",3,
H1,road::01083,road,0.05629388408026111,4429.789132384759,"[[10.2247216,50.0488981],[10.2246807,50.0488741],[10.2246442,50.0488611],[10.2245993,50.0488357],[10.2245795,50.0488068],[10.2245723,50.0487803],[10.2245813,50.0487525],[10.2246065,50.0487329],[10.224646,50.0487208],[10.2246991,50.0487156],[10.2247477,50.048726],[10.2247801,50.0487468],[10.2247962,50.0487733],[10.2248034,50.0488011],[10.2247738,50.0488357],[10.224736,50.0488692],[10.2247216,50.0488981]]",16,
H1,road::01084,road,0.05868354385533265,4428.448433170624,"[[10.2247216,50.0488981],[10.2247286,50.0493171],[10.2247303,50.0494258]]",2,
H1,road::01093,road,0.09885914440874669,39241.6616054782,"[[10.22488,50.0298007],[10.2254331,50.0295928],[10.2260108,50.0293732],[10.2260787,50.0293845]]",3,
H1,road::01100,road,0.14913444077793056,1017.6641347033885,"[[10.2249336,50.0556102],[10.2253142,50.0553539],[10.2256367,50.0551407],[10.226022,50.0549001],[10.2264055,50.0546609]]",4,
H1,road::01114,road,0.01824607301855568,39205.59947702909,"[[10.2251635,50.0338099],[10.2253858,50.0337295]]",1,
H1,road::01117,road,0.045045599411004666,3404.251852364869,"[[10.2252064,50.0442628],[10.225323,50.0443224],[10.225518,50.0444274],[10.225564,50.0444483],[10.2256287,50.0444658],[10.2257276,50.0444748]]",5,
H1,road::01123,road,0.04838419555765473,39207.48343247273,"[[10.2253858,50.0337295],[10.2259752,50.0335162]]",1,
H1,road::01134,road,0.02491978149848415,3404.8342381728107,"[[10.2257276,50.0444748],[10.2258405,50.0444592],[10.2259195,50.0444367],[10.2260377,50.0443811]]",3,
H1,road::01147,road,0.0869394079875897,39210.86875614624,"[[10.2259752,50.0335162],[10.2261677,50.0334465],[10.2262362,50.0334225],[10.2264591,50.0333435],[10.2265561,50.0333033],[10.226646,50.0332624],[10.2267144,50.0332198],[10.2267801,50.0331677],[10.2268264,50.033114],[10.2268754,50.0330287]]",9,
H1,road::01157,road,0.03838643271220866,3495.441804980697,"[[10.2260366,50.0463392],[10.2260383,50.045994]]",1,
H1,road::01158,road,0.06681381909978108,3497.0059497715965,"[[10.2260366,50.0463392],[10.2264553,50.0463397],[10.2267269,50.0463389],[10.2269704,50.0463382]]",3,
H1,road::01159,road,0.02085000491057938,85.51023530481864,"[[10.2260377,50.0443811],[10.2260379,50.0441936]]",1,
H1,road::01160,road,0.04420767531371326,3491.3792890275677,"[[10.2260377,50.0443811],[10.2260476,50.0447786]]",1,
H1,road::01161,road,0.022700513127211993,85.0530534972645,"[[10.2260379,50.0441936],[10.2261586,50.0441943],[10.2263551,50.0441975]]",2,
H1,road::01163,road,0.06505276185529998,3494.5431855735187,"[[10.2260383,50.045994],[10.226041,50.0456378],[10.2260427,50.045409]]",2,
H1,road::01164,road,0.060729226930542626,3493.020337669188,"[[10.2260427,50.045409],[10.2260454,50.0452272],[10.2260463,50.045163],[10.2260501,50.0449506],[10.2260494,50.0448629]]",4,
H1,road::01166,road,0.009375044670612677,3491.5987414525935,"[[10.2260476,50.0447786],[10.2260494,50.0448629]]",1,
H1,road::01169,road,0.25515064774862345,39237.8108169517,"[[10.2260787,50.0293845],[10.2261845,50.0294046],[10.2262739,50.0295118],[10.2264666,50.0297416],[10.2265107,50.0297892],[10.2276857,50.0293682],[10.228134,50.0298845],[10.2281045,50.029996],[10.228136,50.0300315],[10.2280481,50.0300637],[10.2281317,50.0301591]]",10,
H1,road::01190,road,0.0187679636139458,84.55529977569793,"[[10.2263551,50.0441975],[10.2266174,50.0441986]]",1,
H1,road::01192,road,0.00400650528625412,39216.75224358428,"[[10.2263816,50.0317508],[10.2264085,50.0317824]]",1,
H1,road::01193,road,0.11701171029171895,39221.30908037015,"[[10.2263816,50.0317508],[10.2264986,50.03171],[10.2265332,50.0317024],[10.2268949,50.0315699],[10.226947,50.0315508],[10.2278069,50.0312357]]",5,
H1,road::01194,road,0.08181891766900308,1019.4914190811759,"[[10.2264055,50.0546609],[10.2264768,50.0546189],[10.2267485,50.0544588],[10.2270696,50.0542695],[10.227249,50.0541641]]",4,
H1,road::01195,road,0.015130777180003684,39216.59622448354,"[[10.2264085,50.0317824],[10.2265102,50.0319017]]",1,
H1,road::01200,road,0.04507396705203153,39216.00701119961,"[[10.2265102,50.0319017],[10.2267099,50.0321301],[10.2267203,50.0321464],[10.2268073,50.0322589]]",3,
H1,road::01206,road,0.002904303710101287,57.15740031057247,"[[10.2266159,50.0442247],[10.2266174,50.0441986]]",1,
H1,road::01207,road,0.022284966540263972,57.09375292449971,"[[10.2266159,50.0442247],[10.2267044,50.0442616],[10.226746,50.0442838],[10.2267998,50.0443246],[10.2268296,50.0443645]]",4,
H1,road::01208,road,0.04583298602415388,26.986378744108887,"[[10.2266174,50.0441986],[10.2267497,50.0441961],[10.2269131,50.0441712],[10.2271503,50.0440142]]",3,
H1,road::01214,road,0.01008473730628546,39214.2517804466,"[[10.2268073,50.0322589],[10.2268511,50.0323451]]",1,
H1,road::01215,road,0.06818601868164248,56.60538179681079,"[[10.2268296,50.0443645],[10.2268766,50.0443897],[10.2276937,50.0446196]]",2,
H1,road::01216,road,0.07679267475232024,39213.85907717892,"[[10.2268511,50.0323451],[10.2268972,50.0324901],[10.2269214,50.0326168],[10.2269303,50.0327431],[10.2269151,50.0329045],[10.2268754,50.0330287]]",5,
H1,road::01232,road,0.10871785688180548,3602.063171777465,"[[10.2269601,50.0473157],[10.2269603,50.0470856],[10.226962,50.0466549],[10.226963,50.0464024],[10.2269704,50.0463382]]",4,
H1,road::01233,road,0.020019702353413923,3602.5327615482724,"[[10.2269601,50.0473157],[10.2272399,50.0473155]]",1,
H1,road::01234,road,0.012276310757754061,102.50711670449422,"[[10.2269704,50.0463382],[10.2271419,50.0463415]]",1,
H1,road::01240,road,0.04026376634951327,76.06743224144682,"[[10.2271419,50.0463415],[10.2277046,50.0463456]]",1,
H1,road::01243,road,0.06539117740026171,143.79828921211669,"[[10.2272172,50.0467303],[10.2272172,50.0471616],[10.2272399,50.0471976],[10.2272399,50.0473155]]",3,
H1,road::01247,road,0.025321566975025942,3746.926592838774,"[[10.2272399,50.0473155],[10.2275938,50.0473152]]",1,
H1,road::01248,road,0.059497860211293274,1020.8202355234353,"[[10.227249,50.0541641],[10.227356,50.0541007],[10.2277502,50.053864],[10.2278576,50.0537995]]",3,
H1,road::01259,road,0.0163994852223846,26.618097692429373,"[[10.2274406,50.0427606],[10.2276206,50.0428519]]",1,
H1,road::01262,road,0.05946912676240607,3748.802639898442,"[[10.2275905,50.0474977],[10.2275792,50.0475331],[10.2275781,50.0477],[10.2277198,50.0477004],[10.2277176,50.0475736],[10.2276951,50.0475468],[10.2275905,50.0474977]]",6,
H1,road::01263,road,0.020295373519352837,3747.4039272627774,"[[10.2275905,50.0474977],[10.2275938,50.0473152]]",1,
H1,road::01265,road,0.0367086462881938,27.422087641406108,"[[10.2276206,50.0428519],[10.2278136,50.0429252],[10.2279151,50.0429799],[10.2280352,50.0430445]]",3,
H1,road::01269,road,0.006375608146060383,52.203321760288276,"[[10.2277078,50.0438558],[10.2277653,50.043812]]",1,
H1,road::01270,road,0.011318109020584333,26.344114304047334,"[[10.2277137,50.0436291],[10.2278465,50.0436844]]",1,
H1,road::01273,road,0.023583365675335817,26.742301193692548,"[[10.2277606,50.0457873],[10.2279105,50.0456939],[10.2279992,50.045641]]",2,
H1,road::01274,road,0.008121310274448887,78.51971530514949,"[[10.2277653,50.043812],[10.2278139,50.043746]]",1,
H1,road::01276,road,0.1685261312813587,39227.872546094964,"[[10.2278069,50.0312357],[10.2277664,50.0311876],[10.227568,50.0309517],[10.2273776,50.0307366],[10.227407,50.0307262],[10.2282541,50.0304263],[10.2282881,50.0303975],[10.2282935,50.0303653],[10.2282826,50.0303278],[10.2282119,50.0302491],[10.2281317,50.0301591]]",10,
H1,road::01277,road,0.007236166126036867,104.58233862924429,"[[10.2278139,50.043746],[10.2278465,50.0436844]]",1,
H1,road::01278,road,0.021982892094736757,209.44887808652817,"[[10.2278465,50.0436844],[10.228037,50.0435293]]",1,
H1,road::01281,road,0.027902321197379704,1021.4434094136287,"[[10.2278576,50.0537995],[10.227995,50.053717],[10.228068,50.0536732],[10.2281427,50.0536283]]",3,
H1,road::01286,road,0.005780205777049646,79.35092141570857,"[[10.2279992,50.045641],[10.2280585,50.0456057]]",1,
H1,road::01287,road,0.006264645894158613,54.509131860747374,"[[10.2280352,50.0430445],[10.2280631,50.0430979]]",1,
H1,road::01288,road,0.020902812108547025,26.9497626450234,"[[10.2280352,50.0430445],[10.2281517,50.0430537],[10.2283037,50.0431092]]",2,
H1,road::01289,road,0.036496748557128804,262.27779229571945,"[[10.228037,50.0435293],[10.2283589,50.0432747]]",1,
H1,road::01290,road,0.04014052345295273,185.90786974326713,"[[10.2280585,50.0456057],[10.2284454,50.0453443]]",1,
H1,road::01292,road,0.010730338024296966,80.9827577208279,"[[10.2280631,50.0430979],[10.2281655,50.0431684]]",1,
H1,road::01293,road,0.04141045797329771,2431.049363848189,"[[10.2281016,50.0443412],[10.228059,50.0444531],[10.2280409,50.0445184],[10.2280342,50.0445493],[10.2280379,50.0445849],[10.2280531,50.0446202],[10.2280775,50.044649],[10.228102,50.0446731],[10.2281315,50.0446905]]",8,
H1,road::01294,road,0.008777756240969669,2325.5313776018097,"[[10.2281016,50.0443412],[10.2281353,50.0442653]]",1,
H1,road::01296,road,0.003320802902370381,2542.1070986476693,"[[10.2281315,50.0446905],[10.2281719,50.0447052]]",1,
H1,road::01298,road,0.009157598649088624,2299.4060170814955,"[[10.2281353,50.0442653],[10.2281819,50.0441886]]",1,
H1,road::01303,road,0.0503409459356659,1022.5677549319638,"[[10.2281427,50.0536283],[10.228239,50.053574],[10.2286718,50.0533299]]",2,
H1,road::01304,road,0.018199162543659563,107.38783343773592,"[[10.2281655,50.0431684],[10.2283589,50.0432747]]",1,
H1,road::01305,road,0.03037137964184544,2680.5270776620505,"[[10.2281719,50.0447052],[10.2283404,50.044754],[10.2285527,50.0448256]]",2,
H1,road::01306,road,0.009535778181896203,2195.238743113408,"[[10.2281819,50.0441886],[10.2282396,50.0441113]]",1,
H1,road::01309,road,0.011217438600368368,2169.0167568228817,"[[10.2282396,50.0441113],[10.2283223,50.0440256]]",1,
H1,road::01313,road,0.01105551464545002,2142.7668600418197,"[[10.2283223,50.0440256],[10.2284221,50.0439497]]",1,
H1,road::01317,road,0.020473507032568984,370.1170855406045,"[[10.2283589,50.0432747],[10.2285947,50.043379]]",1,
H1,road::01325,road,0.02204944230457668,2090.436939232633,"[[10.2284221,50.0439497],[10.2286383,50.0438084]]",1,
H1,road::01326,road,0.05493557290356397,27.620535745966606,"[[10.2284357,50.0466757],[10.2292031,50.0466915]]",1,
H1,road::01327,road,0.005915943698798985,322.6449816884069,"[[10.2284454,50.0453443],[10.2285013,50.0453051]]",1,
H1,road::01328,road,0.02161526019430874,26.43222984144813,"[[10.2284526,50.0440629],[10.2286165,50.0439608],[10.2286904,50.0439587]]",2,
H1,road::01332,road,0.0343497460611633,3975.9314129301947,"[[10.2285013,50.0453051],[10.2288188,50.0450734]]",1,
H1,road::01333,road,0.044843954880634605,4410.089089474825,"[[10.2285013,50.0453051],[10.2289531,50.0455846]]",1,
H1,road::01334,road,0.05591335877570627,27.31505351223133,"[[10.2285346,50.0443476],[10.228859,50.0440691],[10.2286904,50.0439587]]",2,
H1,road::01337,road,0.011154166344304665,2793.112794734772,"[[10.2285527,50.0448256],[10.22868,50.0448835]]",1,
H1,road::01338,road,0.01588852457652272,396.4698974417622,"[[10.2285947,50.043379],[10.2286769,50.0433997],[10.2287409,50.0434104],[10.2288069,50.04342]]",3,
H1,road::01345,road,0.0035225931330146866,2037.6956231435656,"[[10.2286383,50.0438084],[10.2286746,50.043787]]",1,
H1,road::01346,road,0.07398814953691936,1024.2203047410976,"[[10.2286718,50.0533299],[10.2289855,50.0531529],[10.2292457,50.0530062],[10.2294494,50.0528913]]",3,
H1,road::01347,road,0.0021035785681292173,1436.697319383139,"[[10.2286746,50.043787],[10.2286942,50.0438011]]",1,
H1,road::01348,road,0.022689120498710517,522.6761201480081,"[[10.2286746,50.043787],[10.228895,50.0436403]]",1,
H1,road::01350,road,0.01020581835286938,2923.9440989527434,"[[10.22868,50.0448835],[10.2287913,50.0449409]]",1,
H1,road::01352,road,0.014102018816265442,54.05630799494343,"[[10.2286904,50.0439587],[10.2286936,50.0438319]]",1,
H1,road::01354,road,0.0034252290408578506,74.34683990771141,"[[10.2286936,50.0438319],[10.2286942,50.0438011]]",1,
H1,road::01355,road,0.03982962277586986,1342.1894382537662,"[[10.2286942,50.0438011],[10.2290721,50.0440641]]",1,
H1,road::01356,road,0.013947221572540669,26.754182703704654,"[[10.2286986,50.0433164],[10.2287634,50.0433685],[10.2287895,50.0433962],[10.2288069,50.04342]]",3,
H1,road::01359,road,0.005389072752368351,2950.7289791896883,"[[10.2287913,50.0449409],[10.2288358,50.04498]]",1,
H1,road::01360,road,0.02105630088895081,423.68888156209704,"[[10.2288069,50.04342],[10.2288688,50.043456],[10.2289284,50.0435061],[10.2289374,50.0435445],[10.2289348,50.0435782]]",4,
H1,road::01361,road,0.006360827304691023,3809.3487957561415,"[[10.2288188,50.0450734],[10.228849,50.0450196]]",1,
H1,road::01365,road,0.004503664406757359,3506.281801261774,"[[10.2288358,50.04498],[10.228849,50.0450196]]",1,
H1,road::01366,road,0.0074696415448297655,476.0914793288757,"[[10.228895,50.0436403],[10.2289348,50.0435782]]",1,
H1,road::01367,road,0.01835648712616331,111.91117499751975,"[[10.2289098,50.04422],[10.2290761,50.0440943]]",1,
H1,road::01368,road,0.007423099807220075,4988.157049327218,"[[10.2289531,50.0455846],[10.2290449,50.0456157]]",1,
H1,road::01369,road,0.010078202510461704,1027.0950861777549,"[[10.2289558,50.0518784],[10.2290792,50.0518347]]",1,
H1,road::01370,road,0.1186251587980159,1026.8699735916155,"[[10.2289558,50.0518784],[10.2291795,50.0523792],[10.2293439,50.0527785],[10.2293837,50.0528366],[10.2294494,50.0528913]]",4,
H1,road::01373,road,0.003565677340287309,4988.242835558938,"[[10.2290449,50.0456157],[10.2290564,50.0456469]]",1,
H1,road::01375,road,0.024586288109976238,5099.107205648271,"[[10.2290564,50.0456469],[10.2290839,50.0456884],[10.2292486,50.0458289]]",2,
H1,road::01376,road,0.002249677966023552,1066.9069615202623,"[[10.2290721,50.0440641],[10.2290829,50.0440831]]",1,
H1,road::01377,road,0.0013371020766967691,508.6454759844397,"[[10.2290761,50.0440943],[10.2290829,50.0440831]]",1,
H1,road::01378,road,0.11169172068502338,1029.5900185003472,"[[10.2290792,50.0518347],[10.2290245,50.0517287],[10.2294696,50.05151],[10.2295972,50.0516112],[10.2295399,50.051644],[10.2294367,50.0516917],[10.2292363,50.0517763],[10.2290792,50.0518347]]",7,
H1,road::01384,road,0.03441846113436013,138.62871249706342,"[[10.2292031,50.0466915],[10.2295231,50.0464604]]",1,
H1,road::01389,road,0.017116497133640055,5430.1333442855785,"[[10.2292486,50.0458289],[10.2294153,50.0459393]]",1,
H1,road::01390,road,0.006669786213001143,26.09922528290944,"[[10.2292707,50.0434216],[10.2293383,50.0433803]]",1,
H1,road::01397,road,0.04615836594543934,137.57184184078116,"[[10.2293383,50.0433803],[10.2298063,50.0430946]]",1,
H1,road::01398,road,0.012994707646805638,26.32923196310901,"[[10.2294147,50.0428065],[10.2295416,50.0427229]]",1,
H1,road::01399,road,0.04198313655765789,5541.511205594073,"[[10.2294153,50.0459393],[10.2298565,50.0461882]]",1,
H1,road::01406,road,0.010025983553551544,405.2352236010368,"[[10.2295231,50.0464604],[10.229626,50.0465216]]",1,
H1,road::01407,road,0.04641521636709943,27.345812924425786,"[[10.2295416,50.0427229],[10.2295801,50.0427409],[10.229761,50.0428189],[10.2299406,50.0428959],[10.23008,50.0429557]]",4,
H1,road::01411,road,0.032109979217848084,884.7058822042563,"[[10.229626,50.0465216],[10.2299447,50.0467249]]",1,
H1,road::01412,road,0.039794751118062535,1290.8345479047919,"[[10.229626,50.0465216],[10.2300605,50.0462982]]",1,
H1,road::01421,road,0.02495844626105278,138.11968109489112,"[[10.2298063,50.0430946],[10.2299796,50.0430016],[10.23008,50.0429557]]",2,
H1,road::01423,road,0.007813366611493872,110.42231473090683,"[[10.2298106,50.0467862],[10.2299052,50.0467511]]",1,
H1,road::01429,road,0.019043919723091413,5762.627015172933,"[[10.2298565,50.0461882],[10.2300605,50.0462982]]",1,
H1,road::01436,road,0.004059024560898837,220.73510620525562,"[[10.2299052,50.0467511],[10.2299447,50.0467249]]",1,
H1,road::01437,road,0.014863090692167989,78.46878971263266,"[[10.2299189,50.0433154],[10.2300762,50.0434027]]",1,
H1,road::01441,road,0.03222575641373592,663.2555368044407,"[[10.2299447,50.0467249],[10.2302646,50.0469289]]",1,
H1,road::01445,road,0.013481116856407816,85.80272438390945,"[[10.2300141,50.0455814],[10.2302012,50.0455671]]",1,
H1,road::01448,road,0.024091188074155064,7274.689506376226,"[[10.2300605,50.0462982],[10.2301328,50.046281],[10.2302766,50.0462704],[10.2303907,50.0462618]]",3,
H1,road::01449,road,0.006630334968217646,104.89710882932948,"[[10.2300735,50.0434623],[10.2300762,50.0434027]]",1,
H1,road::01450,road,0.009403833631866334,26.50793453693583,"[[10.2300735,50.0434623],[10.2301902,50.0435012]]",1,
H1,road::01451,road,0.011582443148155841,183.6203629431254,"[[10.2300762,50.0434027],[10.2301521,50.0433107]]",1,
H1,road::01452,road,0.023145466779576265,192.7524039302004,"[[10.23008,50.0429557],[10.2303643,50.043055]]",1,
H1,road::01453,road,0.037910965509847114,26.778315850550047,"[[10.23008,50.0429557],[10.230162,50.0429029],[10.2302698,50.04281],[10.2303951,50.0426831]]",3,
H1,road::01457,road,0.0168185544009066,183.98986656304825,"[[10.2301521,50.0433107],[10.2302685,50.0431793]]",1,
H1,road::01462,road,0.0366376914787983,9486.036783914453,"[[10.2302012,50.0455671],[10.2302244,50.0456946],[10.2302416,50.0458954]]",2,
H1,road::01463,road,0.015196653615882868,9572.235411639285,"[[10.2302012,50.0455671],[10.2304132,50.0455588]]",1,
H1,road::01464,road,0.010144769721874359,9264.407441000161,"[[10.2302416,50.0458954],[10.2302595,50.0459859]]",1,
H1,road::01469,road,0.007440570342801581,9153.815452714945,"[[10.2302595,50.0459859],[10.2302792,50.0460516]]",1,
H1,road::01470,road,0.036012204120607606,331.9380225433864,"[[10.2302646,50.0469289],[10.2306257,50.0471545]]",1,
H1,road::01471,road,0.015439946105066426,184.32908443763387,"[[10.2302685,50.0431793],[10.2303053,50.0431373],[10.2303643,50.043055]]",2,
H1,road::01473,road,0.01383504068614657,9043.286763157414,"[[10.2302792,50.0460516],[10.2303346,50.0461708]]",1,
H1,road::01474,road,0.010886231826715822,8932.640279576151,"[[10.2303346,50.0461708],[10.2303907,50.0462618]]",1,
H1,road::01476,road,0.01302849702516592,403.3885256813273,"[[10.2303643,50.043055],[10.2305297,50.043104]]",1,
H1,road::01477,road,0.003972544711821878,1657.6701924188812,"[[10.2303907,50.0462618],[10.2304112,50.046295]]",1,
H1,road::01480,road,0.01725571129850875,1547.2542500788031,"[[10.2304112,50.046295],[10.2305279,50.0464308]]",1,
H1,road::01481,road,0.006435874830105841,9682.673714415889,"[[10.2304132,50.0455588],[10.2305004,50.0455446]]",1,
H1,road::01488,road,0.029932372129269906,10014.680742536602,"[[10.2305004,50.0455446],[10.2306781,50.0455377],[10.2307532,50.0455343],[10.2308344,50.0455239],[10.230914,50.0455106]]",4,
H1,road::01493,road,0.014527495904085554,1215.5581886700934,"[[10.2305279,50.0464308],[10.2306251,50.0465455]]",1,
H1,road::01494,road,0.009114755592212646,617.5538909245008,"[[10.2305297,50.043104],[10.2306216,50.0431312],[10.2306454,50.0431383]]",2,
H1,road::01495,road,0.03325607638023029,213.96339581807104,"[[10.2305297,50.043104],[10.230703,50.0428265]]",1,
H1,road::01500,road,0.015074452247258065,773.7389422520667,"[[10.2306251,50.0465455],[10.2307456,50.0466567]]",1,
H1,road::01501,road,0.02112855179413758,110.65910824233141,"[[10.2306257,50.0471545],[10.2308375,50.0472869]]",1,
H1,road::01502,road,0.07291629636121955,671.874105007166,"[[10.2306454,50.0431383],[10.231562,50.0434249]]",1,
H1,road::01509,road,0.027389219413418864,187.1053794973351,"[[10.230703,50.0428265],[10.2307778,50.0427442],[10.2309784,50.0428225]]",2,
H1,road::01510,road,0.016536359499261008,663.1227552410537,"[[10.2307456,50.0466567],[10.2308994,50.0467677]]",1,
H1,road::01515,road,0.005478003177201747,14393.8607286117,"[[10.230892,50.0441536],[10.2309532,50.0441832]]",1,
H1,road::01516,road,0.09415049673412867,14194.941522100027,"[[10.230892,50.0441536],[10.2309432,50.0440963],[10.2314063,50.0435944],[10.231562,50.0434249]]",3,
H1,road::01521,road,0.038167329238551324,221.46024546474135,"[[10.2308994,50.0467677],[10.2312672,50.0470163]]",1,
H1,road::01522,road,0.026464348515136592,15778.174256877945,"[[10.230914,50.0455106],[10.2309241,50.0452727]]",1,
H1,road::01524,road,0.04842881546884679,25794.458256196816,"[[10.230914,50.0455106],[10.2310165,50.0454879],[10.2312253,50.0454447],[10.2314302,50.0454045],[10.2314888,50.0453943],[10.2315619,50.0453861]]",5,
H1,road::01527,road,0.019108852165508186,15666.601383948753,"[[10.2309241,50.0452727],[10.2309598,50.0451024]]",1,
H1,road::01530,road,0.02506738372235106,14479.153085811746,"[[10.2309532,50.0441832],[10.2311633,50.0442327],[10.2312069,50.0442419],[10.2312504,50.0442448],[10.2312872,50.0442424]]",4,
H1,road::01532,road,0.0447622733475215,15333.568773251469,"[[10.2309598,50.0451024],[10.2310842,50.0447079]]",1,
H1,road::01546,road,0.053762772831496226,14848.562250867091,"[[10.2310842,50.0447079],[10.2312872,50.0442424]]",1,
H1,road::01553,road,0.11594373352758726,223.07688467424882,"[[10.2311287,50.046535],[10.2312903,50.046448],[10.2313517,50.0464233],[10.2315186,50.0465449],[10.2316931,50.0464484],[10.2317308,50.0464269],[10.2317489,50.0464097],[10.2317624,50.0463944],[10.2317729,50.0463792],[10.2317789,50.0463579],[10.2317798,50.0463404],[10.231772,50.0463212],[10.2317462,50.0462973],[10.2317137,50.0462804],[10.2316519,50.0462641],[10.2316171,50.0462561],[10.2316076,50.0462539],[10.2315604,50.0462406],[10.2315195,50.0462271],[10.2314793,50.0462056],[10.231443,50.0461847],[10.2313994,50.0461537],[10.2313638,50.0461258],[10.231316,50.0460641]]",23,
H1,road::01563,road,0.04016084582248925,367.88519717060115,"[[10.2312872,50.0442424],[10.2313693,50.0441932],[10.2314359,50.0441623],[10.2314699,50.04415],[10.2315018,50.0441436],[10.2315332,50.0441406],[10.2315718,50.0441438],[10.2316074,50.0441536],[10.2316329,50.0441655],[10.2316563,50.0441819],[10.2316708,50.0441964],[10.2316792,50.0442107],[10.2316818,50.0442256],[10.2316825,50.0442547]]",13,
H1,road::01565,road,0.05778226984367214,224.34737500421082,"[[10.231316,50.0460641],[10.2313821,50.0460449],[10.2314275,50.0460179],[10.2314596,50.0459861],[10.2314944,50.0459323],[10.231528,50.0458522],[10.2315865,50.0456386],[10.2315942,50.0456018]]",7,
H1,road::01572,road,0.018221109650476772,223.20676137392556,"[[10.2314291,50.0441992],[10.2314006,50.0442184],[10.2313916,50.0442358],[10.231391,50.044255],[10.2313954,50.044274],[10.2314066,50.0442895],[10.2314222,50.044303],[10.2314479,50.0443166],[10.2314839,50.0443266]]",8,
H1,road::01573,road,0.06597451122731139,222.80613291952443,"[[10.2314291,50.0441992],[10.2317173,50.0438225],[10.2317637,50.0437949],[10.2318272,50.0438038],[10.2319165,50.0438324],[10.2319423,50.0438534]]",5,
H1,road::01577,road,0.018605913465106393,256.5496520444284,"[[10.2314839,50.0443266],[10.2315187,50.0443312],[10.2315559,50.0443313],[10.2316016,50.044323],[10.2316409,50.0443076],[10.2316712,50.0442816],[10.2316825,50.0442547]]",6,
H1,road::01578,road,0.010532362873605693,138.51213006324718,"[[10.2314863,50.042754],[10.2316002,50.042814]]",1,
H1,road::01583,road,0.024245558209860213,29336.626180866013,"[[10.2315619,50.0453861],[10.2315883,50.0454785],[10.2315984,50.0455247],[10.2316011,50.0455689],[10.2315942,50.0456018]]",4,
H1,road::01584,road,0.08899528970870951,444.5058670617709,"[[10.2315619,50.0453861],[10.231544,50.045301],[10.231747,50.0445986]]",2,
H1,road::01585,road,0.10561004948384722,3096.8220565429697,"[[10.2315619,50.0453861],[10.2316225,50.0453808],[10.2316735,50.045381],[10.2320122,50.045395],[10.2322306,50.0454045],[10.2323739,50.0454098],[10.2324833,50.0454222],[10.2325738,50.0454376],[10.233016,50.0455127]]",8,
H1,road::01586,road,0.00403672372799106,13520.425369565506,"[[10.231562,50.0434249],[10.2315911,50.0433938]]",1,
H1,road::01587,road,0.0127068907273534,26.624478430449205,"[[10.2315911,50.0433938],[10.2316667,50.0432904]]",1,
H1,road::01588,road,0.02816903462959862,13493.688796641765,"[[10.2315911,50.0433938],[10.2317203,50.0433383],[10.2318643,50.0432905],[10.231934,50.0432705]]",3,
H1,road::01589,road,0.014109343475179746,29561.463761368268,"[[10.2315942,50.0456018],[10.2317881,50.0456249]]",1,
H1,road::01590,road,0.01503905889913091,247.49148047838375,"[[10.2316002,50.042814],[10.2317128,50.0429282]]",1,
H1,road::01591,road,0.01552310245254151,412.47160053198405,"[[10.2316002,50.042814],[10.2316548,50.0428348],[10.2317437,50.0428472],[10.2318052,50.0428399]]",3,
H1,road::01598,road,0.005662904857077328,110.56456811898597,"[[10.2317128,50.0429282],[10.2317401,50.042976]]",1,
H1,road::01605,road,0.07457369393506733,29564.054783424563,"[[10.2317881,50.0456249],[10.2317821,50.0456432],[10.2320055,50.0456748],[10.2320283,50.045614],[10.2320735,50.0454935],[10.2318508,50.0454589],[10.2317881,50.0456249]]",6,
H1,road::01606,road,0.012551613864921748,522.9841967638812,"[[10.2318052,50.0428399],[10.2318779,50.042829],[10.2319782,50.0428227]]",2,
H1,road::01613,road,0.007545390012723724,163.1052066695143,"[[10.231934,50.0432705],[10.2320023,50.0433222]]",1,
H1,road::01614,road,0.012754103555855677,13329.801700503705,"[[10.231934,50.0432705],[10.2320945,50.0432206]]",1,
H1,road::01615,road,0.004563741972158651,110.54689147283786,"[[10.2319354,50.0438942],[10.2319423,50.0438534]]",1,
H1,road::01617,road,0.010410462214658266,523.2144500957336,"[[10.2319782,50.0428227],[10.2321234,50.0428287]]",1,
H1,road::01625,road,0.004296159857457419,13329.448592971801,"[[10.2320945,50.0432206],[10.2321495,50.0432051]]",1,
H1,road::01627,road,0.01326464912221343,633.9041383033788,"[[10.2321234,50.0428287],[10.232308,50.0428397]]",1,
H1,road::01628,road,0.0363899637740826,13218.736200949816,"[[10.2321495,50.0432051],[10.2324288,50.0431204],[10.2326129,50.0430704]]",2,
H1,road::01636,road,0.027918976808780575,689.7075247573142,"[[10.232308,50.0428397],[10.232695,50.0428718]]",1,
H1,road::01639,road,0.04807037408365075,332.8651806987357,"[[10.2324601,50.0448872],[10.2330891,50.0450391]]",1,
H1,road::01649,road,0.0315349353222462,13191.713314713952,"[[10.2326129,50.0430704],[10.2328177,50.0430195],[10.2329258,50.0429883],[10.2330155,50.0429561]]",3,
H1,road::01652,road,0.02573172949872913,716.3398215295576,"[[10.232695,50.0428718],[10.2328427,50.042887],[10.232931,50.042905],[10.2329774,50.0429249],[10.2330155,50.0429561]]",4,
H1,road::01673,road,0.05307752709442996,12252.809266278076,"[[10.2330155,50.0429561],[10.2330646,50.0430274],[10.2331269,50.0431268],[10.2331538,50.0431917],[10.2332315,50.0433757],[10.2332486,50.0434082]]",5,
H1,road::01674,road,0.04103675026574351,221.69305044769737,"[[10.2330155,50.0429561],[10.2330952,50.0429234],[10.2331621,50.042886],[10.2332768,50.0428119],[10.2334324,50.0427048]]",4,
H1,road::01675,road,0.0465531278020884,1652.4616178346082,"[[10.233016,50.0455127],[10.2330408,50.0454607],[10.233092,50.0453388],[10.2331225,50.0452417],[10.233155,50.045139],[10.233154,50.0451049]]",5,
H1,road::01676,road,0.07550027020342233,1441.9064309804403,"[[10.233016,50.0455127],[10.233524,50.0456148],[10.2338069,50.0456741],[10.2338928,50.0457035],[10.2339428,50.045734],[10.2339684,50.0457684]]",5,
H1,road::01677,road,0.010936058529205374,110.48553096580471,"[[10.2330536,50.0471698],[10.2331294,50.0470844]]",1,
H1,road::01680,road,0.0029451008820370944,1107.3424073705312,"[[10.2330891,50.0450391],[10.2331204,50.0450563]]",1,
H1,road::01683,road,0.0031152877133171584,1429.51872782914,"[[10.2331204,50.0450563],[10.2331426,50.0450804]]",1,
H1,road::01684,road,0.015246185565337743,221.0581255534884,"[[10.2331294,50.0470844],[10.2332534,50.0469729]]",1,
H1,road::01687,road,0.002843883419810611,1540.650574862146,"[[10.2331426,50.0450804],[10.233154,50.0451049]]",1,
H1,road::01691,road,0.005562987186540323,12140.500026698273,"[[10.2332486,50.0434082],[10.2333021,50.0434445]]",1,
H1,road::01694,road,0.016484114799883647,441.92250291097855,"[[10.2332534,50.0469729],[10.2334068,50.0468623]]",1,
H1,road::01697,road,0.04660900512612768,12029.01476337138,"[[10.2333021,50.0434445],[10.2335839,50.0435219],[10.2337739,50.0435907],[10.2338725,50.0436422]]",3,
H1,road::01701,road,0.015349181643418537,662.7520015840078,"[[10.2334068,50.0468623],[10.2335311,50.0467498]]",1,
H1,road::01704,road,0.010956960265228351,110.49597151165824,"[[10.2334324,50.0427048],[10.2334995,50.0426721],[10.2335605,50.0426514]]",2,
H1,road::01708,road,0.013291893318065124,773.3909782942176,"[[10.2335311,50.0467498],[10.2336277,50.0466477]]",1,
H1,road::01716,road,0.009470956571364288,883.9135489957598,"[[10.2336277,50.0466477],[10.2336846,50.0465708]]",1,
H1,road::01720,road,0.01830055483297646,994.5651437999397,"[[10.2336846,50.0465708],[10.2337819,50.0464186]]",1,
H1,road::01730,road,0.01434223672572284,110.50690843423764,"[[10.2337649,50.0465932],[10.2339512,50.0466408]]",1,
H1,road::01733,road,0.05737992711293288,1218.7260687702205,"[[10.2337819,50.0464186],[10.2339615,50.0459157]]",1,
H1,road::01741,road,0.00788499385115308,702.2303439958204,"[[10.2338725,50.0436422],[10.2339526,50.0436909]]",1,
H1,road::01742,road,0.11789830145238465,11214.704997052182,"[[10.2338725,50.0436422],[10.2339406,50.043544],[10.233949,50.0435319],[10.2340459,50.0433922],[10.2340752,50.0433478],[10.2347778,50.043617],[10.2350572,50.0437295]]",6,
H1,road::01750,road,0.023992764259923943,221.2868408571944,"[[10.2339512,50.0466408],[10.2342394,50.0467511]]",1,
H1,road::01753,road,0.016500672426192912,1329.8200314936757,"[[10.2339615,50.0459157],[10.2339745,50.0458608],[10.2339778,50.0458132],[10.2339684,50.0457684]]",3,
H1,road::01777,road,0.020712860695668165,331.9784774288703,"[[10.2342394,50.0467511],[10.2344011,50.0465966]]",1,
H1,road::01791,road,0.02269678266347706,663.1938081241851,"[[10.2344011,50.0465966],[10.2345848,50.0464302]]",1,
H1,road::01793,road,0.07555609234771912,774.739703552267,"[[10.2344683,50.0455782],[10.2353925,50.0459069]]",1,
H1,road::01796,road,0.03430691172944751,994.5778651040499,"[[10.2345848,50.0464302],[10.2348822,50.0461882]]",1,
H1,road::01814,road,0.03395922229777433,1546.7084292133527,"[[10.2348822,50.0461882],[10.2353243,50.0460771]]",1,
H1,road::01835,road,0.018465844777455567,10548.05416428951,"[[10.2350572,50.0437295],[10.2352579,50.0438339]]",1,
H1,road::01849,road,0.03830526426914607,10437.231061525637,"[[10.2352579,50.0438339],[10.2356525,50.0440667]]",1,
H1,road::01853,road,0.015688559199489135,1767.5144081724043,"[[10.2353243,50.0460771],[10.2355239,50.0460187]]",1,
H1,road::01858,road,0.015586853468484714,1437.993727801289,"[[10.2353925,50.0459069],[10.2355239,50.0460187]]",1,
H1,road::01863,road,0.04023887750283377,3206.445064528801,"[[10.2355239,50.0460187],[10.236038,50.045872]]",1,
H1,road::01871,road,0.021923627587005185,775.4748530706373,"[[10.2356524,50.045383],[10.2358869,50.0452561]]",1,
H1,road::01872,road,0.0034556164415985866,10325.95586454443,"[[10.2356525,50.0440667],[10.2356881,50.0440877]]",1,
H1,road::01875,road,0.033909736052540176,10241.219579828972,"[[10.2356881,50.0440877],[10.2360374,50.0442938]]",1,
H1,road::01884,road,0.018548211887868208,1219.5753803473485,"[[10.2358869,50.0452561],[10.2359332,50.0452291],[10.2360655,50.0451354]]",2,
H1,road::01890,road,0.037945061009431,10128.702378386797,"[[10.2360374,50.0442938],[10.2364357,50.0445191]]",1,
H1,road::01892,road,0.012386641585501625,3316.8951781988612,"[[10.236038,50.045872],[10.236072,50.0458623],[10.2361848,50.0458135]]",2,
H1,road::01897,road,0.008742279148168702,1331.0634342679455,"[[10.2360655,50.0451354],[10.236145,50.0450757]]",1,
H1,road::01904,road,0.010267771554782732,3759.4065533839653,"[[10.2361033,50.0457375],[10.2361848,50.0458135]]",1,
H1,road::01905,road,0.0623509835231935,3954.635519451921,"[[10.2361033,50.0457375],[10.2367492,50.0453611]]",1,
H1,road::01908,road,0.03641329017538693,1552.3867468832495,"[[10.236145,50.0450757],[10.2365294,50.0448611]]",1,
H1,road::01913,road,0.02268561068018025,221.37351592745927,"[[10.2361848,50.0458135],[10.2363817,50.0459734]]",1,
H1,road::01924,road,0.017579799529782586,443.48996016577115,"[[10.2362676,50.0446344],[10.2364357,50.0445191]]",1,
H1,road::01933,road,0.013847699304133649,110.65434094555559,"[[10.2363817,50.0459734],[10.2365153,50.0460635]]",1,
H1,road::01935,road,0.008023437914112256,9489.456480039813,"[[10.2364357,50.0445191],[10.2365197,50.0445669]]",1,
H1,road::01946,road,0.006305287035420982,9379.05516951743,"[[10.2365197,50.0445669],[10.2365858,50.0446044]]",1,
H1,road::01947,road,0.022881235817705042,1663.2857446961461,"[[10.2365294,50.0448611],[10.236573,50.044833],[10.2367563,50.0447161]]",2,
H1,road::01957,road,0.017409897909070233,9048.210541918159,"[[10.2365858,50.0446044],[10.2367563,50.0447161]]",1,
H1,road::01979,road,0.04019966384977321,4948.54372827315,"[[10.2367492,50.0453611],[10.2371656,50.0451184]]",1,
H1,road::01980,road,0.004351319713689057,7274.244306147951,"[[10.2367563,50.0447161],[10.2367983,50.0447444]]",1,
H1,road::01981,road,0.03678511158861359,110.96397680475732,"[[10.2367784,50.0459747],[10.2368097,50.0459559],[10.2371547,50.0457493]]",2,
H1,road::01984,road,0.008758126425817055,6274.194393604419,"[[10.2367983,50.0447444],[10.2368681,50.0448091]]",1,
H1,road::01985,road,0.03954526302934072,889.6717693375358,"[[10.2367983,50.0447444],[10.2372722,50.0445614]]",1,
H1,road::01992,road,0.015748929662380104,6053.521304710058,"[[10.2368681,50.0448091],[10.2369855,50.0449289]]",1,
H1,road::02008,road,0.024700182841454022,5722.762968478679,"[[10.2369855,50.0449289],[10.2371656,50.0451184]]",1,
H1,road::02028,road,0.20270677682057484,446.6933310048173,"[[10.2371547,50.0457493],[10.237785,50.0452729],[10.2379231,50.0451435],[10.2379482,50.0450747],[10.2381026,50.0449205],[10.2382314,50.0448122],[10.2382724,50.0447791],[10.238296,50.0447602],[10.2383185,50.0447409],[10.2383269,50.0447058],[10.2383263,50.0446718],[10.238314,50.0446378],[10.2382842,50.0445992],[10.2381987,50.0445168],[10.2380986,50.044451],[10.2378217,50.0443212]]",15,
H1,road::02031,road,0.004894146959689072,442.70046012788856,"[[10.2371656,50.0451184],[10.2372339,50.0451208]]",1,
H1,road::02045,road,0.01084853499616457,332.3246727335981,"[[10.2372339,50.0451208],[10.2373498,50.0450579]]",1,
H1,road::02050,road,0.01994426685964968,557.9792514405069,"[[10.2372722,50.0445614],[10.2375095,50.0444673]]",1,
H1,road::02067,road,0.025742715622044325,110.86791642203671,"[[10.2373498,50.0450579],[10.2374464,50.0449615],[10.2375881,50.0448885]]",2,
H1,road::02068,road,0.029719874560283237,111.11843222909702,"[[10.2373498,50.0450579],[10.2376785,50.0452213]]",1,
H1,road::02080,road,0.02766527842320238,447.3043045117157,"[[10.2375095,50.0444673],[10.2377868,50.0443433],[10.2378217,50.0443212]]",2,
H1,road::02722,road,0.08010253609996681,112.51257331020088,"[[10.2540412,50.0369567],[10.2543344,50.0363734],[10.2543468,50.0362664]]",2,
H1,road::02725,road,0.047626359771145495,113.5574658669205,"[[10.2543468,50.0362664],[10.254677,50.036123],[10.2548234,50.0360535],[10.2548904,50.0360195]]",3,
H1,road::02733,road,0.010751521349719868,110.44164663187662,"[[10.2548701,50.0361153],[10.2548904,50.0360195]]",1,
H1,road::02734,road,0.03555206705934722,224.78082191738332,"[[10.2548904,50.0360195],[10.2549621,50.0359807],[10.2550203,50.0359444],[10.2552423,50.0357942]]",3,
H1,road::02741,road,0.13425194460714318,227.73289037888924,"[[10.2552423,50.0357942],[10.2553408,50.0357265],[10.2553719,50.0357038],[10.2554063,50.0356787],[10.2555015,50.0356061],[10.2557801,50.0354153],[10.2560286,50.0352411],[10.2565102,50.0349044]]",7,
H1,road::02745,road,0.015844013063340108,230.1953765286129,"[[10.2562406,50.0342181],[10.2562666,50.0341878],[10.2563206,50.0341339],[10.2563766,50.0341091]]",3,
H1,road::02746,road,0.045374619950690157,229.84696527202962,"[[10.2562406,50.0342181],[10.2562185,50.0342533],[10.2562041,50.0343017],[10.2562005,50.0343466],[10.2562235,50.0344224],[10.2562695,50.0344759],[10.2564141,50.0345771]]",6,
H1,road::02749,road,0.2541488165392385,235.78474925829104,"[[10.2563766,50.0341091],[10.2565914,50.0339527],[10.2577332,50.03317],[10.257969,50.0330186],[10.2582652,50.0328024],[10.258455,50.0326399],[10.2587206,50.0323964]]",6,
H1,road::02751,road,0.02969560308845345,228.84918021701995,"[[10.2564141,50.0345771],[10.2566352,50.034719],[10.2567093,50.0347648]]",2,
H1,road::02752,road,0.021069336369128496,228.19618864530264,"[[10.2565102,50.0349044],[10.2567093,50.0347648]]",1,
H1,road::02793,road,0.08560656931928988,237.66752345858504,"[[10.2587206,50.0323964],[10.2588097,50.0323225],[10.2589219,50.0322449],[10.2590283,50.0322024],[10.2590886,50.0322024],[10.259149,50.0322209],[10.2591864,50.0322597],[10.2591864,50.0322929],[10.2591462,50.032328],[10.2590829,50.0323483],[10.2588701,50.0323613],[10.2587206,50.0323964]]",11,
H1,road::02798,road,0.03659265045416294,111.2865052426605,"[[10.2590304,50.0367103],[10.2595351,50.0367635]]",1,
H1,road::02801,road,0.00384056782521412,114.54060020156608,"[[10.2592672,50.0379948],[10.2592697,50.0380293]]",1,
H1,road::02802,road,0.05309132351271375,114.45633890294177,"[[10.2592672,50.0379948],[10.2592768,50.0375174]]",1,
H1,road::02803,road,0.07160569489793794,116.11166390155572,"[[10.2592697,50.0380293],[10.2593034,50.0383265],[10.2594106,50.0386655]]",2,
H1,road::02805,road,0.008851953054764371,113.29152770880505,"[[10.2592768,50.0375174],[10.2592876,50.0374381]]",1,
H1,road::02806,road,0.007786867627766303,113.09732241669764,"[[10.2592876,50.0374381],[10.2592938,50.0374391],[10.2593247,50.0374352],[10.2593527,50.0374212],[10.259367,50.0374003]]",4,
H1,road::02807,road,0.00779246274354469,112.92648496732336,"[[10.2593108,50.0373481],[10.259319,50.0373487],[10.2593446,50.0373585],[10.259364,50.0373776],[10.259367,50.0374003]]",4,
H1,road::02808,road,0.06695922120850446,112.75552534455156,"[[10.2593108,50.0373481],[10.2595351,50.0367635]]",1,
H1,road::02810,road,0.0695743257993865,117.63820455684962,"[[10.2594106,50.0386655],[10.2594915,50.0386539],[10.2600791,50.0385608],[10.2601294,50.0385569],[10.2601898,50.0385595],[10.2602376,50.0385711],[10.2603362,50.0386174]]",6,
H1,road::02821,road,0.06007781783404116,118.95641534911383,"[[10.2598085,50.0390375],[10.25997,50.0389168],[10.2603362,50.0386174]]",2,
H1,road::02822,road,0.05343897449534697,120.12898572976799,"[[10.2598085,50.0390375],[10.2602005,50.0392598],[10.2603815,50.0393451]]",2,
H1,road::02830,road,0.14866891492283418,123.39132444616558,"[[10.2603815,50.0393451],[10.2606303,50.0391086],[10.2606806,50.0390923],[10.2607436,50.0391009],[10.2610876,50.0392628],[10.2611198,50.0392977],[10.261091,50.0393416],[10.2608979,50.0395152],[10.2608395,50.0395359],[10.2607671,50.0395264],[10.2603815,50.0393451]]",10,
H1,service::00000,service,0.013553125567852,26.015933642794348,"[[10.2199291,50.0502338],[10.2200962,50.0501764]]",0,OSM_W1020598476
H1,service::00001,service,0.0152493102276663,26.053082558089276,"[[10.2200995,50.0500374],[10.2198876,50.0500521]]",0,OSM_W1020598478
H1,service::00002,service,0.0086776265062311,25.909153415131257,"[[10.2196834,50.0501948],[10.219651,50.0501196]]",0,OSM_W1020598479
H1,service::00003,service,0.006096933108344,25.85263281453333,"[[10.2194149,50.0498941],[10.219374,50.0499422]]",0,OSM_W1020598481
H1,service::00004,service,0.0088542575423593,25.913021873206606,"[[10.2196451,50.049893],[10.2195348,50.0499291]]",0,OSM_W1020598482
H1,service::00005,service,0.0063901062995173,25.859053689007133,"[[10.2196451,50.049893],[10.2197202,50.0499241]]",0,OSM_W1020598483
H1,service::00006,service,0.0154348793389309,26.05714679531498,"[[10.2196615,50.0498161],[10.2198754,50.0498341]]",0,OSM_W1020598484
H1,service::00007,service,0.008942896911446,25.914963195242663,"[[10.2196615,50.0498161],[10.2197761,50.049784]]",0,OSM_W1020598485
H1,service::00008,service,0.0057358638849488,25.844724930831557,"[[10.2196795,50.0497318],[10.2196227,50.0497682]]",0,OSM_W1020598486
H1,service::00009,service,0.0092451595724985,25.92158315734707,"[[10.219351,50.0497284],[10.2194614,50.0497716]]",0,OSM_W1020598487
H1,service::00010,service,0.0095673103954233,25.928638699077688,"[[10.2192879,50.0497389],[10.2192147,50.0498109]]",0,OSM_W1020598488
H1,service::00011,service,0.0106867517385184,110.20577954116816,"[[10.2548701,50.0361153],[10.2549685,50.0361876]]",0,OSM_W1028405999
H1,service::00012,service,0.0357311555710951,110.75521014150871,"[[10.2540412,50.0369567],[10.254119,50.0372741]]",0,OSM_W1028407398
H1,service::00013,service,0.0233561009890549,110.48372150202763,"[[10.2590304,50.0367103],[10.2592581,50.0365598]]",0,OSM_W1028412053
H1,service::00014,service,0.0130794821964167,110.25827136300737,"[[10.2332534,50.0469729],[10.2333463,50.0470742]]",0,OSM_W1092228824
H1,service::00015,service,0.0121276576197283,110.23739018216267,"[[10.2331294,50.0470844],[10.2332825,50.0471312]]",0,OSM_W1092228825
H1,service::00016,service,0.0125025817248639,110.24561528610549,"[[10.2330536,50.0471698],[10.2332269,50.0471842]]",0,OSM_W1092228826
H1,service::00017,service,0.0346464429649319,110.73141318825941,"[[10.2233092,50.0424039],[10.2228426,50.0424872]]",0,OSM_W1092705848
H1,service::00018,service,0.0079104271004334,110.14487255089297,"[[10.2222311,50.0420132],[10.2223326,50.0420414]]",0,OSM_W1092705849
H1,service::00019,service,0.0224688122251196,110.46425593695398,"[[10.2230479,50.0420944],[10.2227419,50.042049]]",0,OSM_W1092705850
H1,service::00020,service,0.0164361231777154,22.531587769490205,"[[10.2216169,50.0422994],[10.2218207,50.0422312]]",0,OSM_W110460891
H1,service::00021,service,0.0059629456287402,22.30222671534294,"[[10.2233845,50.0421977],[10.2233146,50.0422269]]",0,OSM_W1118505389
H1,service::00022,service,0.013928676522755,22.476674864861412,"[[10.2233845,50.0421977],[10.2235594,50.0421427]]",0,OSM_W1118505390
H1,service::00023,service,0.0073243713813804,22.33204162177453,"[[10.2234038,50.0420524],[10.2234734,50.0421007]]",0,OSM_W1118505392
H1,service::00024,service,0.0074500957640714,22.334794958210722,"[[10.2233845,50.0421977],[10.2234382,50.0421403]]",0,OSM_W1118505393
H1,service::00025,service,0.0244581194574685,26.254769853239697,"[[10.2233092,50.0424039],[10.2231248,50.0425891]]",0,OSM_W1118505394
H1,service::00026,service,0.0136492070104753,22.47055450969937,"[[10.2233845,50.0421977],[10.2235708,50.0422241]]",0,OSM_W1118505395
H1,service::00027,service,0.012235422159639,22.43959278164271,"[[10.2234174,50.0424221],[10.2235133,50.042331]]",0,OSM_W1118505396
H1,service::00028,service,0.0125716892369706,22.446956989088253,"[[10.2233845,50.0421977],[10.2234773,50.0422937]]",0,OSM_W1118505397
H1,service::00029,service,0.005752693078244,22.29762223667483,"[[10.2233845,50.0421977],[10.2234516,50.0422262]]",0,OSM_W1118505398
H1,service::00030,service,0.0152864933240747,22.506410942036243,"[[10.2233887,50.042445],[10.2232191,50.0425286]]",0,OSM_W1118505400
H1,service::00031,service,0.0221269916137544,22.656217830524337,"[[10.2229807,50.0428016],[10.2227775,50.0426516]]",0,OSM_W1118505402
H1,service::00032,service,0.0133859328532599,22.464788832600103,"[[10.2229807,50.0428016],[10.2228811,50.0426997]]",0,OSM_W1118505403
H1,service::00033,service,0.0054288431877113,22.290530006103452,"[[10.2230479,50.0420944],[10.2229878,50.0421242]]",0,OSM_W1118505406
H1,service::00034,service,0.0139443933933539,22.47701906284445,"[[10.2222311,50.0420132],[10.22208,50.0420924]]",0,OSM_W1118505416
H1,service::00035,service,0.0272942953118084,110.57011878532502,"[[10.2230479,50.0420944],[10.2228732,50.0423126]]",0,OSM_W1118505417
H1,service::00036,service,0.016122274390332,110.32502442442839,"[[10.2225723,50.0418438],[10.2223499,50.0418671]]",0,OSM_W1118505418
H1,service::00037,service,0.0218516230195386,22.650187242064856,"[[10.2227951,50.0417184],[10.2230948,50.0417562]]",0,OSM_W1118505419
H1,service::00038,service,0.0132041873998236,22.460808626540015,"[[10.2232541,50.041972],[10.223289,50.0418554]]",0,OSM_W1118505420
H1,service::00039,service,0.0088009327998651,22.36437801233465,"[[10.2227951,50.0417184],[10.2228681,50.0416547]]",0,OSM_W1118505421
H1,service::00040,service,0.0073190177490174,22.331924378405382,"[[10.2234446,50.0424361],[10.2234834,50.042497]]",0,OSM_W1118505428
H1,service::00041,service,0.0198488156744427,22.606325686493452,"[[10.2233887,50.042445],[10.2233282,50.0426192]]",0,OSM_W1118505429
H1,service::00042,service,0.021145096430854,22.634714274695018,"[[10.2231202,50.0428746],[10.2232286,50.0426977]]",0,OSM_W1118505430
H1,service::00043,service,0.0109540192811533,22.411530236667915,"[[10.2231887,50.0419867],[10.2230567,50.0419368]]",0,OSM_W1118506148
H1,service::00044,service,0.0129682144201748,26.003123249183492,"[[10.2226369,50.0417918],[10.2227859,50.0418582]]",0,OSM_W1118506149
H1,service::00045,service,0.0063437872558112,25.85803924155334,"[[10.2227951,50.0417184],[10.222779,50.0417745]]",0,OSM_W1118506150
H1,service::00046,service,0.0059625353920156,22.302217731259677,"[[10.2234174,50.0424221],[10.2234395,50.0423704]]",0,OSM_W1118886499
H1,service::00047,service,0.0064735841301455,22.313409575280982,"[[10.2233092,50.0424039],[10.2232496,50.0423601]]",0,OSM_W1118886500
H1,service::00048,service,0.0098770508072273,22.387944800929827,"[[10.2233379,50.042381],[10.2233348,50.0422922]]",0,OSM_W1118886501
H1,service::00049,service,0.0088405397118952,22.36524539611196,"[[10.2234362,50.0412395],[10.2235571,50.0412231]]",0,OSM_W1119359053
H1,service::00050,service,0.0179121802334369,26.111403401403585,"[[10.2235319,50.0481351],[10.2234194,50.0479912]]",0,OSM_W112594965
H1,service::00051,service,0.0269307412915696,26.308924405707515,"[[10.2222183,50.0476314],[10.2220576,50.0478504]]",0,OSM_W112594966
H1,service::00052,service,0.0191236879272382,26.137937279984982,"[[10.2216022,50.047613],[10.2216641,50.0477803]]",0,OSM_W112594967
H1,service::00053,service,0.0269464450735265,26.309268345161705,"[[10.2227998,50.0478143],[10.2228965,50.0480485]]",0,OSM_W112594968
H1,service::00054,service,0.0090444645865278,55.18386757392785,"[[10.232308,50.0428397],[10.2322552,50.0427658]]",0,OSM_W1163465329
H1,service::00055,service,0.0155108776493146,110.31161153102295,"[[10.2336277,50.0466477],[10.2337608,50.0467578]]",0,OSM_W1190689549
H1,service::00056,service,0.0206063029901274,26.170408864231494,"[[10.2271419,50.0463415],[10.2273525,50.0462151]]",0,OSM_W1210643541
H1,service::00057,service,0.04390313474313319,110.93449172072037,"[[10.2330891,50.0450391],[10.2329646,50.0446525]]",0,OSM_W1246261993
H1,service::00058,service,0.0440973226025033,110.93875194116417,"[[10.2339526,50.0436909],[10.233942,50.0440874]]",0,OSM_W1246261994
H1,service::00059,service,0.0194809980989278,26.145762926678895,"[[10.2228277,50.0477963],[10.2230237,50.0479179]]",0,OSM_W1304153862
H1,service::00060,service,0.028586766173826904,26.345194184664187,"[[10.2217606,50.0484431],[10.2221597,50.0484311]]",0,OSM_W1472075001
H1,service::00061,service,0.013168356209785698,26.007506640890323,"[[10.2215606,50.0473388],[10.2214371,50.047251]]",0,OSM_W186679245
H1,service::00062,service,0.024647753908651003,26.258923160672524,"[[10.2274406,50.0427606],[10.2271233,50.0428469]]",0,OSM_W228836755
H1,service::00063,service,0.0172194361622229,26.096231255202238,"[[10.2277137,50.0436291],[10.2276766,50.0434761]]",0,OSM_W276138927
H1,service::00064,service,0.0120291722049326,25.982556890564304,"[[10.2271503,50.0440142],[10.2272687,50.0439374]]",0,OSM_W276138928
H1,service::00065,service,0.0142459834557365,56.184725426914916,"[[10.2186828,50.0506571],[10.2186745,50.0505291]]",0,OSM_W307944366
H1,service::00066,service,0.014465237204417798,56.189530277869416,"[[10.2186828,50.0506571],[10.2187718,50.0505403]]",0,OSM_W307944367
H1,service::00067,service,0.0181876884705659,56.27110632516963,"[[10.2186828,50.0506571],[10.2188795,50.0505535]]",0,OSM_W307944368
H1,service::00068,service,0.0223138945470115,56.36153080804014,"[[10.2191695,50.0507228],[10.2189745,50.0505662]]",0,OSM_W307944369
H1,service::00069,service,0.0181187049528735,56.26959457626031,"[[10.2191695,50.0507228],[10.2190546,50.0505776]]",0,OSM_W307944370
H1,service::00070,service,0.0148900884081851,56.19884071062561,"[[10.2191695,50.0507228],[10.2191384,50.0505904]]",0,OSM_W307944371
H1,service::00071,service,0.013917895443132601,56.177535521908325,"[[10.2191695,50.0507228],[10.2192204,50.050602]]",0,OSM_W307944372
H1,service::00072,service,0.0162062281372044,56.227683372743876,"[[10.2191695,50.0507228],[10.2193277,50.0506185]]",0,OSM_W307944373
H1,service::00073,service,0.0216699435232391,56.34741880650554,"[[10.2191695,50.0507228],[10.2194412,50.0506367]]",0,OSM_W307944374
H1,service::00074,service,0.0169520931280237,56.24402871262633,"[[10.2196221,50.0508009],[10.2195555,50.0506546]]",0,OSM_W307944375
H1,service::00075,service,0.0057244061431786,55.11111165221375,"[[10.2276937,50.0446196],[10.227664,50.0446674]]",0,OSM_W320124361
H1,service::00076,service,0.0460400092757626,110.98137191338012,"[[10.2281315,50.0446905],[10.2278064,50.0450478]]",0,OSM_W320124362
H1,service::00077,service,0.0303656672797807,26.384155221393033,"[[10.2280585,50.0456057],[10.2279732,50.0453382]]",0,OSM_W320124363
H1,service::00078,service,0.0330965052392589,26.44396545272751,"[[10.2234677,50.0483013],[10.2230146,50.0482414]]",0,OSM_W339523329
H1,service::00079,service,0.0163712273225716,26.077654207145454,"[[10.2223244,50.0481067],[10.2221725,50.0479966]]",0,OSM_W339523330
H1,service::00080,service,0.0325532868284822,22.884555373339605,"[[10.2277046,50.0463456],[10.2281561,50.0463817]]",0,OSM_W354840711
H1,service::00081,service,0.0154674133513296,26.057859338237296,"[[10.2222183,50.0476314],[10.2221394,50.0475019]]",0,OSM_W379537679
H1,service::00082,service,0.0151259724799398,110.30316743993573,"[[10.2375881,50.0448885],[10.2374074,50.0448179]]",0,OSM_W431896321
H1,service::00083,service,0.0118000683564127,110.23020351456412,"[[10.2372722,50.0445614],[10.2372799,50.0446674]]",0,OSM_W431896322
H1,service::00084,service,0.0145696294000018,110.29096233048563,"[[10.2368681,50.0448091],[10.2370537,50.0447552]]",0,OSM_W431896323
H1,service::00085,service,0.0257461986068332,84.64512650191486,"[[10.2356881,50.0440877],[10.2356255,50.0443157]]",0,OSM_W442866293
H1,service::00086,service,0.0142683103053901,33.57000159541532,"[[10.222679,50.0489005],[10.2225723,50.0487921]]",0,OSM_W487963032
H1,service::00087,service,0.0122453372849828,82.74699184831996,"[[10.2214119,50.0494823],[10.221265,50.0494258]]",0,OSM_W487968283
H1,service::00088,service,0.0115820897323032,82.73244942357725,"[[10.2214662,50.0494521],[10.2213772,50.0493651]]",0,OSM_W487968284
H1,service::00089,service,0.0332019939250688,83.20649368245299,"[[10.2214662,50.0494521],[10.2216797,50.049187]]",0,OSM_W487968285
H1,service::00090,service,0.0208973872578116,39.03645212172668,"[[10.2222184,50.0490561],[10.2219339,50.0490136]]",0,OSM_W487968287
H1,service::00091,service,0.0191735349632654,82.89890062732066,"[[10.2214662,50.0494521],[10.2215201,50.0492832]]",0,OSM_W487968290
H1,service::00092,service,0.0191411911700634,110.39125387932427,"[[10.2224452,50.0489929],[10.2222497,50.0488754]]",0,OSM_W488921303
H1,service::00093,service,0.0272660971316015,26.316269268297162,"[[10.2216192,50.0486055],[10.2219632,50.048711]]",0,OSM_W488921304
H1,service::00094,service,0.0160995925866721,55.3384746884743,"[[10.2216192,50.0486055],[10.2216052,50.04875]]",0,OSM_W488921305
H1,service::00095,service,0.0348633021471592,26.48266153795993,"[[10.2222184,50.0490561],[10.2217872,50.0489101]]",0,OSM_W488921306
H1,service::00096,service,0.0277612270347511,36.115032212455034,"[[10.2222184,50.0490561],[10.2220836,50.048822]]",0,OSM_W488921307
H1,service::00097,service,0.0124841447220492,110.24521081414443,"[[10.2226752,50.0491604],[10.2227868,50.0492467]]",0,OSM_W488921308
H1,service::00098,service,0.0372963108878043,26.53594897869646,"[[10.2281016,50.0443412],[10.2276021,50.0442453]]",0,OSM_W514675879
H1,service::00099,service,0.0164822551279515,26.080085882127666,"[[10.2281016,50.0443412],[10.2278797,50.0443014]]",0,OSM_W514675880
H1,service::00100,service,0.0235871530285439,26.235694259895425,"[[10.2277046,50.0463456],[10.227644,50.0461371]]",0,OSM_W514675888
H1,service::00101,service,0.0355625135256742,110.75151038873877,"[[10.2362676,50.0446344],[10.2357762,50.0445864]]",0,OSM_W518634750
H1,service::00102,service,0.0447988195866671,110.95414184744753,"[[10.2362676,50.0446344],[10.2356423,50.044655]]",0,OSM_W518634751
H1,service::00103,service,0.0532627009904111,111.1398288334833,"[[10.2362676,50.0446344],[10.2355352,50.0447201]]",0,OSM_W518634752
H1,service::00104,service,0.0601817830882569,111.291625867623,"[[10.2360655,50.0451354],[10.2354408,50.044773]]",0,OSM_W518634753
H1,service::00105,service,0.054992863835218,111.17778661345376,"[[10.2356524,50.045383],[10.2349986,50.045123]]",0,OSM_W518634756
H1,service::00106,service,0.04716437768267119,111.00603909971984,"[[10.2356524,50.045383],[10.2350749,50.0451785]]",0,OSM_W518634757
H1,service::00107,service,0.0395817128687258,110.8396857234336,"[[10.2356524,50.045383],[10.2351544,50.045228]]",0,OSM_W518634758
H1,service::00108,service,0.033248172597748,110.70073728531064,"[[10.2356524,50.045383],[10.2352208,50.0452722]]",0,OSM_W518634759
H1,service::00109,service,0.0272140691401221,110.56835875665654,"[[10.2356524,50.045383],[10.2352806,50.0453314]]",0,OSM_W518634760
H1,service::00110,service,0.0188694683869422,110.3852927765122,"[[10.2356524,50.045383],[10.2353887,50.0453853]]",0,OSM_W518634761
H1,service::00111,service,0.0154215784994228,110.309652476397,"[[10.2356524,50.045383],[10.2354667,50.0454534]]",0,OSM_W518634762
H1,service::00112,service,0.0086504085528877,110.1611062443901,"[[10.236038,50.045872],[10.2359525,50.045817]]",0,OSM_W518634767
H1,service::00113,service,0.0276060639790543,83.08379485258618,"[[10.2361033,50.0457375],[10.2360107,50.0454965]]",0,OSM_W518634770
H1,service::00114,service,0.0388066387686595,110.82268171125229,"[[10.2358869,50.0452561],[10.235442,50.0450565]]",0,OSM_W518634775
H1,service::00115,service,0.0294159739394413,110.61666492739542,"[[10.2358869,50.0452561],[10.2355353,50.045119]]",0,OSM_W518634776
H1,service::00116,service,0.0463047318103528,110.98717958069642,"[[10.2358869,50.0452561],[10.2353683,50.045007]]",0,OSM_W518634777
H1,service::00117,service,0.0586556956659012,111.25814511331303,"[[10.2358869,50.0452561],[10.2352649,50.0449125]]",0,OSM_W518634778
H1,service::00118,service,0.023708909778258,26.238360931549725,"[[10.2280631,50.0430979],[10.2277988,50.0432265]]",0,OSM_W52867764
H1,service::00119,service,0.0318806627220066,26.417336311341284,"[[10.2284357,50.0466757],[10.2286714,50.0464324]]",0,OSM_W53369503
H1,service::00120,service,0.0125607379225506,22.446717156621638,"[[10.2223111,50.0426956],[10.222464,50.0426401]]",0,OSM_W533758949
H1,service::00121,service,0.0122160233686088,110.23932875418035,"[[10.2226369,50.0417918],[10.2225089,50.0417191]]",0,OSM_W533758950
H1,service::00122,service,0.0116736931849499,110.22743109106784,"[[10.222565,50.0415967],[10.2227262,50.0415805]]",0,OSM_W533758951
H1,service::00123,service,0.0127182818451804,22.450167349769576,"[[10.2232541,50.041972],[10.2234198,50.0419306]]",0,OSM_W533758952
H1,service::00124,service,0.0135070831641319,22.46744201184559,"[[10.2236086,50.0418975],[10.2235961,50.0420187]]",0,OSM_W533758953
H1,service::00125,service,0.0220627851504745,110.45534841741812,"[[10.2230479,50.0420944],[10.2228851,50.0419259]]",0,OSM_W533758955
H1,service::00126,service,0.017373859394822,26.09961335749779,"[[10.2231413,50.0412761],[10.2229741,50.0413894]]",0,OSM_W533759905
H1,service::00127,service,0.032459701156797596,26.43001829265048,"[[10.2211804,50.0413186],[10.2212993,50.0416003]]",0,OSM_W533759906
H1,service::00128,service,0.0171071698630403,26.093772453778648,"[[10.2220386,50.0419103],[10.2220205,50.0417569]]",0,OSM_W533759907
H1,service::00129,service,0.015387236134015898,26.05610333879757,"[[10.222493,50.0415586],[10.2224472,50.0414234]]",0,OSM_W533759908
H1,service::00130,service,0.0212865654047182,26.185307687015182,"[[10.2219399,50.0410045],[10.2220225,50.0411884]]",0,OSM_W533759909
H1,service::00131,service,0.0201873632557504,26.16123342583815,"[[10.2232884,50.0413554],[10.2234123,50.0415185]]",0,OSM_W533759910
H1,service::00132,service,0.0128188722611936,25.999852442607033,"[[10.2233058,50.0409507],[10.2234696,50.0409974]]",0,OSM_W533759915
H1,service::00133,service,0.0209868036131056,26.178742428588947,"[[10.2231439,50.0410773],[10.2228606,50.0411262]]",0,OSM_W533759916
H1,service::00134,service,0.015989683375375,110.3221156265872,"[[10.2228874,50.0407182],[10.2229093,50.0405751]]",0,OSM_W533759917
H1,service::00135,service,0.0128064703439638,25.99958082292603,"[[10.2217481,50.0408986],[10.2218294,50.040796]]",0,OSM_W533759918
H1,service::00136,service,0.0129869595725913,26.003533794823785,"[[10.2219399,50.0410045],[10.2221053,50.0409564]]",0,OSM_W533759919
H1,service::00137,service,0.0350583699004468,26.486933882343465,"[[10.2228116,50.0408932],[10.2224226,50.0410849]]",0,OSM_W533759920
H1,service::00138,service,0.0313844599329094,26.406468584474176,"[[10.2219399,50.0410045],[10.2223177,50.0408611]]",0,OSM_W533759921
H1,service::00139,service,0.0307486466590904,26.39254314562317,"[[10.2228116,50.0408932],[10.2224362,50.0407586]]",0,OSM_W533759922
H1,service::00140,service,0.0089600844893852,22.36786340399284,"[[10.2232786,50.0421469],[10.2232246,50.0420742]]",0,OSM_W537253352
H1,service::00141,service,0.0271802769270001,26.314389659823537,"[[10.2217481,50.0408986],[10.2219629,50.040697]]",0,OSM_W537253355
H1,service::00142,service,0.0441847638358434,26.68681958998843,"[[10.2217481,50.0408986],[10.2221194,50.0405811]]",0,OSM_W537253356
H1,service::00143,service,0.0083429540131744,22.35434836691111,"[[10.2230479,50.0420944],[10.2231477,50.0421332]]",0,OSM_W537253358
H1,service::00144,service,0.0216590555397604,26.19346581383793,"[[10.2204461,50.0476459],[10.22043,50.0474514]]",0,OSM_W656607000
H1,service::00145,service,0.0295485023915101,26.36625787767204,"[[10.2217606,50.0484431],[10.2218607,50.0481853]]",0,OSM_W656607001
H1,service::00146,service,0.0216109837673018,26.192412965360248,"[[10.2217606,50.0484431],[10.221749,50.0482489]]",0,OSM_W656607002
H1,service::00147,service,0.0168892650171757,26.08900000940128,"[[10.2217606,50.0484431],[10.2216309,50.0483162]]",0,OSM_W656607003
H1,service::00148,service,0.0187502660998475,26.12975876565202,"[[10.2217606,50.0484431],[10.2215169,50.0483811]]",0,OSM_W656607004
H1,service::00149,service,0.0155897371698187,26.060538410707526,"[[10.2215465,50.0485515],[10.2214039,50.0484455]]",0,OSM_W656607005
H1,service::00150,service,0.0152237930735878,26.052523694831944,"[[10.2206665,50.0479795],[10.2208763,50.0480023]]",0,OSM_W656607006
H1,service::00151,service,0.0151529809864911,26.0509728058937,"[[10.220714,50.0481264],[10.2209183,50.0480905]]",0,OSM_W656607007
H1,service::00152,service,0.0162816354469319,26.075692011253597,"[[10.2207612,50.0482187],[10.2209758,50.04817]]",0,OSM_W656607008
H1,service::00153,service,0.0303089727245324,26.382913510824622,"[[10.220919,50.0484269],[10.2212656,50.0482702]]",0,OSM_W656607009
H1,service::00154,service,0.0162966179255235,26.076020149902096,"[[10.2208715,50.0483769],[10.2210804,50.0483185]]",0,OSM_W656607010
H1,service::00155,service,0.0143276138433155,26.032896057614767,"[[10.2210828,50.0485582],[10.2212738,50.0485195]]",0,OSM_W656607011
H1,service::00156,service,0.0180066708835358,26.113472890711762,"[[10.2209443,50.0476241],[10.2210001,50.047782]]",0,OSM_W656607012
H1,service::00157,service,0.0160506880161156,26.070633918278208,"[[10.2206393,50.0477318],[10.2208491,50.0477829]]",0,OSM_W656607013
H1,service::00158,service,0.018115580848692,26.11585818521595,"[[10.2212614,50.0476194],[10.2212922,50.0477811]]",0,OSM_W656607014
H1,service::00159,service,0.0206666125352056,26.17172973829833,"[[10.2216022,50.047613],[10.2214777,50.0477807]]",0,OSM_W656607015
H1,service::00160,service,0.043604295930975,26.674106171097062,"[[10.2163985,50.0472074],[10.2158048,50.0472959]]",0,OSM_W656607091
H1,service::00161,service,0.0280934244634635,26.334389151465384,"[[10.2164326,50.0472551],[10.2161995,50.0474584]]",0,OSM_W656607092
H1,service::00162,service,0.0178546347209309,26.1101430670227,"[[10.2154632,50.0477421],[10.2154102,50.0475852]]",0,OSM_W656607094
H1,service::00163,service,0.0050780534414462,25.83031803640941,"[[10.2139493,50.047566],[10.2139699,50.0476097]]",0,OSM_W656607102
H1,service::00164,service,0.0166861709188779,26.084551943520832,"[[10.2132017,50.0476039],[10.2133051,50.0474694]]",0,OSM_W656607118
H1,service::00165,service,0.0211688293656806,26.18272908091805,"[[10.2233073,50.0477712],[10.2233627,50.0475842]]",0,OSM_W656829292
H1,service::00166,service,0.0119730811501225,20.064121884130504,"[[10.223586,50.0474244],[10.2235058,50.0475189]]",0,OSM_W656829294
H1,service::00167,service,0.0166041263328111,26.082755044045303,"[[10.2228026,50.0475112],[10.2230345,50.0475168]]",0,OSM_W656829297
H1,service::00168,service,0.0130699710438658,26.005351864817385,"[[10.2233073,50.0477712],[10.2233927,50.0476673]]",0,OSM_W656829300
H1,service::00169,service,0.0135043187656874,26.01486470352923,"[[10.2230344,50.0477246],[10.2231251,50.0476181]]",0,OSM_W656829302
H1,service::00170,service,0.0102553258121796,25.94370718027009,"[[10.2216738,50.0473874],[10.221777,50.0473234]]",0,OSM_W656829309
H1,service::00171,service,0.015675484163517,26.06241639680903,"[[10.2215696,50.0473728],[10.2214288,50.0474808]]",0,OSM_W656829311
H1,service::00172,service,0.0232212186622449,26.22767970138173,"[[10.2201909,50.0424554],[10.2201307,50.0422502]]",0,OSM_W658221603
H1,service::00173,service,0.0134798298072958,26.01432836008546,"[[10.2206361,50.0422637],[10.2205566,50.0421538]]",0,OSM_W658221604
H1,service::00174,service,0.0267097497590593,26.304084316902244,"[[10.2196684,50.0421639],[10.2197056,50.0419249]]",0,OSM_W658221613
H1,service::00175,service,0.0226600514254484,26.215389230039072,"[[10.2196684,50.0421639],[10.2193534,50.0421428]]",0,OSM_W658221622
H1,service::00176,service,0.0180807157755947,26.115094586863815,"[[10.2196684,50.0421639],[10.2194157,50.0421642]]",0,OSM_W658221623
H1,service::00177,service,0.0108450617150015,25.956623212499533,"[[10.2196684,50.0421639],[10.2195906,50.0422476]]",0,OSM_W658221624
H1,service::00178,service,0.0163337010292844,26.076832325254202,"[[10.2196684,50.0421639],[10.2194627,50.0421002]]",0,OSM_W658221625
H1,service::00179,service,0.0173874895510364,26.099911878550706,"[[10.2210426,50.0419613],[10.2209837,50.042113]]",0,OSM_W658221663
H1,service::00180,service,0.011704186564802101,25.97543924724741,"[[10.2206361,50.0422637],[10.2207937,50.0422919]]",0,OSM_W658221664
H1,service::00181,service,0.0131187273088645,22.45893705987367,"[[10.221861,50.0424328],[10.2220382,50.0424025]]",0,OSM_W658221666
H1,service::00182,service,0.016541608040277603,22.53389788315388,"[[10.2219582,50.0425184],[10.2221807,50.042478]]",0,OSM_W658221667
H1,service::00183,service,0.0148856050728443,22.497631518386857,"[[10.2223111,50.0426956],[10.2223175,50.0425618]]",0,OSM_W658221668
H1,service::00184,service,0.025387812047465,26.275131661775497,"[[10.221861,50.0424328],[10.2221779,50.0423301]]",0,OSM_W658221675
H1,service::00185,service,0.028246134763575702,26.33773376957382,"[[10.2219582,50.0425184],[10.2223048,50.0423968]]",0,OSM_W658221676
H1,service::00186,service,0.0249789345371828,26.266176564624164,"[[10.2222311,50.0420132],[10.222306,50.0422326]]",0,OSM_W658221677
H1,service::00187,service,0.0087644756972689,25.911055529553828,"[[10.2230479,50.0420944],[10.2230326,50.0420162]]",0,OSM_W658221683
H1,service::00188,service,0.0079890848229358,25.89407342867271,"[[10.2228874,50.0407182],[10.2228966,50.0407898]]",0,OSM_W658485002
H1,service::00189,service,0.0119393798443389,25.980590311178247,"[[10.2228874,50.0407182],[10.2228079,50.0406238]]",0,OSM_W658485004
H1,service::00190,service,0.0157585761014349,26.064236233392005,"[[10.2228116,50.0408932],[10.2226074,50.0409463]]",0,OSM_W658485012
H1,service::00191,service,0.0311356327746273,26.40101882728469,"[[10.2223074,50.0417035],[10.221938,50.0415555]]",0,OSM_W658485016
H1,service::00192,service,0.0227244690173244,26.216800079326056,"[[10.2223074,50.0417035],[10.2221259,50.0415358]]",0,OSM_W658485019
H1,service::00193,service,0.0135497148475269,26.015858943105204,"[[10.222493,50.0415586],[10.2223055,50.0415415]]",0,OSM_W658485020
H1,service::00194,service,0.0271172478846288,26.31300921666323,"[[10.2226666,50.041423],[10.2223293,50.0413118]]",0,OSM_W658485021
H1,service::00195,service,0.0325591936581742,26.4321973576992,"[[10.2219695,50.0419635],[10.221554,50.0418441]]",0,OSM_W658485029
H1,service::00196,service,0.0170931023200812,26.09346435336912,"[[10.221861,50.0424328],[10.2216537,50.0425092]]",0,OSM_W658511414
H1,service::00197,service,0.0385273970917197,26.562912111442902,"[[10.2211804,50.0413186],[10.2206427,50.0413371]]",0,OSM_W658511420
H1,service::00198,service,0.0438944587316314,26.68046132137299,"[[10.2205506,50.0408634],[10.2204642,50.0412542]]",0,OSM_W658511421
H1,service::00199,service,0.0173265521804948,26.09857725792306,"[[10.2211804,50.0413186],[10.2209387,50.0413282]]",0,OSM_W658511422
H1,service::00200,service,0.0306922162834228,26.391307220640893,"[[10.2211804,50.0413186],[10.2207974,50.0414429]]",0,OSM_W658511423
H1,service::00201,service,0.0218779118900736,110.45129262444664,"[[10.2204498,50.0408169],[10.2202192,50.0409461]]",0,OSM_W658511429
H1,service::00202,service,0.0083214536136196,25.90135274989342,"[[10.2211751,50.0408819],[10.2212694,50.0408381]]",0,OSM_W658511430
H1,service::00203,service,0.0149625397906511,26.046801863861443,"[[10.2212493,50.0409918],[10.2212166,50.0411247]]",0,OSM_W658511431
H1,service::00204,service,0.023798184895870596,26.2403162025961,"[[10.2206053,50.0408564],[10.2207648,50.0410442]]",0,OSM_W658511433
H1,service::00205,service,0.0037808293291808,25.80190718473428,"[[10.2205506,50.0408634],[10.2205296,50.0408322]]",0,OSM_W658511437
H1,service::00206,service,0.0188280877014379,110.38438495978697,"[[10.2208082,50.0407017],[10.2207002,50.0405473]]",0,OSM_W658511438
H1,service::00207,service,0.0173636195951621,26.099389090387692,"[[10.2215928,50.0408185],[10.2215483,50.040665]]",0,OSM_W658511447
H1,service::00208,service,0.0210882115064857,26.180963422016763,"[[10.2211413,50.0405637],[10.221431,50.0405986]]",0,OSM_W658511448
H1,service::00209,service,0.0132022646695393,26.00824928477639,"[[10.2211413,50.0405637],[10.2213208,50.0405362]]",0,OSM_W658511449
H1,service::00210,service,0.0113289421323684,25.96722086808313,"[[10.2211413,50.0405637],[10.2212056,50.0404706]]",0,OSM_W658511450
H1,service::00211,service,0.0368070669114806,26.525233611754953,"[[10.2215928,50.0408185],[10.2217459,50.0405025]]",0,OSM_W658511455
H1,service::00212,service,0.0205017445192241,26.168118869130307,"[[10.2236086,50.0418975],[10.2235778,50.0417142]]",0,OSM_W658511547
H1,service::00213,service,0.0186218818598127,26.12694695326951,"[[10.230703,50.0428265],[10.230791,50.0429841]]",0,OSM_W658741696
H1,service::00214,service,0.0239959150038322,26.244646815802543,"[[10.2306454,50.0431383],[10.2309805,50.0431296]]",0,OSM_W658741698
H1,service::00215,service,0.0337431632292606,26.458128439088927,"[[10.2306454,50.0431383],[10.231117,50.0431373]]",0,OSM_W658741700
H1,service::00216,service,0.0286316625720621,26.34617749334613,"[[10.2316667,50.0432904],[10.2313129,50.0431701]]",0,OSM_W658741701
H1,service::00217,service,0.021378430883085,110.44033489616103,"[[10.2317401,50.042976],[10.2314546,50.0430327]]",0,OSM_W658741702
H1,service::00218,service,0.0060348018452236,25.851272059212665,"[[10.2309784,50.0428225],[10.2310224,50.0428688]]",0,OSM_W658741707
H1,service::00219,service,0.0307177165359086,26.391865721241057,"[[10.2317128,50.0429282],[10.2313126,50.0430282]]",0,OSM_W658741708
H1,service::00220,service,0.0185514927356482,26.125405323286262,"[[10.2316002,50.042814],[10.2314308,50.0429403]]",0,OSM_W658741709
H1,service::00221,service,0.0209031563235383,26.17691042065305,"[[10.2309784,50.0428225],[10.2311146,50.0429888]]",0,OSM_W658741710
H1,service::00222,service,0.0106158134797445,110.20422329631825,"[[10.2317128,50.0429282],[10.2315694,50.0429527]]",0,OSM_W658741712
H1,service::00223,service,0.0197353430794869,55.41814943085148,"[[10.2314863,50.042754],[10.2313663,50.0429138]]",0,OSM_W658741713
H1,service::00224,service,0.0175267511362055,82.86279289677847,"[[10.2314863,50.042754],[10.2313021,50.0428579]]",0,OSM_W658741714
H1,service::00225,service,0.0135884708961805,82.77644154085338,"[[10.2309784,50.0428225],[10.2311539,50.0427758]]",0,OSM_W658741716
H1,service::00226,service,0.0119006357387229,51.69897725701314,"[[10.2309784,50.0428225],[10.2310596,50.0427291]]",0,OSM_W658741717
H1,service::00227,service,0.0104514883329659,25.948003410150257,"[[10.2303951,50.0426831],[10.2304977,50.04275]]",0,OSM_W658741719
H1,service::00228,service,0.0137186287920822,26.019558402121373,"[[10.2303643,50.043055],[10.2303938,50.0429331]]",0,OSM_W658741720
H1,service::00229,service,0.012018124913265999,110.23498724862576,"[[10.2318052,50.0428399],[10.2317956,50.042732]]",0,OSM_W658741723
H1,service::00230,service,0.0106863850962156,25.95314797435206,"[[10.2292707,50.0434216],[10.2291233,50.0434061]]",0,OSM_W658741741
H1,service::00231,service,0.0333133971557965,26.44871577937514,"[[10.2286986,50.0433164],[10.229043,50.0431148]]",0,OSM_W658741742
H1,service::00232,service,0.0148633311880503,26.04462904995628,"[[10.2294147,50.0428065],[10.229207,50.0428089]]",0,OSM_W658741743
H1,service::00233,service,0.0352876323130016,26.491955153900868,"[[10.2283037,50.0431092],[10.2286663,50.0428941]]",0,OSM_W658741744
H1,service::00234,service,0.0753280409643289,111.62392125742277,"[[10.2360374,50.0442938],[10.2351731,50.0446806]]",0,OSM_W659716948
H1,service::00235,service,0.0165403230701361,110.33419562949733,"[[10.2352579,50.0438339],[10.235489,50.0438302]]",0,OSM_W659716957
H1,service::00236,service,0.0132887054887594,110.26286131762382,"[[10.2356525,50.0440667],[10.2356448,50.0439473]]",0,OSM_W659716958
H1,service::00237,service,0.0384736333608177,110.8153760545638,"[[10.2338725,50.0436422],[10.2335328,50.0439104]]",0,OSM_W659716970
H1,service::00238,service,0.0515639805542423,111.10256091930547,"[[10.2339526,50.0436909],[10.234055,50.0441499]]",0,OSM_W659716990
H1,service::00239,service,0.0621460981685353,111.33472094162651,"[[10.2339526,50.0436909],[10.2341758,50.044231]]",0,OSM_W659716991
H1,service::00240,service,0.0579080807789724,111.24174324456362,"[[10.2350572,50.0437295],[10.2345494,50.044135]]",0,OSM_W659716993
H1,service::00241,service,0.0380717830279784,110.80656004267719,"[[10.2350572,50.0437295],[10.2347521,50.04401]]",0,OSM_W659716996
H1,service::00242,service,0.0279353249962828,110.58418191400393,"[[10.2350572,50.0437295],[10.2348527,50.0439435]]",0,OSM_W659716997
H1,service::00243,service,0.0191888397866914,110.39229920330759,"[[10.2350572,50.0437295],[10.2349206,50.043878]]",0,OSM_W659716998
H1,service::00244,service,0.009518571441222,110.18015199214844,"[[10.2350572,50.0437295],[10.2350038,50.0438079]]",0,OSM_W659716999
H1,service::00245,service,0.0145354411044022,110.29021230447181,"[[10.2350572,50.0437295],[10.2352561,50.0437029]]",0,OSM_W659717034
H1,service::00246,service,0.0129575879438653,110.25559723910652,"[[10.2335605,50.0426514],[10.2336189,50.0427617]]",0,OSM_W659717053
H1,service::00247,service,0.0147458763393568,110.29482885261405,"[[10.2334324,50.0427048],[10.2335342,50.0428201]]",0,OSM_W659717054
H1,service::00248,service,0.0407173889907794,110.86460084658836,"[[10.2332486,50.0434082],[10.2327065,50.0435196]]",0,OSM_W659717079
H1,service::00249,service,0.0283577885580216,110.59345006854038,"[[10.2321495,50.0432051],[10.2324008,50.0434023]]",0,OSM_W659717081
H1,service::00250,service,0.0136090457561659,26.0171583755175,"[[10.2326129,50.0430704],[10.2325085,50.0429681]]",0,OSM_W659717084
H1,service::00251,service,0.0193424446817076,110.3956690156155,"[[10.2321234,50.0428287],[10.2321294,50.0430026]]",0,OSM_W659717085
H1,service::00252,service,0.0156114836979517,26.06101469185386,"[[10.232695,50.0428718],[10.2325335,50.0427774]]",0,OSM_W659717114
H1,service::00253,service,0.0170096461142936,110.34449170206062,"[[10.2219534,50.0594066],[10.2219465,50.0592537]]",0,OSM_W659991326
H1,service::00254,service,0.0370779464493865,110.78475672672315,"[[10.2217146,50.0597059],[10.2212226,50.0596012]]",0,OSM_W659991327
H1,service::00255,service,0.0112478096932278,110.21808804447143,"[[10.2214688,50.0599925],[10.2214879,50.0598921]]",0,OSM_W659991328
H1,service::00256,service,0.0193264264785394,110.39531760532086,"[[10.2214688,50.0599925],[10.2212356,50.0599048]]",0,OSM_W659991329
H1,service::00257,service,0.0134392032547766,110.26616294822243,"[[10.2212572,50.0606068],[10.2210931,50.060548]]",0,OSM_W659991334
H1,service::00258,service,0.024232416264426,110.50294634267878,"[[10.2219534,50.0594066],[10.2216957,50.0592652]]",0,OSM_W659991337
H1,service::00259,service,0.0314744135382762,110.66182379118648,"[[10.2215564,50.059003],[10.2214449,50.0592768]]",0,OSM_W659991339
H1,service::00260,service,0.0140524968151897,110.27961743004653,"[[10.2217146,50.0597059],[10.2217212,50.0595796]]",0,OSM_W659991340
H1,service::00261,service,0.0215987895733312,110.44516917479477,"[[10.2217146,50.0597059],[10.2214719,50.0595904]]",0,OSM_W659991341
H1,service::00262,service,0.0134060920236968,110.2654365516641,"[[10.2348822,50.0461882],[10.2350631,50.0462196]]",0,OSM_W660042501
H1,service::00263,service,0.0113079777592393,110.21940801335,"[[10.2348822,50.0461882],[10.2349622,50.0462759]]",0,OSM_W660042502
H1,service::00264,service,0.0130869834780599,110.25843592661259,"[[10.2348822,50.0461882],[10.2348893,50.0463058]]",0,OSM_W660042503
H1,service::00265,service,0.0179348628118639,110.36478924370006,"[[10.2348822,50.0461882],[10.2348342,50.0463465]]",0,OSM_W660042504
H1,service::00266,service,0.012971293053746,110.25589790266862,"[[10.2345848,50.0464302],[10.2347616,50.0464044]]",0,OSM_W660042505
H1,service::00267,service,0.0087319598086089,110.16289531431637,"[[10.2345848,50.0464302],[10.2346648,50.0464895]]",0,OSM_W660042510
H1,service::00268,service,0.0110269883532228,110.21324365972978,"[[10.2344011,50.0465966],[10.2345074,50.0466684]]",0,OSM_W660042512
H1,service::00269,service,0.0088844955929268,110.16624164184701,"[[10.236145,50.0450757],[10.2362685,50.0450674]]",0,OSM_W660042547
H1,service::00270,service,0.0088971308894417,110.16651883479429,"[[10.2368681,50.0448091],[10.2368265,50.0448845]]",0,OSM_W660042554
H1,service::00271,service,0.0074912626848839,110.13567693768555,"[[10.2369855,50.0449289],[10.2368814,50.0449361]]",0,OSM_W660042555
H1,service::00272,service,0.0071779542259927,110.12880359066912,"[[10.2369855,50.0449289],[10.2369348,50.0449846]]",0,OSM_W660042556
H1,service::00273,service,0.0134351196334969,110.26607336144525,"[[10.2371656,50.0451184],[10.2369867,50.0450817]]",0,OSM_W660042557
H1,service::00274,service,0.0117597122940194,110.22931818164241,"[[10.2367492,50.0453611],[10.2367194,50.0452571]]",0,OSM_W660042560
H1,service::00275,service,0.0082716114428266,110.15279620212128,"[[10.2367492,50.0453611],[10.2366363,50.0453451]]",0,OSM_W660042561
H1,service::00276,service,0.0142095702710228,110.2830633208904,"[[10.2367492,50.0453611],[10.2365555,50.0453893]]",0,OSM_W660042562
H1,service::00277,service,0.0234920777374477,110.48670459561517,"[[10.2367492,50.0453611],[10.2364547,50.0454545]]",0,OSM_W660042563
H1,service::00278,service,0.0319882793656912,110.67309719599012,"[[10.2361033,50.0457375],[10.2363551,50.0454998]]",0,OSM_W660042564
H1,service::00279,service,0.0165954900777283,110.33540589057029,"[[10.236145,50.0450757],[10.2362124,50.0449329]]",0,OSM_W660042575
H1,service::00280,service,0.0187002269274923,110.38157992794345,"[[10.2365294,50.0448611],[10.2362741,50.0448971]]",0,OSM_W660042576
H1,service::00281,service,0.0106572278075258,110.20513184460529,"[[10.2365858,50.0446044],[10.2364677,50.0446628]]",0,OSM_W660042581
H1,service::00282,service,0.0100847416593146,110.19257263582246,"[[10.2365197,50.0445669],[10.2364147,50.0446274]]",0,OSM_W660042582
H1,service::00283,service,0.0129881349653704,110.25626738158947,"[[10.2362676,50.0446344],[10.2362188,50.0445219]]",0,OSM_W660042584
H1,service::00284,service,0.0084621364848845,110.15697593575997,"[[10.2367784,50.0459747],[10.236686,50.0459272]]",0,OSM_W660042588
H1,service::00285,service,0.0173149176906242,110.35118879353979,"[[10.2371547,50.0457493],[10.2369212,50.0457084]]",0,OSM_W660042589
H1,service::00286,service,0.0139716747807613,110.27784434955922,"[[10.2371547,50.0457493],[10.2371495,50.0456237]]",0,OSM_W660042590
H1,service::00287,service,0.0297366273631629,110.62369954398211,"[[10.2371547,50.0457493],[10.2373442,50.0455113]]",0,OSM_W660042592
H1,service::00288,service,0.0225678330555819,110.46642828020538,"[[10.2376785,50.0452213],[10.2375193,50.0453965]]",0,OSM_W660042593
H1,service::00289,service,0.0135098345082172,110.26771246178778,"[[10.2372339,50.0451208],[10.2371982,50.0452401]]",0,OSM_W660042597
H1,service::00290,service,0.0192679590638632,110.39403493643863,"[[10.2371656,50.0451184],[10.2370829,50.0452833]]",0,OSM_W660042598
H1,service::00291,service,0.0184019365592411,110.37503598330188,"[[10.2367492,50.0453611],[10.2370052,50.045377]]",0,OSM_W660042599
H1,service::00292,service,0.0108018559587059,110.2083046999112,"[[10.2367492,50.0453611],[10.2368749,50.0454149]]",0,OSM_W660042600
H1,service::00293,service,0.0128570216837296,110.25339101027942,"[[10.2367492,50.0453611],[10.2367458,50.0454767]]",0,OSM_W660042601
H1,service::00294,service,0.0198213933714459,110.40617628254385,"[[10.2367492,50.0453611],[10.2366467,50.0455267]]",0,OSM_W660042602
H1,service::00295,service,0.0262383552866441,110.54695322863736,"[[10.2367492,50.0453611],[10.2366041,50.0455778]]",0,OSM_W660042603
H1,service::00296,service,0.0320868866608395,110.67526048491018,"[[10.2361848,50.0458135],[10.2365266,50.0456267]]",0,OSM_W660042604
H1,service::00297,service,0.011382991035736702,110.22105365700851,"[[10.2361848,50.0458135],[10.2363068,50.0457478]]",0,OSM_W660042606
H1,service::00298,service,0.0113533504728899,110.22040340138012,"[[10.2363817,50.0459734],[10.236444,50.0458795]]",0,OSM_W660042607
H1,service::00299,service,0.0172857341261795,110.35054856025445,"[[10.2365153,50.0460635],[10.2363248,50.0461591]]",0,OSM_W660042608
H1,service::00300,service,0.0058322719830233,110.09928209485413,"[[10.2373498,50.0450579],[10.2372857,50.0450255]]",0,OSM_W660042614
H1,service::00301,service,0.0129998490596881,110.25652436613358,"[[10.2371656,50.0451184],[10.2371673,50.0450015]]",0,OSM_W660042615
H1,service::00302,service,0.0062141327898513,110.10765933067287,"[[10.2369855,50.0449289],[10.2370723,50.044927]]",0,OSM_W660042616
H1,service::00303,service,0.0220796774038862,110.45571900367014,"[[10.2372722,50.0445614],[10.2375268,50.0446736]]",0,OSM_W660042620
H1,service::00304,service,0.0119516200069111,110.2335282610523,"[[10.2375095,50.0444673],[10.237352,50.0444315]]",0,OSM_W660042636
H1,service::00305,service,0.0070343088415359,110.12565230524896,"[[10.2372722,50.0445614],[10.237244,50.0445008]]",0,OSM_W660042637
H1,service::00306,service,0.0135744628545829,110.26913028322534,"[[10.2367983,50.0447444],[10.2369293,50.0446561]]",0,OSM_W660042641
H1,service::00307,service,0.011831590609207,110.23089505103675,"[[10.2367563,50.0447161],[10.2368391,50.044624]]",0,OSM_W660042642
H1,service::00308,service,0.0142610697506673,110.28419312096085,"[[10.2365858,50.0446044],[10.2367824,50.0445833]]",0,OSM_W660042643
H1,service::00309,service,0.0100388952438917,110.1915668568176,"[[10.2365858,50.0446044],[10.2366987,50.0445508]]",0,OSM_W660042645
H1,service::00310,service,0.0110253906652825,110.21320860961039,"[[10.2364357,50.0445191],[10.2365684,50.0444687]]",0,OSM_W660042646
H1,service::00311,service,0.0211800102005728,84.54500366303093,"[[10.2364357,50.0445191],[10.2363367,50.0443396]]",0,OSM_W660042647
H1,service::00312,service,0.016966606601956,110.3435474952296,"[[10.2335311,50.0467498],[10.2333504,50.046651]]",0,OSM_W660052739
H1,service::00313,service,0.034273082070373,110.72322222037573,"[[10.2339615,50.0459157],[10.2335539,50.0460776]]",0,OSM_W660052740
H1,service::00314,service,0.031591280391546,110.66438766495922,"[[10.2337819,50.0464186],[10.2335251,50.0461875]]",0,OSM_W660052741
H1,service::00315,service,0.0130336277390275,56.1581571929318,"[[10.2337819,50.0464186],[10.2336808,50.0463211]]",0,OSM_W660052745
H1,service::00316,service,0.008186177416255,56.05192776431679,"[[10.2337819,50.0464186],[10.2336682,50.0464104]]",0,OSM_W660052746
H1,service::00317,service,0.0123870991488027,110.24308182323705,"[[10.2336846,50.0465708],[10.2335886,50.0464781]]",0,OSM_W660052747
H1,service::00318,service,0.0128128667672824,110.25242233705579,"[[10.2339512,50.0466408],[10.234033,50.0467433]]",0,OSM_W660052754
H1,service::00319,service,0.01007084408506,110.19226775073017,"[[10.2337649,50.0465932],[10.2338139,50.0466781]]",0,OSM_W660052760
H1,service::00320,service,0.0120297494790101,110.23524226887125,"[[10.2342394,50.0467511],[10.2342022,50.0466456]]",0,OSM_W660052773
H1,service::00321,service,0.010526761774948,110.20226967848608,"[[10.2344011,50.0465966],[10.2342679,50.0465564]]",0,OSM_W660052774
H1,service::00322,service,0.014819317683111,110.2964400159774,"[[10.2344011,50.0465966],[10.2343804,50.046464]]",0,OSM_W660052775
H1,service::00323,service,0.0103982187639085,110.1994496999648,"[[10.2345848,50.0464302],[10.2344874,50.0463608]]",0,OSM_W660052779
H1,service::00324,service,0.0371444293058849,110.78621526243464,"[[10.2353925,50.0459069],[10.2348887,50.0458263]]",0,OSM_W660052798
H1,service::00325,service,0.010201647886999,110.19513732570229,"[[10.2353243,50.0460771],[10.2352613,50.0459948]]",0,OSM_W660052802
H1,service::00326,service,0.0129468730569602,110.2553621752465,"[[10.2353243,50.0460771],[10.2351452,50.0460605]]",0,OSM_W660052803
H1,service::00327,service,0.0129891259189401,110.25628912119161,"[[10.2348822,50.0461882],[10.2349048,50.0460723]]",0,OSM_W660052804
H1,service::00328,service,0.0189183141490261,110.38636436343675,"[[10.2339684,50.0457684],[10.2342205,50.0457171]]",0,OSM_W660052812
H1,service::00329,service,0.012579264807922,110.24729756378254,"[[10.2344683,50.0455782],[10.2342934,50.0455897]]",0,OSM_W660052814
H1,service::00330,service,0.0136541384297457,110.27087821198965,"[[10.2344683,50.0455782],[10.234394,50.0454651]]",0,OSM_W660052817
H1,service::00331,service,0.0267408813509646,110.55797780669238,"[[10.2344683,50.0455782],[10.2345476,50.0453432]]",0,OSM_W660052818
H1,service::00332,service,0.0359850016452486,110.76077914351039,"[[10.2344683,50.0455782],[10.2346226,50.0452702]]",0,OSM_W660052819
H1,service::00333,service,0.0200712636999361,110.4116579867998,"[[10.2353925,50.0459069],[10.2352056,50.0457723]]",0,OSM_W660052824
H1,service::00334,service,0.0274960809793132,110.57454562753598,"[[10.2353925,50.0459069],[10.2351038,50.0457437]]",0,OSM_W660052825
H1,service::00335,service,0.0364973191681925,110.7720186250377,"[[10.2353925,50.0459069],[10.2349969,50.0456997]]",0,OSM_W660052826
H1,service::00336,service,0.0310818529505762,110.65321163518229,"[[10.2344683,50.0455782],[10.2348885,50.0456491]]",0,OSM_W660052827
H1,service::00337,service,0.0198771071197556,110.40739854157432,"[[10.2344683,50.0455782],[10.2347445,50.0455974]]",0,OSM_W660052828
H1,service::00338,service,0.0087269861739958,110.16278620280939,"[[10.2344683,50.0455782],[10.2345679,50.0455329]]",0,OSM_W660052829
H1,service::00339,service,0.012364938783296,110.2425956679943,"[[10.2353925,50.0459069],[10.2353343,50.0458022]]",0,OSM_W660052830
H1,service::00340,service,0.0065965756183692,110.11604933763114,"[[10.2353925,50.0459069],[10.2354471,50.0458591]]",0,OSM_W660052835
H1,service::00341,service,0.0169552887657494,26.09044602885805,"[[10.2285346,50.0443476],[10.228389,50.0444679]]",0,OSM_W660310648
H1,service::00342,service,0.0125357050016664,25.993650676362037,"[[10.2281016,50.0443412],[10.228231,50.0444172]]",0,OSM_W660310650
H1,service::00343,service,0.010910394484985,25.958054090964037,"[[10.2281016,50.0443412],[10.2282527,50.0443544]]",0,OSM_W660310651
H1,service::00344,service,0.0109455194874216,25.958823377369008,"[[10.2284526,50.0440629],[10.2284098,50.0441574]]",0,OSM_W660310652
H1,service::00345,service,0.0090153617221621,25.91655027269127,"[[10.2281819,50.0441886],[10.2283079,50.0441883]]",0,OSM_W660310653
H1,service::00346,service,0.0093710298042717,25.924339886599114,"[[10.2281353,50.0442653],[10.2282621,50.0442864]]",0,OSM_W660310654
H1,service::00347,service,0.009601209308145,25.929381131545142,"[[10.2281819,50.0441886],[10.2282926,50.0442374]]",0,OSM_W660310655
H1,service::00348,service,0.0323617217320197,26.427872366889826,"[[10.2290829,50.0440831],[10.2295195,50.0440071]]",0,OSM_W660310670
H1,service::00349,service,0.0203069338091263,26.163852208477575,"[[10.2290829,50.0440831],[10.2293665,50.0440902]]",0,OSM_W660310679
H1,service::00350,service,0.0246772406673661,26.25956896941163,"[[10.2290721,50.0440641],[10.2293727,50.0439553]]",0,OSM_W660310680
H1,service::00351,service,0.0097998370950559,25.9337313516853,"[[10.2290829,50.0440831],[10.2292099,50.0440501]]",0,OSM_W660310683
H1,service::00352,service,0.0188830636398253,20.215442925089118,"[[10.2286936,50.0438319],[10.2289435,50.0438865]]",0,OSM_W660310685
H1,service::00353,service,0.0142361189944676,20.113679831771233,"[[10.2286942,50.0438011],[10.2288906,50.0437806]]",0,OSM_W660310686
H1,service::00354,service,0.0103435357372295,20.028436758594133,"[[10.228895,50.0436403],[10.2290222,50.0436845]]",0,OSM_W660310687
H1,service::00355,service,0.0140550226550134,26.026925914530754,"[[10.2289348,50.0435782],[10.2291169,50.0436256]]",0,OSM_W660310688
H1,service::00356,service,0.0224420728973414,26.210615148856593,"[[10.2289348,50.0435782],[10.2292112,50.0436736]]",0,OSM_W660310689
H1,service::00357,service,0.0334607511997295,26.45194310090728,"[[10.2290721,50.0440641],[10.2293383,50.0438167]]",0,OSM_W660310690
H1,service::00358,service,0.0384458372181774,110.81476624751937,"[[10.2290721,50.0440641],[10.2295176,50.0438708]]",0,OSM_W660310692
H1,service::00359,service,0.0405570868632419,110.86108404380819,"[[10.2290721,50.0440641],[10.2295901,50.043916]]",0,OSM_W660310693
H1,service::00360,service,0.0434120489507901,110.92371796217749,"[[10.2290829,50.0440831],[10.2296578,50.0439583]]",0,OSM_W660310694
H1,service::00361,service,0.0482059099184087,111.02888898928904,"[[10.2290829,50.0440831],[10.2297544,50.0440478]]",0,OSM_W660310695
H1,service::00362,service,0.0591488933350892,131.60600500531143,"[[10.2290829,50.0440831],[10.2299084,50.0441115]]",0,OSM_W660310696
H1,service::00363,service,0.0641575966478476,27.124268856557396,"[[10.2290829,50.0440831],[10.2299694,50.0441698]]",0,OSM_W660310697
H1,service::00364,service,0.0579933763912951,99.0028597390664,"[[10.2290829,50.0440831],[10.2298672,50.0442147]]",0,OSM_W660310698
H1,service::00365,service,0.0528855107638734,66.31311422299957,"[[10.2290761,50.0440943],[10.2297607,50.0442736]]",0,OSM_W660310699
H1,service::00366,service,0.0482717478504389,98.78963033339686,"[[10.2290761,50.0440943],[10.2296504,50.0443221]]",0,OSM_W660310700
H1,service::00367,service,0.0482975530771434,66.21254943308081,"[[10.2290761,50.0440943],[10.2295916,50.0443747]]",0,OSM_W660310701
H1,service::00368,service,0.0454761871042543,98.72831421649143,"[[10.2290761,50.0440943],[10.2294742,50.0444131]]",0,OSM_W660310702
H1,service::00369,service,0.0429602091642811,26.65999937821716,"[[10.2287913,50.0449409],[10.2291473,50.0446298]]",0,OSM_W660310706
H1,service::00370,service,0.0130804041437697,130.59492388203807,"[[10.22868,50.0448835],[10.2288406,50.0448273]]",0,OSM_W660310709
H1,service::00371,service,0.0100527966573253,112.3280062449546,"[[10.2285527,50.0448256],[10.2285594,50.0447353]]",0,OSM_W660310710
H1,service::00372,service,0.0116439722072947,137.7197518783991,"[[10.2281719,50.0447052],[10.2282939,50.0446359]]",0,OSM_W660310711
H1,service::00373,service,0.01730913226364,26.098195735396448,"[[10.2281819,50.0441886],[10.2279942,50.0440904]]",0,OSM_W660310712
H1,service::00374,service,0.0134434410597827,26.013531394149755,"[[10.2281819,50.0441886],[10.2279943,50.0441819]]",0,OSM_W660310713
H1,service::00375,service,0.0214391063003376,26.188648575097936,"[[10.2286746,50.043787],[10.2285119,50.0436251]]",0,OSM_W660310714
H1,service::00376,service,0.0191421121240207,26.138340798397884,"[[10.2277653,50.043812],[10.2280254,50.0438523]]",0,OSM_W660310715
H1,service::00377,service,0.0084375127951127,25.903894601749265,"[[10.2278139,50.043746],[10.2279042,50.0437948]]",0,OSM_W660310717
H1,service::00378,service,0.0170471925798122,26.092458860835677,"[[10.2278465,50.0436844],[10.2280575,50.0437556]]",0,OSM_W660310718
H1,service::00379,service,0.0098774828554757,25.935431900216823,"[[10.2278465,50.0436844],[10.2279666,50.0437282]]",0,OSM_W660310719
H1,service::00380,service,0.0133427875709823,26.011326938031132,"[[10.2278465,50.0436844],[10.2280328,50.0436791]]",0,OSM_W660310720
H1,service::00381,service,0.0132305528075926,26.00886883557564,"[[10.228037,50.0435293],[10.2281185,50.0436361]]",0,OSM_W660310721
H1,service::00382,service,0.0136004226687296,26.016969517470102,"[[10.228037,50.0435293],[10.2282217,50.0435582]]",0,OSM_W660310722
H1,service::00383,service,0.0206417741851455,26.17118573928589,"[[10.2277078,50.0438558],[10.2277981,50.0440321]]",0,OSM_W660310725
H1,service::00384,service,0.007914012520913,25.892429245104005,"[[10.2277078,50.0438558],[10.2277914,50.0439024]]",0,OSM_W660310726
H1,service::00385,service,0.0130149261580202,26.004146303044568,"[[10.2282396,50.0441113],[10.2280869,50.0440477]]",0,OSM_W660310727
H1,service::00386,service,0.0125410624881665,25.993768012931866,"[[10.2283223,50.0440256],[10.2281764,50.0439631]]",0,OSM_W660310728
H1,service::00387,service,0.0139791621899949,26.025264460377436,"[[10.2284221,50.0439497],[10.2282517,50.0438882]]",0,OSM_W660310729
H1,service::00388,service,0.0152159073682327,26.052350986272693,"[[10.2284221,50.0439497],[10.2283783,50.0438158]]",0,OSM_W660310730
H1,service::00389,service,0.0241926302178434,26.248955201908203,"[[10.2286383,50.0438084],[10.2283658,50.0436796]]",0,OSM_W660310731
H1,service::00390,service,0.01235337417152,25.9896573723309,"[[10.2286383,50.0438084],[10.2285087,50.043735]]",0,OSM_W660310732
H1,service::00391,service,0.0127550884352834,25.99845548585116,"[[10.2286746,50.043787],[10.228587,50.0436871]]",0,OSM_W660310733
H1,service::00392,service,0.0153299644894694,26.054849005296166,"[[10.2286746,50.043787],[10.2286643,50.0436493]]",0,OSM_W660310734
H1,service::00393,service,0.0153086822509557,26.054382892893564,"[[10.228895,50.0436403],[10.2287166,50.0435643]]",0,OSM_W660310735
H1,service::00394,service,0.0129293997801912,26.00227315309081,"[[10.2285947,50.043379],[10.2284538,50.0434518]]",0,OSM_W660310736
H1,service::00395,service,0.0130925460303354,26.00584628934402,"[[10.2281655,50.0431684],[10.2280815,50.043273]]",0,OSM_W660310737
H1,service::00396,service,0.0400178230180323,110.84925335857439,"[[10.2324601,50.0448872],[10.2328052,50.044604]]",0,OSM_W660604765
H1,service::00397,service,0.039571335126512,110.83945805060375,"[[10.2330891,50.0450391],[10.2330555,50.0446839]]",0,OSM_W660604766
H1,service::00398,service,0.0340370268335936,110.71804353032255,"[[10.2330891,50.0450391],[10.2331375,50.0447346]]",0,OSM_W660604767
H1,service::00399,service,0.0320852590373766,110.67522477741058,"[[10.2330891,50.0450391],[10.2332621,50.0447729]]",0,OSM_W660604768
H1,service::00400,service,0.0392325792641546,110.83202623234234,"[[10.2331204,50.0450563],[10.2334799,50.0447899]]",0,OSM_W660604769
H1,service::00401,service,0.0499744877073636,111.06768937891043,"[[10.2331426,50.0450804],[10.2337498,50.0448583]]",0,OSM_W660604770
H1,service::00402,service,0.0735562332690565,111.58504915069769,"[[10.2331204,50.0450563],[10.2339456,50.0446618]]",0,OSM_W660604780
H1,service::00403,service,0.0892808096452499,99.68911510567085,"[[10.2331204,50.0450563],[10.2340387,50.0445127]]",0,OSM_W660604781
H1,service::00404,service,0.07492245557126362,111.61502301858272,"[[10.2339526,50.0436909],[10.2338938,50.0443636]]",0,OSM_W660604795
H1,service::00405,service,0.0717170821977367,111.5446996451221,"[[10.2339526,50.0436909],[10.2337978,50.0443281]]",0,OSM_W660604796
H1,service::00406,service,0.0687364372710688,111.47930681311551,"[[10.2339526,50.0436909],[10.2336967,50.0442867]]",0,OSM_W660604797
H1,service::00407,service,0.0668030686017603,34.04027067827257,"[[10.2339526,50.0436909],[10.2334637,50.0442027]]",0,OSM_W660604798
H1,service::00408,service,0.0324447516587542,110.6831114815058,"[[10.231747,50.0445986],[10.2321162,50.0444292]]",0,OSM_W660604807
H1,service::00409,service,0.0367830724829231,110.77828762828848,"[[10.231747,50.0445986],[10.2322213,50.044471]]",0,OSM_W660604808
H1,service::00410,service,0.0621189006764662,111.3341242558237,"[[10.2333021,50.0434445],[10.2329917,50.0439662]]",0,OSM_W660604818
H1,service::00411,service,0.0381678696041672,110.80866804213865,"[[10.2319423,50.0438534],[10.2324443,50.0437373]]",0,OSM_W660604826
H1,service::00412,service,0.0216718413437814,110.4467718012113,"[[10.2319354,50.0438942],[10.2321737,50.0440145]]",0,OSM_W660604831
H1,service::00413,service,0.0218190009899023,110.45000022343085,"[[10.2316825,50.0442547],[10.2319823,50.0442906]]",0,OSM_W660604835
H1,service::00414,service,0.0268990660413937,26.30823066403036,"[[10.2320023,50.0433222],[10.2319191,50.0435581]]",0,OSM_W660604840
H1,service::00415,service,0.0167531815468131,110.33886534709265,"[[10.2320023,50.0433222],[10.232016,50.0434726]]",0,OSM_W660604843
H1,service::00416,service,0.0261765784411807,26.292406965958403,"[[10.2320023,50.0433222],[10.2321441,50.0435392]]",0,OSM_W660604844
H1,service::00417,service,0.0153645591691198,26.055606679806328,"[[10.2300735,50.0434623],[10.2299915,50.04359]]",0,OSM_W660604882
H1,service::00418,service,0.026613497669778,26.30197623343742,"[[10.2301902,50.0435012],[10.2300268,50.0437162]]",0,OSM_W660604883
H1,service::00419,service,0.0230455378581088,26.223832006596624,"[[10.2300735,50.0434623],[10.2297646,50.043521]]",0,OSM_W660604884
H1,service::00420,service,0.0222496957910512,110.45944890757688,"[[10.2293383,50.0433803],[10.2295338,50.0435359]]",0,OSM_W660604885
H1,service::00421,service,0.0111953570824479,25.96429516885045,"[[10.2300735,50.0434623],[10.2299177,50.0434716]]",0,OSM_W660604886
H1,service::00422,service,0.0147325689708307,26.04176516589799,"[[10.2299189,50.0433154],[10.2298368,50.0434369]]",0,OSM_W660604887
H1,service::00423,service,0.0196095816814799,26.148579107073427,"[[10.2299189,50.0433154],[10.2296451,50.0433232]]",0,OSM_W660604888
H1,service::00424,service,0.0106606930104724,25.952585282066398,"[[10.2299189,50.0433154],[10.2298037,50.0432546]]",0,OSM_W660604889
H1,service::00425,service,0.0162784788863491,32.933531776249545,"[[10.2314839,50.0443266],[10.2314009,50.0444629]]",0,OSM_W661042278
H1,service::00426,service,0.0203538691297195,110.41785784156136,"[[10.231747,50.0445986],[10.231936,50.0447354]]",0,OSM_W661042282
H1,service::00427,service,0.0314506746058086,110.66130299661624,"[[10.231747,50.0445986],[10.2321848,50.0445733]]",0,OSM_W661042283
H1,service::00428,service,0.0220354891836585,110.45474959205146,"[[10.2324601,50.0448872],[10.2326588,50.0447358]]",0,OSM_W661042314
H1,service::00429,service,0.0241874584067507,110.5019600447258,"[[10.2324601,50.0448872],[10.232753,50.0447786]]",0,OSM_W661042315
H1,service::00430,service,0.0236918145681431,110.49108647525898,"[[10.2330891,50.0450391],[10.2330272,50.0448298]]",0,OSM_W661042318
H1,service::00431,service,0.0185761691245411,110.37885832663555,"[[10.2330891,50.0450391],[10.2331385,50.0448751]]",0,OSM_W661042319
H1,service::00432,service,0.0183628067715079,110.37417754751432,"[[10.2330891,50.0450391],[10.2332369,50.0449041]]",0,OSM_W661042320
H1,service::00433,service,0.0358832576873814,110.75854703358164,"[[10.233154,50.0451049],[10.2336545,50.0450844]]",0,OSM_W661042324
H1,service::00434,service,0.0106269950204645,25.951847249400636,"[[10.2279992,50.045641],[10.2280945,50.0457143]]",0,OSM_W661051086
H1,service::00435,service,0.0370267388178195,26.530044840755558,"[[10.2279992,50.045641],[10.2283734,50.045871]]",0,OSM_W661051087
H1,service::00436,service,0.0492601835953081,26.797981801705433,"[[10.2280585,50.0456057],[10.2285059,50.0459424]]",0,OSM_W661051089
H1,service::00437,service,0.0150716573063318,26.04919169771282,"[[10.2295231,50.0464604],[10.2293143,50.0464425]]",0,OSM_W661051098
H1,service::00438,service,0.0108683147416105,25.957132486090856,"[[10.2295231,50.0464604],[10.2293751,50.0464824]]",0,OSM_W661051099
H1,service::00439,service,0.0187380813980611,26.129491901922623,"[[10.2295231,50.0464604],[10.2292809,50.0465245]]",0,OSM_W661051100
H1,service::00440,service,0.0128247046764521,110.25268203781842,"[[10.2292031,50.0466915],[10.229174,50.0465777]]",0,OSM_W661051101
H1,service::00441,service,0.0127437023229351,110.25090500337346,"[[10.2298106,50.0467862],[10.2297225,50.0466866]]",0,OSM_W661051105
H1,service::00442,service,0.0142473320935599,110.28389174303763,"[[10.2302646,50.0469289],[10.2303083,50.0470539]]",0,OSM_W661051106
H1,service::00443,service,0.0231348050178924,26.225787102225677,"[[10.2277606,50.0457873],[10.227974,50.0459436]]",0,OSM_W661051171
H1,service::00444,service,0.0084496019880871,110.15670095425939,"[[10.2302646,50.0469289],[10.2301525,50.0469528]]",0,OSM_W661051172
H1,service::00445,service,0.0114967752659779,110.22354985929493,"[[10.2299052,50.0467511],[10.2299686,50.0468461]]",0,OSM_W661051174
H1,service::00446,service,0.0329745821707627,26.441295116621124,"[[10.2280585,50.0456057],[10.2284958,50.0456993]]",0,OSM_W661881981
H1,service::00447,service,0.015181410810925498,26.051595460884208,"[[10.2280585,50.0456057],[10.2282697,50.0456188]]",0,OSM_W661882000
H1,service::00448,service,0.023961428423633,26.2438915031605,"[[10.2284454,50.0453443],[10.2284001,50.0455578]]",0,OSM_W661882001
H1,service::00449,service,0.0178483134448237,110.36289051010978,"[[10.2284454,50.0453443],[10.2285321,50.0454948]]",0,OSM_W661882002
H1,service::00450,service,0.0214700151812406,110.44234409303216,"[[10.2289531,50.0455846],[10.2286532,50.0455781]]",0,OSM_W661882003
H1,service::00451,service,0.0170651081538788,110.34570843608103,"[[10.2289531,50.0455846],[10.2287237,50.0456266]]",0,OSM_W661882004
H1,service::00452,service,0.0133770262348216,110.26479890432378,"[[10.2289531,50.0455846],[10.2288117,50.0456633]]",0,OSM_W661882005
H1,service::00453,service,0.0136900564620265,110.27166618452465,"[[10.2290564,50.0456469],[10.2288941,50.0457121]]",0,OSM_W661882006
H1,service::00454,service,0.0129864440230506,110.25623028558981,"[[10.2292486,50.0458289],[10.2290671,50.0458294]]",0,OSM_W661882008
H1,service::00455,service,0.0083757539903784,110.15508087865602,"[[10.2292486,50.0458289],[10.2291503,50.0458698]]",0,OSM_W661882010
H1,service::00456,service,0.0104112201651347,110.19973492488731,"[[10.2292486,50.0458289],[10.2292233,50.0459211]]",0,OSM_W661882011
H1,service::00457,service,0.0176114525702909,110.35769421982091,"[[10.2294153,50.0459393],[10.2294961,50.0460889]]",0,OSM_W661882013
H1,service::00458,service,0.0193405069107075,110.39562650443773,"[[10.2298565,50.0461882],[10.229594,50.0461467]]",0,OSM_W661882014
H1,service::00459,service,0.0129575046844727,110.25559541255672,"[[10.2298565,50.0461882],[10.2298602,50.0463047]]",0,OSM_W661882016
H1,service::00460,service,0.0213381346372244,26.186437135128447,"[[10.2295231,50.0464604],[10.2293833,50.0462909]]",0,OSM_W661882027
H1,service::00461,service,0.0141719637332648,26.029487093880164,"[[10.2295231,50.0464604],[10.2294648,50.0463386]]",0,OSM_W661882028
H1,service::00462,service,0.0080298329277737,25.894965866575884,"[[10.2295231,50.0464604],[10.2295127,50.0463885]]",0,OSM_W661882029
H1,service::00463,service,0.0076231192510344,110.13856960172079,"[[10.2295231,50.0464604],[10.2296229,50.0464364]]",0,OSM_W661882030
H1,service::00464,service,0.011065316882958903,110.2140845120219,"[[10.2300605,50.0462982],[10.2300505,50.0463975]]",0,OSM_W661882057
H1,service::00465,service,0.0200094273412696,110.41030140852884,"[[10.2300605,50.0462982],[10.2301485,50.046469]]",0,OSM_W661882058
H1,service::00466,service,0.0257149028217276,110.53546956561387,"[[10.2305279,50.0464308],[10.2301973,50.0465215]]",0,OSM_W661882059
H1,service::00467,service,0.0213712316755559,110.4401769583386,"[[10.2305279,50.0464308],[10.2302907,50.0465476]]",0,OSM_W661882060
H1,service::00468,service,0.0194358709817642,110.3977186191102,"[[10.2306251,50.0465455],[10.2303719,50.0466088]]",0,OSM_W661882061
H1,service::00469,service,0.0181522491660574,110.36955830026788,"[[10.2306251,50.0465455],[10.2304827,50.0466806]]",0,OSM_W661882062
H1,service::00470,service,0.0141217119992646,110.28113587858823,"[[10.2307456,50.0466567],[10.2306107,50.0467494]]",0,OSM_W661882063
H1,service::00471,service,0.0140558326706656,110.27969061232301,"[[10.2308994,50.0467677],[10.2307341,50.046836]]",0,OSM_W661882064
H1,service::00472,service,0.0144920417769042,110.28926020601422,"[[10.2308994,50.0467677],[10.2308193,50.0468874]]",0,OSM_W661882065
H1,service::00473,service,0.0199303808004549,110.40856726998305,"[[10.2308994,50.0467677],[10.2309045,50.0469469]]",0,OSM_W661882066
H1,service::00474,service,0.0181618410489708,110.36976872854841,"[[10.2312672,50.0470163],[10.2310143,50.0470023]]",0,OSM_W661882067
H1,service::00475,service,0.0127625612720441,110.25131873210853,"[[10.2312672,50.0470163],[10.2311044,50.0470632]]",0,OSM_W661882068
H1,service::00476,service,0.0087005560484651,110.1622063791973,"[[10.2302646,50.0469289],[10.230352,50.0468745]]",0,OSM_W661882077
H1,service::00477,service,0.0158015926056215,110.31798926893849,"[[10.2306257,50.0471545],[10.2305897,50.0470143]]",0,OSM_W661882078
H1,service::00478,service,0.0089382252851128,110.16742036305726,"[[10.2306257,50.0471545],[10.2307117,50.0470962]]",0,OSM_W661882079
H1,service::00479,service,0.0102221751111031,110.19558765215717,"[[10.2308375,50.0472869],[10.2308341,50.047195]]",0,OSM_W661882080
H1,service::00480,service,0.0157695726542509,26.06447707420546,"[[10.2277046,50.0463456],[10.2278541,50.0462414]]",0,OSM_W661882081
H1,service::00481,service,0.0123424055788282,110.24210133340073,"[[10.2332534,50.0469729],[10.2334117,50.047017]]",0,OSM_W661882114
H1,service::00482,service,0.012437866504022,110.24419556013267,"[[10.2334068,50.0468623],[10.2334795,50.0469639]]",0,OSM_W661882115
H1,service::00483,service,0.0124693586447871,110.24488643638955,"[[10.2334068,50.0468623],[10.233291,50.0467785]]",0,OSM_W661882158
H1,service::00484,service,0.0122151947998501,110.23931057699866,"[[10.2289531,50.0455846],[10.2290599,50.0454989]]",0,OSM_W662137993
H1,service::00485,service,0.0177833287415368,110.3614648655895,"[[10.2289531,50.0455846],[10.2289312,50.0454253]]",0,OSM_W662137994
H1,service::00486,service,0.0215943645820955,110.44507209833017,"[[10.2285013,50.0453051],[10.228792,50.0453573]]",0,OSM_W662137995
H1,service::00487,service,0.0210536742248874,82.94012502170189,"[[10.2288188,50.0450734],[10.2288695,50.0452599]]",0,OSM_W662137996
H1,service::00488,service,0.0160856296001891,82.8311946035591,"[[10.2288188,50.0450734],[10.2289749,50.0451775]]",0,OSM_W662137997
H1,service::00489,service,0.0185911280930262,82.88613064517531,"[[10.228849,50.0450196],[10.2290813,50.0450945]]",0,OSM_W662137998
H1,service::00490,service,0.0233974445648284,82.99151519915087,"[[10.228849,50.0450196],[10.229176,50.0450211]]",0,OSM_W662137999
H1,service::00491,service,0.0288421471884309,110.60407610310116,"[[10.228849,50.0450196],[10.2292427,50.0449639]]",0,OSM_W662138000
H1,service::00492,service,0.034883905238936,110.73662274931652,"[[10.2288358,50.04498],[10.2293097,50.0449063]]",0,OSM_W662138001
H1,service::00493,service,0.0421719243490837,110.89651132502176,"[[10.2288358,50.04498],[10.2293977,50.0448655]]",0,OSM_W662138002
H1,service::00494,service,0.0503570785895081,111.07608295326746,"[[10.2288358,50.04498],[10.2294763,50.0447923]]",0,OSM_W662138003
H1,service::00495,service,0.0614513877082849,111.31947969264189,"[[10.2288358,50.04498],[10.2295778,50.0447017]]",0,OSM_W662138005
H1,service::00496,service,0.0659727573039484,111.41867416049874,"[[10.2288358,50.04498],[10.2296149,50.0446627]]",0,OSM_W662138006
H1,service::00497,service,0.0700651800509721,111.5084582864085,"[[10.2289098,50.04422],[10.2296711,50.0446163]]",0,OSM_W662138007
H1,service::00498,service,0.0687624179562266,66.66112790426342,"[[10.2290761,50.0440943],[10.2297846,50.0445121]]",0,OSM_W662138010
H1,service::00499,service,0.0786503856861821,132.03402322996624,"[[10.230892,50.0441536],[10.2299567,50.0445252]]",0,OSM_W662138011
H1,service::00500,service,0.07194942193150458,66.73098597964174,"[[10.230892,50.0441536],[10.2300888,50.0445429]]",0,OSM_W662138013
H1,service::00501,service,0.0650973146692405,66.58079028910957,"[[10.2310842,50.0447079],[10.2301765,50.044668]]",0,OSM_W662138016
H1,service::00502,service,0.0650573960908736,85.507119795565,"[[10.2300141,50.0455814],[10.2299876,50.0449966]]",0,OSM_W662138021
H1,service::00503,service,0.0327099214408839,26.43549856808555,"[[10.228849,50.0450196],[10.2292824,50.0451132]]",0,OSM_W662138024
H1,service::00504,service,0.0235893202912412,26.235741726485283,"[[10.2289531,50.0455846],[10.2291288,50.0454051]]",0,OSM_W662138034
H1,service::00505,service,0.023041456553418195,84.58581955968563,"[[10.2309532,50.0441832],[10.2309248,50.0443896]]",0,OSM_W662138057
H1,service::00506,service,0.0352942237926772,110.74562451673248,"[[10.2310842,50.0447079],[10.2307108,50.0445005]]",0,OSM_W662138058
H1,service::00507,service,0.0340254906890781,110.71779044502252,"[[10.2310842,50.0447079],[10.2306667,50.0445614]]",0,OSM_W662138059
H1,service::00508,service,0.0324719855318561,84.79260359375702,"[[10.2310842,50.0447079],[10.2306325,50.0446796]]",0,OSM_W662138061
H1,service::00509,service,0.0419405686907449,110.8914357016413,"[[10.2310842,50.0447079],[10.2305217,50.044814]]",0,OSM_W662138070
H1,service::00510,service,0.0409617368147435,110.86996149445396,"[[10.2309598,50.0451024],[10.2304964,50.0448861]]",0,OSM_W662138071
H1,service::00511,service,0.03941176433652,110.83595729582659,"[[10.2309598,50.0451024],[10.2304672,50.0449438]]",0,OSM_W662138072
H1,service::00512,service,0.0367805697665579,110.77823272240235,"[[10.2309598,50.0451024],[10.2304473,50.0450767]]",0,OSM_W662138073
H1,service::00513,service,0.038320368335476,110.81201364243958,"[[10.2309241,50.0452727],[10.2303989,50.0452052]]",0,OSM_W662138074
H1,service::00514,service,0.0293965280251589,110.61623831560586,"[[10.2305004,50.0455446],[10.2303932,50.0452894]]",0,OSM_W662138075
H1,service::00515,service,0.0200304150726156,110.41076184152342,"[[10.2305004,50.0455446],[10.2303932,50.0453782]]",0,OSM_W662138076
H1,service::00516,service,0.0101712893460176,110.19447131973072,"[[10.2305004,50.0455446],[10.2304551,50.0454579]]",0,OSM_W662138078
H1,service::00517,service,0.0136289794684129,110.27032627278939,"[[10.2304132,50.0455588],[10.230448,50.0456793]]",0,OSM_W662138108
H1,service::00518,service,0.0179105130966554,110.36425505581387,"[[10.2302416,50.0458954],[10.2304382,50.0457957]]",0,OSM_W662138109
H1,service::00519,service,0.0155274719466632,110.31197557857013,"[[10.2302416,50.0458954],[10.2304506,50.0458578]]",0,OSM_W662138110
H1,service::00520,service,0.0163059752223908,110.32905447621869,"[[10.2302595,50.0459859],[10.2304799,50.0459486]]",0,OSM_W662138111
H1,service::00521,service,0.0166317522660427,110.33620141526154,"[[10.2302792,50.0460516],[10.2305109,50.0460396]]",0,OSM_W662138112
H1,service::00522,service,0.0144908868425964,110.28923486895913,"[[10.2303346,50.0461708],[10.2305276,50.0461313]]",0,OSM_W662138113
H1,service::00523,service,0.0161722185184405,110.32612010488306,"[[10.2304112,50.046295],[10.2306239,50.0462458]]",0,OSM_W662138114
H1,service::00524,service,0.0163982426645517,110.33107865112807,"[[10.2305279,50.0464308],[10.2307265,50.0463572]]",0,OSM_W662138115
H1,service::00525,service,0.0181671296874271,110.36988475155596,"[[10.2306251,50.0465455],[10.2307871,50.0464197]]",0,OSM_W662138116
H1,service::00526,service,0.0175524458430509,110.35639972133148,"[[10.2306251,50.0465455],[10.2308587,50.0464973]]",0,OSM_W662138117
H1,service::00527,service,0.0138457651496361,110.2750821338884,"[[10.2311287,50.046535],[10.2309429,50.0465698]]",0,OSM_W662138118
H1,service::00528,service,0.0128186124744808,110.25254838672521,"[[10.2311287,50.046535],[10.2310101,50.0466214]]",0,OSM_W662138119
H1,service::00529,service,0.0158131547170417,110.31824291989271,"[[10.2308994,50.0467677],[10.231095,50.0467015]]",0,OSM_W662138120
H1,service::00530,service,0.0136353325747165,26.017734094752146,"[[10.2235416,50.0495104],[10.2234038,50.0494257]]",0,OSM_W663969456
H1,service::00531,service,0.0103803646287957,25.946445702804162,"[[10.2203076,50.0480275],[10.2202669,50.0479379]]",0,OSM_W664531425
H1,service::00532,service,0.0088189812635858,25.912249275044537,"[[10.2203076,50.0480275],[10.2203961,50.0479723]]",0,OSM_W664531426
H1,service::00533,service,0.0115057246107087,25.971092651874322,"[[10.2206393,50.0477318],[10.2205115,50.0477946]]",0,OSM_W664531429
H1,service::00534,service,0.0174589624679273,26.101477243676314,"[[10.2204461,50.0476459],[10.220401,50.0478002]]",0,OSM_W664531430
H1,service::00535,service,0.0175601424723272,26.103693239176092,"[[10.2201762,50.0476605],[10.2202682,50.0478069]]",0,OSM_W664531431
H1,service::00536,service,0.0130310951833999,26.004500427833317,"[[10.2206665,50.0479795],[10.2205408,50.0480643]]",0,OSM_W664531447
H1,service::00537,service,0.0103942699895544,25.94675024940108,"[[10.220714,50.0481264],[10.2205761,50.0481558]]",0,OSM_W664531448
H1,service::00538,service,0.0273018890962964,26.31705317325286,"[[10.2208178,50.0483066],[10.2204465,50.0483632]]",0,OSM_W664531449
H1,service::00539,service,0.0121379097947223,25.98493839740536,"[[10.2208178,50.0483066],[10.220652,50.0483297]]",0,OSM_W664531450
H1,service::00540,service,0.0133356368672047,26.01117032734487,"[[10.220919,50.0484269],[10.2207606,50.0484901]]",0,OSM_W664531451
H1,service::00541,service,0.012519819145228,25.993302753528067,"[[10.220992,50.0484902],[10.2208335,50.0485379]]",0,OSM_W664531452
H1,service::00542,service,0.03199851484301,26.41991748386163,"[[10.220992,50.0484902],[10.2206769,50.0486944]]",0,OSM_W664531453
H1,service::00543,service,0.0295642200918043,26.36660212274507,"[[10.220992,50.0484902],[10.2206543,50.0486434]]",0,OSM_W664531454
H1,service::00544,service,0.0254251883577724,26.27595026526062,"[[10.220919,50.0484269],[10.2206389,50.0485676]]",0,OSM_W664531455
H1,service::00545,service,0.0368208235461554,26.525534907969273,"[[10.2198195,50.0486974],[10.2202281,50.0484961]]",0,OSM_W664531456
H1,service::00546,service,0.0408316158811868,26.613378969411837,"[[10.2208178,50.0483066],[10.2203069,50.0484702]]",0,OSM_W664531459
H1,service::00547,service,0.0306271733314949,26.389882665088827,"[[10.2198195,50.0486974],[10.2201494,50.0485219]]",0,OSM_W664531460
H1,service::00548,service,0.033780699037621,26.458950541820577,"[[10.2208178,50.0483066],[10.2203947,50.0484414]]",0,OSM_W664531461
H1,service::00549,service,0.0257666445376486,26.283428725884644,"[[10.2198195,50.0486974],[10.220179,50.048711]]",0,OSM_W664531463
H1,service::00550,service,0.0311706060841659,26.401784804876087,"[[10.2198195,50.0486974],[10.2202548,50.0486862]]",0,OSM_W664531464
H1,service::00551,service,0.0367283491418851,26.52350954438049,"[[10.2198195,50.0486974],[10.2203298,50.0486616]]",0,OSM_W664531465
H1,service::00552,service,0.0421380312004721,26.6419920421699,"[[10.2198195,50.0486974],[10.2204012,50.0486382]]",0,OSM_W664531466
H1,service::00553,service,0.0364423347801053,26.517245292304956,"[[10.220919,50.0484269],[10.2204943,50.0486078]]",0,OSM_W664531467
H1,service::00554,service,0.015895770841208,26.067241001803968,"[[10.2203635,50.0492569],[10.220249,50.0491344]]",0,OSM_W664531472
H1,service::00555,service,0.0278902194622398,26.329938613282042,"[[10.220536,50.0491556],[10.2202229,50.0490062]]",0,OSM_W664531473
H1,service::00556,service,0.0155333497907532,26.05930344370666,"[[10.220536,50.0491556],[10.2204042,50.0490446]]",0,OSM_W664531474
H1,service::00557,service,0.0175912168735291,26.10437381571481,"[[10.220536,50.0491556],[10.2204811,50.0490014]]",0,OSM_W664531475
H1,service::00558,service,0.022985442297541,26.222515816404773,"[[10.220536,50.0491556],[10.2205077,50.0489497]]",0,OSM_W664531476
H1,service::00559,service,0.0272134664236431,26.31511656624362,"[[10.220536,50.0491556],[10.2206252,50.0489177]]",0,OSM_W664531477
H1,service::00560,service,0.03407531639247201,26.465403200702188,"[[10.220536,50.0491556],[10.2207086,50.04887]]",0,OSM_W664531478
H1,service::00561,service,0.0336323930539201,26.45570237017397,"[[10.2210828,50.0485582],[10.2207992,50.0487994]]",0,OSM_W664531479
H1,service::00562,service,0.0226016960958874,26.214111154154676,"[[10.2210828,50.0485582],[10.220918,50.0487316]]",0,OSM_W664531480
H1,service::00563,service,0.0134024567262081,26.012633778296227,"[[10.2210828,50.0485582],[10.221022,50.0486722]]",0,OSM_W664531481
H1,service::00564,service,0.0154008564409302,26.056401643620553,"[[10.2216192,50.0486055],[10.2218326,50.0486236]]",0,OSM_W664531483
H1,service::00565,service,0.018097950806959,26.11547206037179,"[[10.2217606,50.0484431],[10.2219501,50.0485509]]",0,OSM_W664531484
H1,service::00566,service,0.0211352330259027,26.181993267809332,"[[10.2217606,50.0484431],[10.2220434,50.048498]]",0,OSM_W664531485
H1,service::00567,service,0.0278302564578892,26.328625320753282,"[[10.2223244,50.0481067],[10.2222868,50.0483558]]",0,OSM_W664531486
H1,service::00568,service,0.0275866824256903,26.323290632841413,"[[10.2223244,50.0481067],[10.2224738,50.0483354]]",0,OSM_W664531487
H1,service::00569,service,0.0299433513151287,26.374905759767397,"[[10.2223244,50.0481067],[10.2225846,50.0483176]]",0,OSM_W664531488
H1,service::00570,service,0.0199700348105411,26.15647359275276,"[[10.2223244,50.0481067],[10.2224918,50.0482504]]",0,OSM_W664531489
H1,service::00571,service,0.0139595374711349,26.02483465060371,"[[10.2235401,50.0486643],[10.2235581,50.0485393]]",0,OSM_W664531497
H1,service::00572,service,0.0296921438181154,26.36940387582806,"[[10.222679,50.0489005],[10.2226073,50.0486375]]",0,OSM_W664531501
H1,service::00573,service,0.0146562613125255,26.040093916579053,"[[10.2231185,50.0487555],[10.222977,50.0486602]]",0,OSM_W664531503
H1,service::00574,service,0.0178727871072546,26.110540631927254,"[[10.222679,50.0489005],[10.2227288,50.048743]]",0,OSM_W664531505
H1,service::00575,service,0.0059410249471615,25.84921822354389,"[[10.2205883,50.0493928],[10.2206257,50.0493451]]",0,OSM_W664531506
H1,service::00576,service,0.0130526100907928,26.004971635094208,"[[10.2205883,50.0493928],[10.2207012,50.0493006]]",0,OSM_W664531507
H1,service::00577,service,0.022544992315471,26.21286924992375,"[[10.220536,50.0491556],[10.2208335,50.0492224]]",0,OSM_W664531508
H1,service::00578,service,0.0326182543899067,26.43349089423072,"[[10.220536,50.0491556],[10.2209901,50.0491297]]",0,OSM_W664531509
H1,service::00579,service,0.0379544737795861,26.550363996054866,"[[10.2212938,50.0487071],[10.2211487,50.0490354]]",0,OSM_W664531510
H1,service::00580,service,0.0270445820466,26.311417711391968,"[[10.2212938,50.0487071],[10.221291,50.0489503]]",0,OSM_W664531511
H1,service::00581,service,0.0209526765003396,26.177994990828726,"[[10.2212938,50.0487071],[10.2213959,50.0488837]]",0,OSM_W664531512
H1,service::00582,service,0.0328199502536137,26.437908397872956,"[[10.2212938,50.0487071],[10.2215707,50.0489424]]",0,OSM_W664531513
H1,service::00583,service,0.0322633974347985,26.425718887985727,"[[10.2222184,50.0490561],[10.2217675,50.0490533]]",0,OSM_W664531514
H1,service::00584,service,0.0293885955694271,26.362755639404845,"[[10.2222184,50.0490561],[10.2218139,50.049102]]",0,OSM_W664531515
H1,service::00585,service,0.0223955779974191,26.209596835708034,"[[10.2224715,50.0492559],[10.2221622,50.0492868]]",0,OSM_W664531522
H1,service::00586,service,0.0315851609886842,26.410864295308087,"[[10.2161932,50.0481868],[10.2157596,50.0482401]]",0,OSM_W664930125
H1,service::00587,service,0.0195973158845966,26.148310467035813,"[[10.2161932,50.0481868],[10.2160153,50.0483208]]",0,OSM_W664930169
H1,service::00588,service,0.0147121781734376,26.04131857760212,"[[10.2161932,50.0481868],[10.2159974,50.0482272]]",0,OSM_W664930170
H1,service::00589,service,0.0288722053936976,26.351445797342603,"[[10.2161932,50.0481868],[10.2165875,50.0481316]]",0,OSM_W664930181
H1,service::00590,service,0.0132399831190444,26.009075372926453,"[[10.2180496,50.0496485],[10.2180795,50.049766]]",0,OSM_W665188996
H1,service::00591,service,0.0158135818472727,26.065440940816913,"[[10.2180496,50.0496485],[10.2179198,50.0497636]]",0,OSM_W665188997
H1,service::00592,service,0.0159430821975901,26.068277190806725,"[[10.2177753,50.0496483],[10.2177043,50.0495124]]",0,OSM_W665189090
H1,service::00593,service,0.0150344460111036,26.048376715670607,"[[10.2177753,50.0496483],[10.2177764,50.0495131]]",0,OSM_W665189091
H1,service::00594,service,0.0158469204649258,26.06617110602337,"[[10.2177753,50.0496483],[10.2178485,50.0495138]]",0,OSM_W665189093
H1,service::00595,service,0.0162102118047199,26.07412772691958,"[[10.216797,50.04889],[10.2166072,50.0489696]]",0,OSM_W665189110
H1,service::00596,service,0.0159510196884344,26.068451033654377,"[[10.2162652,50.0488889],[10.2164142,50.0489956]]",0,OSM_W665189114
H1,service::00597,service,0.0173676856016219,26.09947814208267,"[[10.2162652,50.0488889],[10.2160935,50.0489993]]",0,OSM_W856063479
H1,service::00598,service,0.0219404959007733,26.199629807444776,"[[10.2162652,50.0488889],[10.216012,50.0490002]]",0,OSM_W856063480
H1,service::00599,service,0.0378908353347553,142.36278785379656,"[[10.2272172,50.0467303],[10.2276388,50.0469365]]",0,OSM_W92966229
